volume,close,high,low,open,date,adjclose
16318000,185.69000244140625,186.30999755859375,182.52999877929688,183.55999755859375,2024-10-10,182.5293426513672
23070000,181.47999572753906,182.58999633789062,177.39999389648438,181.13999938964844,2024-10-11,178.39097595214844
17195800,182.30999755859375,184.9499969482422,180.1300048828125,183.3000030517578,2024-10-14,179.20684814453125
27657500,175.97999572753906,181.6999969482422,173.3699951171875,180.7899932861328,2024-10-15,172.98460388183594
15285100,176.82000732421875,179.25,175.3300018310547,178.50999450683594,2024-10-16,173.81031799316406
25232400,181.52999877929688,185.50999450683594,180.69000244140625,181.3699951171875,2024-10-17,178.4401397705078
17835200,179.88999938964844,182.7100067138672,178.67999267578125,182.32000732421875,2024-10-18,176.8280792236328
13695100,179.99000549316406,181.72000122070312,178.25,179.3800048828125,2024-10-21,176.9263458251953
12062600,179.3800048828125,180.69000244140625,177.41000366210938,178.66000366210938,2024-10-22,176.3267364501953
19513700,173.50999450683594,178.97999572753906,172.57000732421875,177.58999633789062,2024-10-23,170.55665588378906
20485200,171.35000610351562,174.3000030517578,169.5,174.25999450683594,2024-10-24,168.43341064453125
19977700,173.0,176.8000030517578,172.72000122070312,174.19000244140625,2024-10-25,170.05531311035156
13195800,172.02000427246094,173.97000122070312,171.35000610351562,173.0,2024-10-28,169.09202575683594
23702300,179.24000549316406,180.22999572753906,171.2100067138672,172.44000244140625,2024-10-29,176.18910217285156
17911500,176.63999938964844,179.19000244140625,175.6199951171875,177.47000122070312,2024-10-30,173.63336181640625
26086600,169.77000427246094,174.4499969482422,167.3800048828125,174.4499969482422,2024-10-31,166.88027954101562
17847000,168.9199981689453,171.3300018310547,167.5,168.25999450683594,2024-11-01,166.04476928710938
13621300,168.5500030517578,172.4499969482422,168.4199981689453,169.27999877929688,2024-11-04,165.6811065673828
13441800,173.89999389648438,174.39999389648438,170.0500030517578,170.0500030517578,2024-11-05,170.94000244140625
24300800,179.5500030517578,180.2100067138672,175.9600067138672,179.6300048828125,2024-11-06,176.49383544921875
18970600,183.80999755859375,184.8699951171875,181.7899932861328,181.99000549316406,2024-11-07,180.6813201904297
13503200,183.63999938964844,185.0500030517578,181.8300018310547,182.99000549316406,2024-11-08,180.5142059326172
17036700,178.91000366210938,183.6300048828125,176.82000732421875,183.39999389648438,2024-11-11,175.86474609375
15862000,176.22000122070312,179.55999755859375,173.1999969482422,178.89999389648438,2024-11-12,173.2205047607422
17472500,173.5800018310547,175.58999633789062,172.60000610351562,174.7100067138672,2024-11-13,170.6254425048828
20638900,170.3800048828125,175.57000732421875,169.8699951171875,174.77000427246094,2024-11-14,167.47991943359375
20836200,164.83999633789062,169.13999938964844,163.42999267578125,168.47000122070312,2024-11-15,162.0341796875
17856900,165.6699981689453,166.35000610351562,162.22000122070312,165.66000366210938,2024-11-18,162.85008239746094
18003400,165.35000610351562,166.8000030517578,164.30999755859375,166.66000366210938,2024-11-19,162.53555297851562
17196700,163.25,165.5399932861328,160.86000061035156,165.5399932861328,2024-11-20,160.47129821777344
24835300,163.94000244140625,166.33999633789062,160.60000610351562,166.25,2024-11-21,161.1495361328125
17332500,164.22999572753906,164.91000366210938,162.39999389648438,164.3000030517578,2024-11-22,161.43460083007812
26850600,164.82000732421875,167.22999572753906,162.88999938964844,165.39999389648438,2024-11-25,162.01455688476562
16308800,164.74000549316406,166.3699951171875,162.69000244140625,164.60000610351562,2024-11-26,161.93594360351562
19722700,159.6699981689453,163.1999969482422,157.5399932861328,163.1999969482422,2024-11-27,156.95220947265625
11024000,162.0800018310547,162.69000244140625,159.0800018310547,159.57000732421875,2024-11-29,159.32118225097656
21472400,166.50999450683594,168.3800048828125,162.75,162.9499969482422,2024-12-02,163.67579650878906
17024400,168.14999389648438,168.27000427246094,164.02999877929688,164.47999572753906,2024-12-03,165.28785705566406
32748200,170.55999755859375,175.38999938964844,168.55999755859375,173.44000244140625,2024-12-04,167.65682983398438
18490000,170.47000122070312,172.39999389648438,169.1999969482422,170.75,2024-12-05,167.56837463378906
27830800,179.52999877929688,180.67999267578125,169.3300018310547,170.10000610351562,2024-12-06,176.47415161132812
20886300,178.94000244140625,180.7899932861328,176.02000427246094,178.9499969482422,2024-12-09,175.89422607421875
27762600,171.80999755859375,178.5,169.72999572753906,177.80999755859375,2024-12-10,168.88555908203125
41295200,183.1999969482422,184.8699951171875,176.42999267578125,180.00999450683594,2024-12-11,180.0817108154297
46967200,180.66000366210938,182.0,175.99000549316406,180.92999267578125,2024-12-12,177.58494567871094
121336600,224.8000030517578,228.6999969482422,211.11000061035156,213.89999389648438,2024-12-13,220.9736328125
111623200,250.0,251.8800048828125,230.80999755859375,231.7899932861328,2024-12-16,245.7446746826172
70382100,240.22999572753906,242.47000122070312,233.8000030517578,240.64999389648438,2024-12-17,236.14096069335938
53960100,223.6199951171875,239.85000610351562,219.22000122070312,239.41000366210938,2024-12-18,219.81370544433594
40845200,218.32000732421875,228.0500030517578,217.5800018310547,227.91000366210938,2024-12-19,214.6039276123047
131910400,220.7899932861328,230.2899932861328,218.91000366210938,220.36000061035156,2024-12-20,217.03187561035156
40643800,232.35000610351562,233.39999389648438,225.1300048828125,226.69000244140625,2024-12-23,229.007080078125
22827200,239.67999267578125,240.22999572753906,234.8000030517578,240.1199951171875,2024-12-24,236.23159790039062
28459000,245.36000061035156,247.27999877929688,237.60000610351562,240.0,2024-12-26,241.8298797607422
29282200,241.75,245.77999877929688,236.35000610351562,245.63999938964844,2024-12-27,238.27183532714844
27316800,235.5800018310547,238.77000427246094,231.6199951171875,234.6999969482422,2024-12-30,232.1905975341797
17927700,231.83999633789062,237.4600067138672,231.30999755859375,235.8800048828125,2024-12-31,228.50439453125
31525800,231.97999572753906,239.5,230.24000549316406,236.16000366210938,2025-01-02,228.6423797607422
24973200,232.5500030517578,236.49000549316406,229.0,233.58999633789062,2025-01-03,229.2041778564453
34028400,236.41000366210938,241.75,233.3000030517578,236.5,2025-01-06,233.00863647460938
25928600,228.63999938964844,239.5,227.60000610351562,239.5,2025-01-07,225.35043334960938
18756500,229.30999755859375,232.47000122070312,226.05999755859375,229.6999969482422,2025-01-08,226.0107879638672
23864000,224.30999755859375,227.8300018310547,221.25,227.3000030517578,2025-01-10,221.08274841308594
23772100,225.2899932861328,229.25999450683594,219.50999450683594,219.99000549316406,2025-01-13,222.0486602783203
18143100,224.6999969482422,230.25999450683594,223.10000610351562,226.57000732421875,2025-01-14,221.46710205078125
21745600,228.0,230.33999633789062,225.5800018310547,228.5500030517578,2025-01-15,224.7196502685547
23471900,229.41000366210938,238.60000610351562,229.2100067138672,235.22000122070312,2025-01-16,226.109375
31196600,237.44000244140625,238.10000610351562,232.66000366210938,237.0800018310547,2025-01-17,234.0238494873047
30903200,240.30999755859375,242.75,237.39999389648438,241.5,2025-01-21,236.8525390625
29610500,240.91000366210938,246.99000549316406,240.69000244140625,246.75,2025-01-22,237.44390869140625
17653900,240.27999877929688,240.39999389648438,236.1199951171875,238.41000366210938,2025-01-23,236.82298278808594
25387800,244.6999969482422,249.58999633789062,241.91000366210938,244.6999969482422,2025-01-24,241.17938232421875
90569400,202.1300048828125,218.42999267578125,196.22999572753906,213.39999389648438,2025-01-27,199.2218475341797
50316000,207.36000061035156,209.9499969482422,198.88999938964844,208.00999450683594,2025-01-28,204.37660217285156
32533700,206.35000610351562,211.4499969482422,202.77000427246094,208.83999633789062,2025-01-29,203.38113403320312
42449500,215.66000366210938,221.9600067138672,213.6999969482422,218.57000732421875,2025-01-30,212.5572052001953
41104700,221.27000427246094,226.8000030517578,216.3000030517578,219.66000366210938,2025-01-31,218.08648681640625
24507300,217.72999572753906,220.94000244140625,213.50999450683594,215.4600067138672,2025-02-03,214.59739685058594
23768500,222.42999267578125,223.02999877929688,215.3000030517578,219.35000610351562,2025-02-04,219.22976684570312
29196000,232.0,237.92999267578125,227.5,233.94000244140625,2025-02-05,228.66209411621094
21169500,231.36000061035156,234.8000030517578,228.55999755859375,234.5,2025-02-06,228.03131103515625
22117500,224.8699951171875,235.64999389648438,224.11000061035156,235.0,2025-02-07,221.63470458984375
23901600,235.0399932861328,235.82000732421875,227.1199951171875,227.42999267578125,2025-02-10,231.65835571289062
18476200,235.0399932861328,237.88999938964844,229.97000122070312,232.47999572753906,2025-02-11,231.65835571289062
16397300,236.35000610351562,236.47999572753906,230.0,230.36000061035156,2025-02-12,232.9495086669922
20962000,235.8000030517578,236.9499969482422,230.72999572753906,236.05999755859375,2025-02-13,232.4074249267578
16988800,233.0399932861328,235.74000549316406,228.89999389648438,234.52999877929688,2025-02-14,229.6871337890625
26080500,228.52999877929688,232.1999969482422,224.3000030517578,230.10000610351562,2025-02-18,225.24200439453125
16375500,228.72999572753906,229.07000732421875,224.39999389648438,227.85000610351562,2025-02-19,225.43914794921875
16104000,226.74000549316406,228.97999572753906,222.75,228.64999389648438,2025-02-20,223.47779846191406
24883600,218.66000366210938,227.75,215.6300048828125,225.64999389648438,2025-02-21,215.5140380859375
33050400,207.92999267578125,219.47999572753906,207.5399932861328,218.60000610351562,2025-02-24,204.9384002685547
33100800,202.5399932861328,208.63999938964844,200.9199981689453,207.0,2025-02-25,199.62594604492188
21368300,212.94000244140625,213.5399932861328,206.0,206.91000366210938,2025-02-26,209.87631225585938
27572900,197.8000030517578,219.25,197.39999389648438,217.27999877929688,2025-02-27,194.9541778564453
39747200,199.42999267578125,201.19000244140625,193.14999389648438,195.75999450683594,2025-02-28,196.56068420410156
37435600,187.3699951171875,204.05999755859375,184.52999877929688,204.0,2025-03-03,184.67420959472656
37910500,187.47999572753906,193.9499969482422,180.47999572753906,189.22000122070312,2025-03-04,184.78260803222656
25644500,191.5800018310547,194.0800018310547,187.10000610351562,191.86000061035156,2025-03-05,188.8236541748047
56864100,179.4499969482422,186.8300018310547,177.61000061035156,181.0399932861328,2025-03-06,176.86814880371094
74528900,194.9600067138672,195.47999572753906,181.55999755859375,187.72999572753906,2025-03-07,192.15499877929688
44217100,184.4499969482422,191.97999572753906,180.42999267578125,189.60000610351562,2025-03-10,181.79623413085938
42153200,190.08999633789062,195.6199951171875,185.35000610351562,188.0500030517578,2025-03-11,187.35507202148438
30409700,194.22999572753906,199.97999572753906,192.4499969482422,196.22000122070312,2025-03-12,191.43551635742188
27236100,191.36000061035156,196.32000732421875,189.47000122070312,193.14999389648438,2025-03-13,188.60679626464844
25900900,195.5399932861328,197.5,193.1999969482422,196.1999969482422,2025-03-14,192.72666931152344
26830600,194.5,196.72000122070312,187.5,188.0500030517578,2025-03-17,191.70162963867188
24951000,188.6699981689453,192.88999938964844,186.89999389648438,190.44000244140625,2025-03-18,185.9555206298828
37962700,195.57000732421875,198.27000427246094,186.89999389648438,189.33999633789062,2025-03-19,192.75624084472656
31430000,190.5399932861328,193.83999633789062,188.94000244140625,191.52000427246094,2025-03-20,188.36685180664062
43086500,191.66000366210938,192.07000732421875,187.3699951171875,188.2100067138672,2025-03-21,189.47412109375
33180300,191.25,196.69000244140625,190.6699981689453,194.3000030517578,2025-03-24,189.0687713623047
23417300,188.25999450683594,191.60000610351562,187.67999267578125,190.88999938964844,2025-03-25,186.11288452148438
30578500,179.27000427246094,188.05999755859375,177.5800018310547,186.66000366210938,2025-03-26,177.22540283203125
32151700,171.99000549316406,178.3800048828125,170.4600067138672,177.66000366210938,2025-03-27,170.0284423828125
30391500,169.1199951171875,173.3000030517578,166.47000122070312,171.92999267578125,2025-03-28,167.19117736816406
35656400,167.42999267578125,167.94000244140625,160.6199951171875,164.49000549316406,2025-03-31,165.5204315185547
20472400,168.52000427246094,168.7100067138672,163.4199981689453,166.3699951171875,2025-04-01,166.5980224609375
19523700,172.08999633789062,173.42999267578125,165.5,166.0800018310547,2025-04-02,170.12730407714844
44354900,154.00999450683594,163.42999267578125,153.6999969482422,160.5399932861328,2025-04-03,152.2534942626953
72302200,146.2899932861328,152.8000030517578,139.1699981689453,148.1699981689453,2025-04-04,144.6215362548828
68503500,154.13999938964844,160.42999267578125,138.10000610351562,144.49000549316406,2025-04-07,152.3820037841797
58888200,156.02999877929688,169.77999877929688,153.08999633789062,167.6199951171875,2025-04-08,154.25045776367188
72708300,185.14999389648438,187.3300018310547,157.50999450683594,160.5,2025-04-09,183.038330078125
51212200,172.3000030517578,176.9499969482422,166.39999389648438,175.3000030517578,2025-04-10,170.33489990234375
33964100,181.94000244140625,182.66000366210938,173.30999755859375,173.6199951171875,2025-04-11,179.86497497558594
25748300,178.36000061035156,186.0,175.82000732421875,185.0800018310547,2025-04-14,176.32579040527344
17242400,178.9499969482422,182.25999450683594,178.0800018310547,179.72999572753906,2025-04-15,176.90904235839844
34638600,174.61000061035156,176.0800018310547,166.9199981689453,170.42999267578125,2025-04-16,172.61854553222656
22501800,170.99000549316406,176.25,169.9199981689453,176.25,2025-04-17,169.03985595703125
23469800,166.2100067138672,168.0,161.61000061035156,166.99000549316406,2025-04-21,164.3143768310547
18504900,169.5800018310547,170.52000427246094,165.22000122070312,167.42999267578125,2025-04-22,167.6459197998047
24380500,176.91000366210938,180.4499969482422,175.82000732421875,177.77999877929688,2025-04-23,174.89234924316406
27576900,188.14999389648438,188.57000732421875,178.3000030517578,179.69000244140625,2025-04-24,186.00413513183594
21242300,192.30999755859375,193.3699951171875,186.88999938964844,186.9199981689453,2025-04-25,190.11668395996094
16385800,192.47000122070312,193.10000610351562,187.67999267578125,190.52999877929688,2025-04-28,190.27487182617188
14630000,191.1699981689453,193.25,190.10000610351562,191.72000122070312,2025-04-29,188.9897003173828
22768900,192.47000122070312,193.1999969482422,184.02000427246094,185.89999389648438,2025-04-30,190.27487182617188
24939700,197.3300018310547,201.39999389648438,196.24000549316406,198.13999938964844,2025-05-01,195.07943725585938
17766800,203.63999938964844,205.67999267578125,201.0800018310547,203.89999389648438,2025-05-02,201.31747436523438
14025400,200.72000122070312,203.22999572753906,200.0,200.25,2025-05-05,198.4307861328125
16348800,200.08999633789062,201.91000366210938,195.94000244140625,196.44000244140625,2025-05-06,197.80795288085938
20253700,204.80999755859375,206.22999572753906,198.42999267578125,199.2899932861328,2025-05-07,202.47412109375
18460900,207.77000427246094,211.16000366210938,203.69000244140625,208.0,2025-05-08,205.40037536621094
13289200,208.1999969482422,209.9600067138672,206.52000427246094,209.3300018310547,2025-05-09,205.82545471191406
25437700,221.5800018310547,221.8000030517578,215.8800048828125,219.49000549316406,2025-05-12,219.05287170410156
28790500,232.4199981689453,235.27999877929688,222.0,222.0,2025-05-13,229.76922607421875
19751400,232.1199951171875,233.5,228.35000610351562,230.22999572753906,2025-05-14,229.47264099121094
18803700,232.63999938964844,234.4600067138672,228.07000732421875,230.16000366210938,2025-05-15,229.98672485351562
23094600,228.61000061035156,232.63999938964844,226.38999938964844,232.32000732421875,2025-05-16,226.00267028808594
15355500,230.6300048828125,231.25,221.60000610351562,221.85000610351562,2025-05-19,227.99966430664062
11787200,231.67999267578125,231.77000427246094,226.33999633789062,226.49000549316406,2025-05-20,229.03765869140625
17642900,229.72999572753906,236.5,227.8300018310547,228.38999938964844,2025-05-21,227.1099090576172
14340200,230.52999877929688,233.69000244140625,227.42999267578125,228.33999633789062,2025-05-22,227.90078735351562
15385600,228.72000122070312,230.64999389648438,226.17999267578125,226.94000244140625,2025-05-23,226.11143493652344
17941700,235.64999389648438,236.47999572753906,231.1300048828125,232.8699951171875,2025-05-27,232.96240234375
20443000,239.42999267578125,240.99000549316406,234.42999267578125,237.14999389648438,2025-05-28,236.6992950439453
20743700,241.97000122070312,246.07000732421875,237.39999389648438,245.91000366210938,2025-05-29,239.21031188964844
27088600,242.07000732421875,243.1699981689453,234.89999389648438,241.22000122070312,2025-05-30,239.3091583251953
19197000,248.7100067138672,250.0,243.19000244140625,243.25,2025-06-02,245.87342834472656
30380200,256.8500061035156,257.8800048828125,249.39999389648438,250.0800018310547,2025-06-03,253.92062377929688
31536000,261.0799865722656,265.42999267578125,257.5899963378906,258.05999755859375,2025-06-04,258.10235595703125
41970900,259.92999267578125,264.8900146484375,259.05999755859375,262.95001220703125,2025-06-05,256.96551513671875
41146700,246.92999267578125,255.32000732421875,246.1300048828125,251.13999938964844,2025-06-06,244.11373901367188
25334100,244.27999877929688,248.1699981689453,241.11000061035156,245.0500030517578,2025-06-09,241.4939727783203
25491300,244.6300048828125,246.27999877929688,241.39999389648438,244.22000122070312,2025-06-10,241.83998107910156
24599000,252.91000366210938,254.77000427246094,243.8000030517578,246.36000061035156,2025-06-11,250.0255584716797
20410900,256.07000732421875,257.8900146484375,249.5,250.19000244140625,2025-06-12,253.14950561523438
19028400,248.6999969482422,254.0,248.35000610351562,250.66000366210938,2025-06-13,245.86355590820312
20363000,252.10000610351562,255.19000244140625,249.57000732421875,250.35000610351562,2025-06-16,249.2247772216797
22014300,249.3699951171875,253.9600067138672,247.9199981689453,250.9499969482422,2025-06-17,246.5259246826172
30435500,251.25999450683594,255.63999938964844,249.41000366210938,250.88999938964844,2025-06-18,248.39434814453125
42134900,249.99000549316406,253.52000427246094,244.1699981689453,253.2100067138672,2025-06-20,247.72055053710938
19747000,253.77000427246094,254.2100067138672,246.4600067138672,249.11000061035156,2025-06-23,251.4662322998047
32764900,263.7699890136719,265.8699951171875,258.7699890136719,258.7699890136719,2025-06-24,261.3754577636719
18894200,264.6499938964844,269.8699951171875,263.42999267578125,266.0,2025-06-25,262.2474670410156
23569600,270.1700134277344,271.6700134277344,264.1300048828125,265.0799865722656,2025-06-26,267.71734619140625
27477600,269.3500061035156,271.8500061035156,266.8800048828125,270.29998779296875,2025-06-27,266.90484619140625
24708400,275.6499938964844,277.7099914550781,272.1300048828125,274.7300109863281,2025-06-30,273.1475524902344
28847600,264.739990234375,274.5,262.6600036621094,274.3999938964844,2025-07-01,262.3366394042969
17582100,269.8999938964844,272.0,262.7300109863281,263.989990234375,2025-07-02,267.44976806640625
10592700,275.17999267578125,275.79998779296875,270.1199951171875,270.7300109863281,2025-07-03,272.68182373046875
16760600,274.17999267578125,277.55999755859375,272.6600036621094,275.1300048828125,2025-07-07,271.69091796875
14869400,271.79998779296875,276.3500061035156,271.1499938964844,276.3500061035156,2025-07-08,269.33251953125
20133000,277.8999938964844,279.45001220703125,272.7200012207031,272.9599914550781,2025-07-09,275.3771667480469
17891600,275.3999938964844,281.17999267578125,272.70001220703125,279.7900085449219,2025-07-10,272.8998718261719
14274700,274.3800048828125,276.4700012207031,271.8900146484375,274.1400146484375,2025-07-11,271.8891296386719
11934200,275.6000061035156,278.3599853515625,269.5799865722656,274.1300048828125,2025-07-14,273.0980224609375
17918400,280.94000244140625,283.3599853515625,277.8500061035156,279.80999755859375,2025-07-15,278.3895568847656
15031000,280.80999755859375,281.510009765625,275.6700134277344,280.1099853515625,2025-07-16,278.2607421875
17231100,286.45001220703125,288.2799987792969,279.9100036621094,281.1400146484375,2025-07-17,283.8495178222656
15012400,283.3399963378906,287.5299987792969,281.0,287.1099853515625,2025-07-18,280.7677917480469
17726800,288.2099914550781,290.5400085449219,283.6300048828125,283.9599914550781,2025-07-21,285.59356689453125
16564800,278.5899963378906,288.0,276.42999267578125,287.6499938964844,2025-07-22,276.0608825683594
20556200,283.69000244140625,284.0,273.0,276.7799987792969,2025-07-23,281.1145935058594
16413800,288.7099914550781,291.20001220703125,283.5,289.7900085449219,2025-07-24,286.08905029296875
12476200,290.17999267578125,292.5899963378906,287.2699890136719,288.07000732421875,2025-07-25,287.545654296875
13683400,294.29998779296875,295.45001220703125,290.5899963378906,292.4599914550781,2025-07-28,291.62823486328125
19210800,297.4200134277344,302.19000244140625,294.8699951171875,297.5,2025-07-29,294.719970703125
16738900,302.6199951171875,303.260009765625,295.79998779296875,297.1499938964844,2025-07-30,299.8727111816406
25488500,293.70001220703125,306.95001220703125,290.2300109863281,302.79998779296875,2025-07-31,291.0337219238281
21428100,288.6400146484375,292.6400146484375,281.6099853515625,286.5400085449219,2025-08-01,286.0196838378906
17164600,297.7200012207031,298.4800109863281,291.3999938964844,292.20001220703125,2025-08-04,295.0172424316406
18477500,292.92999267578125,301.20001220703125,291.45001220703125,297.80999755859375,2025-08-05,290.2707214355469
17392100,301.6700134277344,302.80999755859375,291.8999938964844,292.8999938964844,2025-08-06,298.931396484375
16319400,303.760009765625,310.3399963378906,299.8800048828125,306.1700134277344,2025-08-07,301.0024108886719
12458700,304.9700012207031,307.8699951171875,302.54998779296875,304.04998779296875,2025-08-08,302.201416015625
12396400,303.8999938964844,308.30999755859375,301.2900085449219,305.04998779296875,2025-08-11,301.1411437988281
17609600,312.8299865722656,313.44000244140625,304.6700134277344,306.6300048828125,2025-08-12,309.9900207519531
17371200,309.0899963378906,317.3500061035156,304.75,316.75,2025-08-13,306.2840270996094
15717600,311.2300109863281,314.1700134277344,307.0,307.010009765625,2025-08-14,308.40460205078125
22806900,306.3399963378906,311.5,299.760009765625,311.0299987792969,2025-08-15,303.5589599609375
14724700,305.760009765625,306.1700134277344,299.0,302.70001220703125,2025-08-18,302.9842529296875
20149600,294.9100036621094,302.8999938964844,292.3900146484375,302.4200134277344,2025-08-19,292.2327575683594
23600500,291.1700134277344,295.489990234375,281.8699951171875,295.4599914550781,2025-08-20,288.5267028808594
14946300,289.6000061035156,292.3900146484375,286.1700134277344,290.05999755859375,2025-08-21,286.970947265625
16301300,294.0,300.0899963378906,289.010009765625,291.75,2025-08-22,291.3310241699219
15124700,294.2300109863281,298.3999938964844,291.7099914550781,292.80999755859375,2025-08-25,291.5589294433594
25689100,298.010009765625,300.25,293.989990234375,294.3500061035156,2025-08-26,295.3045959472656
13830300,300.25,301.17999267578125,293.7799987792969,297.5299987792969,2025-08-27,297.5242614746094
18907100,308.6499938964844,311.0,302.3299865722656,302.92999267578125,2025-08-28,305.8479919433594
21610700,297.3900146484375,307.010009765625,293.6600036621094,307.010009765625,2025-08-29,294.69024658203125
19693000,298.239990234375,298.7099914550781,287.1700134277344,289.3399963378906,2025-09-02,295.53253173828125
18529400,302.3900146484375,304.45001220703125,296.3999938964844,302.2900085449219,2025-09-03,299.64483642578125
31220800,306.1000061035156,308.7799987792969,302.25,305.05999755859375,2025-09-04,303.3211669921875
78401600,334.8900146484375,356.3399963378906,331.4200134277344,355.7799987792969,2025-09-05,331.8497619628906
43535600,345.6499938964844,354.1700134277344,341.25,342.75,2025-09-08,342.5121154785156
26972300,336.6700134277344,350.9800109863281,335.8299865722656,349.54998779296875,2025-09-09,333.6136779785156
51086800,369.57000732421875,372.9700012207031,350.54998779296875,351.5199890136719,2025-09-10,366.2149353027344
29430900,359.6300048828125,374.2300109863281,358.760009765625,371.17999267578125,2025-09-11,356.36517333984375
31949800,359.8699951171875,364.3900146484375,357.1600036621094,362.9100036621094,2025-09-12,356.60302734375
21792200,364.0899963378906,365.5,356.3399963378906,359.8699951171875,2025-09-15,360.78472900390625
21306500,360.0,365.69000244140625,356.989990234375,365.42999267578125,2025-09-16,356.73187255859375
45197100,346.1700134277344,359.92999267578125,341.5,358.8500061035156,2025-09-17,343.0273742675781
24663900,345.3500061035156,350.70001220703125,343.7900085449219,350.0,2025-09-18,342.2148742675781
41240100,344.94000244140625,346.2699890136719,336.42999267578125,344.6499938964844,2025-09-19,341.8085632324219
28660000,338.7900085449219,346.6700134277344,337.94000244140625,342.42999267578125,2025-09-22,336.2895812988281
21944100,338.94000244140625,345.2200012207031,337.0199890136719,340.239990234375,2025-09-23,336.4384765625
19677300,339.30999755859375,340.0799865722656,333.80999755859375,339.760009765625,2025-09-24,336.8057556152344
21678200,336.1000061035156,338.05999755859375,327.29998779296875,332.989990234375,2025-09-25,333.61944580078125
15464700,334.5299987792969,339.0799865722656,330.5799865722656,337.42999267578125,2025-09-26,332.06103515625
21336000,327.8999938964844,341.04998779296875,327.54998779296875,336.0,2025-09-29,325.4799499511719
20109500,329.9100036621094,331.04998779296875,324.6099853515625,330.1199951171875,2025-09-30,327.4751281738281
21122700,333.3900146484375,337.95001220703125,324.5,328.1499938964844,2025-10-01,330.929443359375
19917600,338.17999267578125,347.6099853515625,335.25,347.6099853515625,2025-10-02,335.68408203125
14749100,338.3699951171875,344.3999938964844,335.739990234375,341.5,2025-10-03,335.8726806640625
18465700,335.489990234375,344.1300048828125,334.55999755859375,335.9200134277344,2025-10-06,333.0139465332031
18086700,336.4100036621094,338.1099853515625,326.5799865722656,337.0299987792969,2025-10-07,333.9271545410156
21478300,345.5,346.5400085449219,332.6199951171875,333.82000732421875,2025-10-08,342.9500427246094
17643700,345.0199890136719,347.30999755859375,340.3999938964844,345.75,2025-10-09,342.47357177734375
28941000,324.6300048828125,350.6000061035156,324.04998779296875,345.3900146484375,2025-10-10,322.23406982421875
45984300,356.70001220703125,359.3800048828125,343.5199890136719,352.7699890136719,2025-10-13,354.0674133300781
22078000,344.1300048828125,350.6700134277344,339.6499938964844,350.1300048828125,2025-10-14,341.5901794433594
23918500,351.3299865722656,359.3999938964844,347.5,354.4700012207031,2025-10-15,348.7370300292969
20317200,354.1499938964844,363.239990234375,349.489990234375,356.79998779296875,2025-10-16,351.53619384765625
20937900,349.3299865722656,350.9700012207031,340.7799987792969,349.6099853515625,2025-10-17,346.75177001953125
15640200,349.239990234375,356.5899963378906,347.8399963378906,353.79998779296875,2025-10-20,346.6624450683594
16092600,342.6600036621094,351.1000061035156,341.30999755859375,350.0,2025-10-21,340.1310119628906
19268800,340.29998779296875,348.010009765625,335.510009765625,347.29998779296875,2025-10-22,337.7884216308594
12859200,344.2900085449219,346.57000732421875,340.3999938964844,340.3999938964844,2025-10-23,341.7489929199219
16143700,354.1300048828125,358.29998779296875,350.8800048828125,352.510009765625,2025-10-24,351.516357421875
20065800,362.04998779296875,362.75,355.0799865722656,361.5400085449219,2025-10-27,359.3778991699219
21056000,372.9700012207031,374.05999755859375,362.5299987792969,362.6199951171875,2025-10-28,370.2173156738281
24975200,385.9800109863281,386.4800109863281,373.19000244140625,373.19000244140625,2025-10-29,383.13128662109375
24295300,376.4700012207031,386.3999938964844,370.05999755859375,386.3999938964844,2025-10-30,373.69146728515625
21598400,369.6300048828125,378.82000732421875,365.1000061035156,378.2699890136719,2025-10-31,366.9019470214844
17198900,362.54998779296875,374.8500061035156,361.9800109863281,372.0,2025-11-03,359.87420654296875
24047500,351.94000244140625,368.95001220703125,351.0,358.5199890136719,2025-11-04,349.342529296875
17087600,358.9800109863281,364.8699951171875,350.0899963378906,350.8900146484375,2025-11-05,356.33062744140625
19896900,355.5899963378906,363.5,352.7099914550781,360.1099853515625,2025-11-06,352.9656066894531
21903200,349.42999267578125,354.5,337.2699890136719,354.19000244140625,2025-11-07,346.85101318359375
16409000,358.3900146484375,360.0,354.6099853515625,357.8999938964844,2025-11-10,355.7449645996094
16446800,351.9599914550781,361.8900146484375,349.6700134277344,358.9700012207031,2025-11-11,349.3623962402344
12190500,355.2200012207031,358.8699951171875,351.67999267578125,358.0400085449219,2025-11-12,352.59832763671875
22616600,339.9800109863281,353.54998779296875,334.1600036621094,351.5799865722656,2025-11-13,337.4708251953125
18500800,342.4599914550781,344.739990234375,329.05999755859375,331.4700012207031,2025-11-14,339.9324951171875
14799600,342.6499938964844,352.20001220703125,337.5199890136719,339.82000732421875,2025-11-17,340.1211242675781
21726800,340.5,347.9700012207031,335.510009765625,343.20001220703125,2025-11-18,337.9869689941406
21851900,354.4200134277344,359.69000244140625,337.79998779296875,340.7099914550781,2025-11-19,351.8042297363281
28867000,346.82000732421875,376.0799865722656,345.17999267578125,366.0,2025-11-20,344.26031494140625
30280300,340.20001220703125,348.6000061035156,331.79998779296875,345.1600036621094,2025-11-21,337.6891784667969
47262400,377.9599914550781,382.0,347.6600036621094,347.7300109863281,2025-11-24,375.1705017089844
33507600,385.0299987792969,388.1300048828125,371.75,384.92999267578125,2025-11-25,382.18829345703125
28693000,397.57000732421875,399.8699951171875,383.260009765625,385.54998779296875,2025-11-26,394.6357727050781
13365500,402.9599914550781,403.0,397.1600036621094,399.3500061035156,2025-11-28,399.9859924316406
23252000,386.0799865722656,395.4200134277344,385.1000061035156,394.8500061035156,2025-12-01,383.2305603027344
22207000,381.57000732421875,393.5,379.7900085449219,388.30999755859375,2025-12-02,378.75384521484375
21336400,380.6099853515625,382.29998779296875,370.6499938964844,380.0,2025-12-03,377.8009338378906
15845900,381.0299987792969,383.8900146484375,376.5299987792969,380.67999267578125,2025-12-04,378.21783447265625
24779900,390.239990234375,393.5299987792969,385.1499938964844,386.1700134277344,2025-12-05,387.35986328125
30410600,401.1000061035156,407.2900085449219,397.3999938964844,402.4800109863281,2025-12-08,398.1397399902344
24546000,406.2900085449219,406.92999267578125,395.510009765625,398.75,2025-12-09,403.29144287109375
31531000,412.9700012207031,414.6099853515625,399.55999755859375,402.20001220703125,2025-12-10,409.922119140625
45681600,406.3699951171875,409.29998779296875,394.19000244140625,404.8299865722656,2025-12-11,403.3708190917969
95588500,359.92999267578125,382.0,355.1499938964844,379.9599914550781,2025-12-12,357.2735595703125
65894900,339.80999755859375,362.0,337.510009765625,361.8900146484375,2025-12-15,337.3020324707031
58061100,341.29998779296875,347.5,335.05999755859375,336.0199890136719,2025-12-16,338.7810363769531
73300900,326.0199890136719,346.6099853515625,321.4200134277344,346.6099853515625,2025-12-17,323.61383056640625
54501900,329.8800048828125,336.0299987792969,323.6300048828125,336.0,2025-12-18,327.44537353515625
159095200,340.3599853515625,343.45001220703125,332.5799865722656,333.3399963378906,2025-12-19,337.8479919433594
28739600,341.45001220703125,346.239990234375,337.2200012207031,346.0299987792969,2025-12-22,339.5784606933594
28232600,349.32000732421875,350.1099853515625,338.5400085449219,340.80999755859375,2025-12-23,347.4053039550781
11424400,350.2200012207031,352.8599853515625,347.1400146484375,350.69000244140625,2025-12-24,348.3004150390625
15028100,352.1300048828125,353.25,347.75,351.05999755859375,2025-12-26,350.1999206542969
21946900,349.3900146484375,350.3299865722656,344.69000244140625,348.7200012207031,2025-12-29,347.4749450683594
16633600,349.8500061035156,352.67999267578125,349.29998779296875,349.9700012207031,2025-12-30,347.93243408203125
15346100,346.1000061035156,349.8800048828125,345.4200134277344,349.7300109863281,2025-12-31,344.2029724121094
25398600,347.6199951171875,360.6600036621094,345.55999755859375,352.7799987792969,2026-01-02,345.714599609375
31136000,343.4200134277344,355.0299987792969,336.5,354.739990234375,2026-01-05,341.5376892089844
27135500,343.7699890136719,349.04998779296875,338.0,343.6000061035156,2026-01-06,341.8857421875
20249300,343.5,349.70001220703125,335.8800048828125,341.70001220703125,2026-01-07,341.6172180175781
24385200,332.4800109863281,343.67999267578125,330.5,342.7799987792969,2026-01-08,330.6576232910156
22482500,344.9700012207031,347.3900146484375,333.5,337.9200134277344,2026-01-09,343.0791931152344
20949600,352.2099914550781,353.8999938964844,340.95001220703125,340.95001220703125,2026-01-12,350.27947998046875
18308000,354.6099853515625,359.489990234375,350.9100036621094,352.8800048828125,2026-01-13,352.6663513183594
30094700,339.8900146484375,350.69000244140625,334.4200134277344,348.9700012207031,2026-01-14,338.02703857421875
22218800,343.0199890136719,349.67999267578125,341.6700134277344,349.1199951171875,2026-01-15,341.1398620605469
31291200,351.7099914550781,354.510009765625,344.04998779296875,346.2699890136719,2026-01-16,349.7822265625
32293900,332.6000061035156,345.3999938964844,331.79998779296875,344.1000061035156,2026-01-20,330.7769470214844
32006600,328.79998779296875,335.79998779296875,324.20001220703125,335.510009765625,2026-01-21,326.9977722167969
24275400,325.489990234375,336.989990234375,324.8900146484375,335.3500061035156,2026-01-22,323.7059020996094
30259500,320.04998779296875,321.989990234375,314.1099853515625,319.29998779296875,2026-01-23,318.2957458496094
25006400,324.8500061035156,328.67999267578125,317.6000061035156,319.79998779296875,2026-01-26,323.0694274902344
25537600,332.7900085449219,334.760009765625,327.0199890136719,329.760009765625,2026-01-27,330.9659118652344
23001700,333.239990234375,339.989990234375,326.70001220703125,338.8500061035156,2026-01-28,331.4134216308594
20447500,330.7300109863281,335.95001220703125,320.2799987792969,332.55999755859375,2026-01-29,328.917236328125
28313000,331.29998779296875,338.20001220703125,328.3299865722656,332.44000244140625,2026-01-30,329.4841003417969
17278200,331.1099853515625,336.05999755859375,325.75,326.1099853515625,2026-02-02,329.29510498046875
36914800,320.3299865722656,338.8999938964844,308.6499938964844,336.739990234375,2026-02-03,318.57421875
43330300,308.04998779296875,319.510009765625,295.29998779296875,319.510009765625,2026-02-04,306.3614807128906
42775800,310.510009765625,326.5299987792969,306.70001220703125,314.3399963378906,2026-02-05,308.80804443359375
33003400,332.9200134277344,335.0,316.29998779296875,320.1000061035156,2026-02-06,331.09521484375
30091000,343.94000244140625,352.3399963378906,330.6499938964844,330.7699890136719,2026-02-09,342.0548095703125
19542700,340.44000244140625,348.010009765625,339.8399963378906,347.4700012207031,2026-02-10,338.573974609375
17004700,342.760009765625,347.20001220703125,333.739990234375,346.79998779296875,2026-02-11,340.88128662109375
22007300,331.1700134277344,346.2900085449219,329.55999755859375,343.8299865722656,2026-02-12,329.3548278808594
18397200,325.1700134277344,334.32000732421875,324.69000244140625,329.8500061035156,2026-02-13,323.3876953125
23469700,332.5400085449219,335.75,316.30999755859375,319.67999267578125,2026-02-17,330.71728515625
13565300,333.510009765625,337.8800048828125,327.2300109863281,329.5199890136719,2026-02-18,331.6819763183594
15180900,333.989990234375,338.44000244140625,329.67999267578125,333.010009765625,2026-02-19,332.1593322753906
17658900,332.6499938964844,340.1099853515625,329.5799865722656,332.3599853515625,2026-02-20,330.8266906738281
16472400,330.3399963378906,338.5,325.32000732421875,332.25,2026-02-23,328.52935791015625
23614400,325.489990234375,328.30999755859375,314.45001220703125,322.5400085449219,2026-02-24,323.7059020996094
20182300,332.30999755859375,335.9100036621094,329.2799987792969,330.739990234375,2026-02-25,330.4885559082031
33025300,321.70001220703125,326.5799865722656,307.92999267578125,326.5,2026-02-26,319.9367370605469
28004200,319.54998779296875,320.0,310.0,310.70001220703125,2026-02-27,317.7984924316406
20567200,318.82000732421875,320.0400085449219,307.20001220703125,309.3599853515625,2026-03-02,317.072509765625
20826200,313.8399963378906,315.8800048828125,307.3999938964844,313.0,2026-03-03,312.11981201171875
34895800,317.5299987792969,322.6400146484375,311.739990234375,315.67999267578125,2026-03-04,315.7895812988281
57076600,332.7699890136719,336.1199951171875,323.0299987792969,330.17999267578125,2026-03-05,330.9460144042969
39152200,330.4800109863281,343.510009765625,327.3999938964844,328.2799987792969,2026-03-06,328.6686096191406
40605800,345.75,348.489990234375,323.6099853515625,327.25,2026-03-09,343.8548583984375
29531700,342.5799865722656,353.1400146484375,340.79998779296875,348.7300109863281,2026-03-10,340.7022399902344
20104100,341.57000732421875,345.80999755859375,338.2200012207031,342.5899963378906,2026-03-11,339.69781494140625
21982700,335.9700012207031,339.8299865722656,332.20001220703125,337.739990234375,2026-03-12,334.1285095214844
34725000,322.1600036621094,338.32000732421875,321.42999267578125,337.67999267578125,2026-03-13,320.3941955566406
31363100,324.9200134277344,329.20001220703125,320.05999755859375,326.0199890136719,2026-03-16,323.1390686035156
38026500,321.30999755859375,327.44000244140625,317.25,325.760009765625,2026-03-17,319.5488586425781
25460600,315.92999267578125,325.44000244140625,315.54998779296875,320.42999267578125,2026-03-18,314.1983337402344
23524800,319.8399963378906,323.2699890136719,308.510009765625,312.4700012207031,2026-03-19,318.0868835449219
43325900,310.510009765625,321.510009765625,309.9200134277344,320.1199951171875,2026-03-20,308.80804443359375
27369200,322.510009765625,326.4800109863281,314.92999267578125,318.0,2026-03-23,321.41510009765625
19799000,318.2900085449219,324.3999938964844,314.8399963378906,320.0,2026-03-24,317.20941162109375
19900000,318.80999755859375,324.29998779296875,316.7200012207031,322.5899963378906,2026-03-25,317.7276611328125
20343700,309.4200134277344,316.9200134277344,309.1700134277344,314.0199890136719,2026-03-26,308.3695373535156
23593900,300.67999267578125,307.5,298.8699951171875,307.05999755859375,2026-03-27,299.6592102050781
28054500,293.4100036621094,304.7699890136719,289.9599914550781,300.8699951171875,2026-03-30,292.41387939453125
29289500,309.510009765625,310.30999755859375,296.3399963378906,299.3900146484375,2026-03-31,308.4592590332031
19171000,313.489990234375,315.7900085449219,310.4800109863281,313.3699951171875,2026-04-01,312.42572021484375
14021100,314.54998779296875,314.69000244140625,301.75,304.489990234375,2026-04-02,313.48211669921875
12111300,314.42999267578125,316.3999938964844,310.2799987792969,315.05999755859375,2026-04-06,313.3625183105469
33310900,333.9700012207031,334.1499938964844,321.79998779296875,326.7300109863281,2026-04-07,332.836181640625
31573100,350.6300048828125,354.1400146484375,342.5299987792969,351.75,2026-04-08,349.43963623046875
20514900,354.9100036621094,358.70001220703125,351.5,352.29998779296875,2026-04-09,353.7051086425781
29958100,371.54998779296875,376.54998779296875,360.82000732421875,360.94000244140625,2026-04-10,370.28857421875
24115800,379.75,380.8599853515625,369.4800109863281,369.6600036621094,2026-04-13,378.4607849121094
24423000,380.7799987792969,382.2799987792969,376.32000732421875,377.8999938964844,2026-04-14,379.48724365234375
29559300,396.7200012207031,397.0799865722656,385.57000732421875,389.8800048828125,2026-04-15,395.3731384277344
18872900,398.4700012207031,399.67999267578125,392.3500061035156,395.0,2026-04-16,397.1172180175781
20581700,406.5400085449219,406.7300109863281,399.80999755859375,400.8999938964844,2026-04-17,405.15985107421875
16922000,399.6300048828125,406.4200134277344,395.8999938964844,405.70001220703125,2026-04-20,398.27325439453125
16275500,402.1700134277344,403.6000061035156,394.57000732421875,399.4100036621094,2026-04-21,400.8046569824219
23702500,422.6499938964844,423.20001220703125,404.8599853515625,406.9800109863281,2026-04-22,421.2151184082031
19501600,419.94000244140625,429.30999755859375,417.79998779296875,422.3900146484375,2026-04-23,418.51434326171875
22491100,422.760009765625,425.0,408.8599853515625,424.9800109863281,2026-04-24,421.32476806640625
17451600,418.20001220703125,422.75,414.6300048828125,420.4800109863281,2026-04-27,416.7802429199219
25519200,399.8299865722656,405.80999755859375,394.6499938964844,400.30999755859375,2026-04-28,398.47259521484375
15962500,405.45001220703125,405.6400146484375,396.7799987792969,403.5,2026-04-29,404.0735168457031
21821600,417.42999267578125,418.3800048828125,404.2300109863281,415.5199890136719,2026-04-30,416.0128479003906
11882600,421.2799987792969,423.1700134277344,413.2799987792969,415.0899963378906,2026-05-01,419.8497619628906
15140400,416.5,423.8299865722656,409.5299987792969,418.2200012207031,2026-05-04,415.08599853515625
21175200,427.3599853515625,433.3900146484375,419.3500061035156,421.6600036621094,2026-05-05,425.90911865234375
20707000,425.44000244140625,437.67999267578125,417.7799987792969,435.55999755859375,2026-05-06,423.99566650390625
22791700,412.55999755859375,426.489990234375,406.29998779296875,421.82000732421875,2026-05-07,411.1593933105469
22561400,430.0,435.0,414.0,419.79998779296875,2026-05-08,428.5401611328125
16825500,428.42999267578125,433.6499938964844,425.04998779296875,427.6199951171875,2026-05-11,426.9754943847656
19004300,419.29998779296875,429.3399963378906,408.4100036621094,423.42999267578125,2026-05-12,417.8764953613281
16981200,416.7900085449219,418.6300048828125,404.79998779296875,415.80999755859375,2026-05-13,415.3750305175781
19733800,439.7900085449219,442.3599853515625,415.5899963378906,416.7300109863281,2026-05-14,438.29693603515625
18957100,425.19000244140625,432.80999755859375,419.79998779296875,432.80999755859375,2026-05-15,423.7464904785156
17863300,420.7099914550781,422.010009765625,414.3699951171875,421.4100036621094,2026-05-18,419.2817077636719
20652100,411.07000732421875,417.95001220703125,405.8599853515625,409.82000732421875,2026-05-19,409.6744384765625
16312600,417.760009765625,424.1700134277344,411.4200134277344,412.80999755859375,2026-05-20,416.34173583984375
16865300,414.57000732421875,422.25,410.5,413.54998779296875,2026-05-21,413.1625671386719
14086400,414.1400146484375,419.989990234375,410.2099914550781,417.489990234375,2026-05-22,412.7340393066406
22562900,422.010009765625,435.30999755859375,417.0,418.5,2026-05-26,420.57733154296875
17601000,421.8599853515625,432.79998779296875,416.489990234375,425.07000732421875,2026-05-27,420.4277648925781
17855600,426.5799865722656,429.67999267578125,414.010009765625,421.1400146484375,2026-05-28,425.13177490234375
41798400,446.7699890136719,448.8999938964844,431.4700012207031,432.95001220703125,2026-05-29,445.25323486328125
30586000,459.9700012207031,466.04998779296875,442.2200012207031,450.0899963378906,2026-06-01,458.4084167480469
38306700,481.57000732421875,488.82000732421875,470.4599914550781,488.7900085449219,2026-06-02,479.93511962890625
50126400,479.2300109863281,495.0,472.6400146484375,494.7799987792969,2026-06-03,477.6030578613281
80979400,418.9100036621094,426.4800109863281,403.010009765625,408.989990234375,2026-06-04,417.4878234863281
51146100,385.7300109863281,410.5,385.5899963378906,407.6099853515625,2026-06-05,384.42047119140625
37099000,396.6000061035156,402.8399963378906,391.3500061035156,402.6199951171875,2026-06-08,395.2535705566406
37026900,392.1600036621094,407.8699951171875,370.3299865722656,401.6099853515625,2026-06-09,390.8286437988281
38193500,372.1000061035156,385.80999755859375,371.1700134277344,381.5,2026-06-10,370.8367614746094
35187600,385.57000732421875,389.5,370.54998779296875,372.82000732421875,2026-06-11,384.2610168457031
27600900,382.07000732421875,384.9800109863281,377.0,383.7200012207031,2026-06-12,380.7729187011719
32394200,393.94000244140625,396.20001220703125,388.6000061035156,395.510009765625,2026-06-15,392.60260009765625
31573700,376.7099914550781,391.7900085449219,376.4599914550781,390.2099914550781,2026-06-16,375.4310607910156
40005500,392.8999938964844,400.6499938964844,382.6499938964844,388.7099914550781,2026-06-17,391.5661315917969
45076100,411.3500061035156,412.70001220703125,405.3800048828125,409.5799865722656,2026-06-18,409.9534912109375
26403700,392.1300048828125,414.6400146484375,391.9100036621094,413.6600036621094,2026-06-22,391.4172668457031
33122200,380.1499938964844,391.0199890136719,376.6600036621094,377.8699951171875,2026-06-23,379.4590148925781
29938700,382.07000732421875,388.739990234375,376.9599914550781,386.6199951171875,2026-06-24,381.37554931640625
23353700,378.9100036621094,388.79998779296875,372.70001220703125,386.5799865722656,2026-06-25,378.2212829589844
34839300,365.0199890136719,373.69000244140625,363.8299865722656,370.45001220703125,2026-06-26,364.35650634765625
24285200,372.45001220703125,376.2099914550781,360.4599914550781,373.6199951171875,2026-06-29,371.7730407714844
28517400,377.75,379.6199951171875,370.6400146484375,374.7900085449219,2026-06-30,377.0633850097656
23712600,369.3399963378906,373.75,368.0299987792969,371.8699951171875,2026-07-01,368.6686706542969
26749500,360.45001220703125,374.0,356.42999267578125,365.7300109863281,2026-07-02,359.7948303222656
24544000,373.8999938964844,383.1600036621094,371.17999267578125,373.6099853515625,2026-07-06,373.2203674316406
24116700,370.7799987792969,372.9599914550781,362.010009765625,366.55999755859375,2026-07-07,370.1060485839844
31624100,388.69000244140625,395.0899963378906,376.8900146484375,377.5199890136719,2026-07-08,387.9834899902344
28074000,401.1099853515625,407.5199890136719,387.92999267578125,402.19000244140625,2026-07-09,400.38092041015625
14595900,399.9700012207031,402.44000244140625,395.70001220703125,398.5,2026-07-10,399.2430114746094
21294500,384.04998779296875,395.75,383.4200134277344,393.4800109863281,2026-07-13,383.3519287109375
20118700,389.1099853515625,397.3299865722656,384.6400146484375,395.7200012207031,2026-07-14,388.4027099609375
16324100,394.2799987792969,399.0,386.739990234375,396.0899963378906,2026-07-15,393.5633239746094
23407200,374.45001220703125,386.739990234375,371.8999938964844,384.5400085449219,2026-07-16,373.7694091796875
23272200,370.8299865722656,377.3500061035156,357.79998779296875,366.04998779296875,2026-07-17,370.15594482421875
14420500,378.1600036621094,383.5899963378906,375.9599914550781,378.760009765625,2026-07-20,377.47265625
17291100,386.5,390.5799865722656,379.2200012207031,390.2099914550781,2026-07-21,385.7974853515625
16966200,396.80999755859375,398.5899963378906,380.0,380.20001220703125,2026-07-22,396.0887451171875
16348700,392.4700012207031,397.6099853515625,386.82000732421875,392.19000244140625,2026-07-23,391.7566223144531
15149400,381.9200134277344,389.2699890136719,378.75,387.67999267578125,2026-07-24,381.225830078125
18502100,383.2200012207031,389.8999938964844,373.5,389.82000732421875,2026-07-27,382.5234375
20328400,380.9100036621094,385.79998779296875,371.5199890136719,374.3599853515625,2026-07-28,380.2176513671875
21374400,370.32000732421875,386.1199951171875,369.510009765625,380.6400146484375,2026-07-29,369.64691162109375
23639800,387.8399963378906,388.67999267578125,377.5400085449219,380.3500061035156,2026-07-30,387.1350402832031
20391000,389.2799987792969,399.9200134277344,379.7099914550781,394.8299865722656,2026-07-31,388.5724182128906
17315100,392.2300109863281,392.6099853515625,374.6099853515625,384.4100036621094,2026-08-03,391.51708984375
29564200,418.1600036621094,422.07000732421875,400.67999267578125,402.9700012207031,2026-08-04,417.3999328613281
16880400,418.2799987792969,427.0,416.8900146484375,421.70001220703125,2026-08-05,417.51971435546875
13907500,420.57000732421875,428.0299987792969,410.760009765625,420.54998779296875,2026-08-06,419.8055725097656
14698300,427.760009765625,430.8399963378906,421.6099853515625,428.3999938964844,2026-08-07,426.98248291015625
13854100,422.3999938964844,432.7300109863281,420.1600036621094,426.989990234375,2026-08-10,421.6322326660156
12882700,416.0799865722656,426.760009765625,413.2300109863281,426.07000732421875,2026-08-11,415.3236999511719
15859200,416.04998779296875,426.5,414.6099853515625,426.260009765625,2026-08-12,415.29376220703125
13180500,417.82000732421875,424.9200134277344,411.4100036621094,415.80999755859375,2026-08-13,417.060546875
29513600,392.989990234375,412.5,388.5,411.9599914550781,2026-08-14,392.2756652832031
20042600,392.42999267578125,399.3599853515625,391.30999755859375,397.260009765625,2026-08-17,391.7167053222656
22878200,380.0,385.7799987792969,377.010009765625,384.32000732421875,2026-08-18,379.3092956542969
35091400,362.4800109863281,373.9100036621094,357.6099853515625,372.3999938964844,2026-08-19,361.8211364746094
19729800,364.0299987792969,367.1199951171875,362.25,364.3900146484375,2026-08-20,363.3683166503906
19037100,368.45001220703125,375.1300048828125,365.04998779296875,370.69000244140625,2026-08-21,367.7803039550781
18717200,358.760009765625,366.1700134277344,358.7099914550781,364.9700012207031,2026-08-24,358.10791015625
18014900,356.739990234375,362.989990234375,355.30999755859375,361.1000061035156,2026-08-25,356.091552734375
19196300,355.5899963378906,359.4700012207031,350.05999755859375,357.1199951171875,2026-08-26,354.94366455078125
21330000,371.5400085449219,371.7200012207031,360.6099853515625,361.7900085449219,2026-08-27,370.86468505859375
16596100,368.7900085449219,376.5899963378906,365.3500061035156,373.6000061035156,2026-08-28,368.11968994140625
21948000,370.3399963378906,372.75,366.29998779296875,369.5199890136719,2026-08-31,369.6668395996094
19288900,369.67999267578125,371.3999938964844,362.0,364.25,2026-09-01,369.008056640625
38874600,367.239990234375,371.0899963378906,364.6499938964844,369.67999267578125,2026-09-02,366.5724792480469
60242600,357.1600036621094,359.3999938964844,342.3299865722656,351.739990234375,2026-09-03,356.51080322265625
32863300,357.8999938964844,360.1600036621094,353.70001220703125,359.70001220703125,2026-09-04,357.24945068359375
30464900,368.55999755859375,372.70001220703125,362.739990234375,363.67999267578125,2026-09-08,367.89007568359375
25918200,364.3800048828125,368.010009765625,359.25,366.2300109863281,2026-09-09,363.7176818847656
23994300,360.8299865722656,365.2699890136719,357.75,360.0299987792969,2026-09-10,360.17413330078125
21166900,361.989990234375,366.7799987792969,361.6400146484375,364.8500061035156,2026-09-11,361.33203125
32662800,344.7200012207031,350.25,343.9100036621094,349.6300048828125,2026-09-14,344.0934143066406
24783900,339.2699890136719,347.260009765625,337.8999938964844,346.0400085449219,2026-09-15,338.6533203125
23152500,339.510009765625,344.1499938964844,335.80999755859375,342.3699951171875,2026-09-16,338.8929138183594
24389600,347.29998779296875,350.94000244140625,345.30999755859375,346.6199951171875,2026-09-17,346.6687316894531
44032800,357.6099853515625,363.2799987792969,351.3299865722656,352.0799865722656,2026-09-18,356.9599914550781
26498600,362.6600036621094,363.9700012207031,353.5,358.6600036621094,2026-09-21,362.6600036621094
20570800,364.5400085449219,366.54998779296875,359.2900085449219,363.2300109863281,2026-09-22,364.5400085449219
23387700,354.989990234375,362.8999938964844,354.010009765625,362.20001220703125,2026-09-23,354.989990234375
20930400,350.3599853515625,351.44000244140625,346.8900146484375,349.2099914550781,2026-09-24,350.3599853515625
16255500,352.80999755859375,354.42999267578125,349.42999267578125,352.6199951171875,2026-09-25,352.80999755859375
21527900,349.57000732421875,355.8599853515625,347.32000732421875,352.8699951171875,2026-09-28,349.57000732421875
19187400,355.1000061035156,361.8599853515625,354.0,357.0,2026-09-29,355.1000061035156
19760700,351.19000244140625,357.8999938964844,350.69000244140625,356.8999938964844,2026-09-30,351.19000244140625
24574100,343.6400146484375,354.45001220703125,343.2900085449219,352.1499938964844,2026-10-01,343.6400146484375
24639600,355.1400146484375,357.3500061035156,347.4200134277344,349.8599853515625,2026-10-02,355.1400146484375
21481600,362.510009765625,363.8699951171875,356.1400146484375,357.7900085449219,2026-10-05,362.510009765625
30834300,375.80999755859375,380.8399963378906,364.010009765625,367.0299987792969,2026-10-06,375.80999755859375
18046100,376.510009765625,376.9700012207031,369.1199951171875,372.6000061035156,2026-10-07,376.510009765625
27145200,360.1400146484375,373.3500061035156,357.4100036621094,370.6199951171875,2026-10-08,360.1400146484375
16400916,361.5400085449219,366.6300048828125,361.1000061035156,365.5899963378906,2026-10-09,361.5400085449219
