volume,high,low,open,close,date,adjclose
27670982363,62508.8359375,60314.61328125,62131.7265625,60582.1015625,2024-10-09,60582.1015625
30452813570,61236.72265625,58895.20703125,60581.9296875,60274.5,2024-10-10,60274.5
30327141594,63400.87109375,60046.125,60275.4609375,62445.08984375,2024-10-11,62445.08984375
16744110886,63448.78515625,62443.26953125,62444.6171875,63193.0234375,2024-10-12,63193.0234375
18177529690,63272.65234375,62035.63671875,63192.9453125,62851.375,2024-10-13,62851.375
43706958056,66482.4921875,62442.15234375,62848.3984375,66046.125,2024-10-14,66046.125
48863870879,67881.6796875,64809.1953125,66050.3671875,67041.109375,2024-10-15,67041.109375
38195189534,68375.2890625,66758.7265625,67042.4609375,67612.71875,2024-10-16,67612.71875
32790898511,67912.2109375,66647.390625,67617.078125,67399.8359375,2024-10-17,67399.8359375
36857165014,68969.75,67177.8203125,67419.109375,68418.7890625,2024-10-18,68418.7890625
14443497908,68668.0078125,68024.640625,68418.9765625,68362.734375,2024-10-19,68362.734375
18975847518,69359.0078125,68105.71875,68364.1796875,69001.703125,2024-10-20,69001.703125
37498611780,69462.734375,66829.8515625,69002.0,67367.8515625,2024-10-21,67367.8515625
31808472566,67801.578125,66581.3671875,67360.703125,67361.40625,2024-10-22,67361.40625
32263980353,67402.7421875,65188.03515625,67362.375,66432.1953125,2024-10-23,66432.1953125
31414428647,68798.9609375,66454.1015625,66653.703125,68161.0546875,2024-10-24,68161.0546875
41469984306,68722.15625,65521.79296875,68165.296875,66642.4140625,2024-10-25,66642.4140625
19588098156,67317.921875,66360.59375,66628.734375,67014.6953125,2024-10-26,67014.6953125
16721307878,68221.3125,66847.2265625,67023.4765625,67929.296875,2024-10-27,67929.296875
38799856657,70212.265625,67535.1328125,67922.671875,69907.7578125,2024-10-28,69907.7578125
58541874402,73577.2109375,69729.9140625,69910.046875,72720.4921875,2024-10-29,72720.4921875
40646637831,72905.296875,71411.734375,72715.3671875,72339.5390625,2024-10-30,72339.5390625
40627912076,72662.3125,69590.5,72335.046875,70215.1875,2024-10-31,70215.1875
49989795365,71559.015625,68779.703125,70216.8984375,69482.46875,2024-11-01,69482.46875
18184612091,69867.3515625,69033.71875,69486.0234375,69289.2734375,2024-11-02,69289.2734375
34868307655,69361.65625,67482.5234375,69296.3828125,68741.1171875,2024-11-03,68741.1171875
41184819348,69433.1796875,66803.6484375,68742.1328125,67811.5078125,2024-11-04,67811.5078125
46046889204,70522.7890625,67458.8671875,67811.171875,69359.5625,2024-11-05,69359.5625
118592653963,76460.15625,69322.03125,69358.5,75639.078125,2024-11-06,75639.078125
63467654989,76943.1171875,74480.421875,75637.0859375,75904.859375,2024-11-07,75904.859375
55176858003,77252.75,75648.7421875,75902.8359375,76545.4765625,2024-11-08,76545.4765625
29009480361,76932.765625,75773.7890625,76556.1875,76778.8671875,2024-11-09,76778.8671875
82570594495,81474.421875,76565.4296875,76775.546875,80474.1875,2024-11-10,80474.1875
117966845037,89604.5,80283.25,80471.4140625,88701.484375,2024-11-11,88701.484375
133673285375,89956.8828125,85155.109375,88705.5625,87955.8125,2024-11-12,87955.8125
123559027869,93434.3515625,86256.9296875,87929.96875,90584.1640625,2024-11-13,90584.1640625
87616705248,91765.21875,86682.8125,90574.8828125,87250.4296875,2024-11-14,87250.4296875
78243109518,91868.7421875,87124.8984375,87284.1796875,91066.0078125,2024-11-15,91066.0078125
44333192814,91763.9453125,90094.2265625,91064.3671875,90558.4765625,2024-11-16,90558.4765625
46350159305,91433.0390625,88741.6640625,90558.4609375,89845.8515625,2024-11-17,89845.8515625
75535775084,92596.7890625,89393.59375,89843.71875,90542.640625,2024-11-18,90542.640625
74521048295,94002.8671875,90426.984375,90536.8125,92343.7890625,2024-11-19,92343.7890625
71730956426,94902.0234375,91619.5,92341.890625,94339.4921875,2024-11-20,94339.4921875
106024505582,99014.21875,94132.6015625,94334.640625,98504.7265625,2024-11-21,98504.7265625
78473580551,99655.5,97222.6640625,98496.4296875,98997.6640625,2024-11-22,98997.6640625
44414644677,99014.6796875,97232.890625,99006.7421875,97777.28125,2024-11-23,97777.28125
51712020623,98647.1796875,95788.078125,97778.09375,98013.8203125,2024-11-24,98013.8203125
80909462490,98935.03125,92642.9140625,98033.4453125,93102.296875,2024-11-25,93102.296875
91656519855,94991.75,90770.8125,93087.28125,91985.3203125,2024-11-26,91985.3203125
71133452438,97361.1796875,91778.6640625,91978.140625,95962.53125,2024-11-27,95962.53125
52260008261,96650.203125,94677.3515625,95954.9453125,95652.46875,2024-11-28,95652.46875
54968682476,98693.171875,95407.8828125,95653.953125,97461.5234375,2024-11-29,97461.5234375
31634227866,97499.34375,96144.21875,97468.8125,96449.0546875,2024-11-30,96449.0546875
36590695296,97888.125,95770.1875,96461.3359375,97279.7890625,2024-12-01,97279.7890625
72680784305,98152.6015625,94482.8671875,97276.0078125,95865.3046875,2024-12-02,95865.3046875
67067810961,96297.203125,93629.5625,95854.59375,96002.1640625,2024-12-03,96002.1640625
77199817112,99207.328125,94660.5234375,95988.53125,98768.53125,2024-12-04,98768.53125
149218945580,103900.46875,91998.78125,98741.5390625,96593.5703125,2024-12-05,96593.5703125
94534772658,102039.8828125,96514.875,97074.2265625,99920.7109375,2024-12-06,99920.7109375
44177510897,100563.3828125,99030.8828125,99916.7109375,99923.3359375,2024-12-07,99923.3359375
44125751925,101399.9921875,98771.515625,99921.9140625,101236.015625,2024-12-08,101236.015625
110676473908,101272.5078125,94355.9140625,101237.0625,97432.71875,2024-12-09,97432.71875
104823780634,98270.15625,94321.2578125,97441.234375,96675.4296875,2024-12-10,96675.4296875
85391409936,101913.359375,95747.2265625,96656.0625,101173.03125,2024-12-11,101173.03125
72073983533,102524.9140625,99339.953125,101167.8046875,100043.0,2024-12-12,100043.0
56894751583,101888.8046875,99233.28125,100046.6484375,101459.2578125,2024-12-13,101459.2578125
40422968793,102618.8828125,100634.0546875,101451.4375,101372.96875,2024-12-14,101372.96875
51145914137,105047.5390625,101227.03125,101373.53125,104298.6953125,2024-12-15,104298.6953125
91020417816,107780.578125,103322.984375,104293.578125,106029.71875,2024-12-16,106029.71875
68589364868,108268.4453125,105291.734375,106030.6875,106140.6015625,2024-12-17,106140.6015625
93865656139,106470.609375,100041.5390625,106147.296875,100041.5390625,2024-12-18,100041.5390625
97221662392,102748.1484375,95587.6796875,100070.6875,97490.953125,2024-12-19,97490.953125
105634083408,98098.9140625,92175.1796875,97484.6953125,97755.9296875,2024-12-20,97755.9296875
51765334294,99507.1015625,96426.5234375,97756.1953125,97224.7265625,2024-12-21,97224.7265625
43147981314,97360.265625,94202.1875,97218.3203125,95104.9375,2024-12-22,95104.9375
65239002919,96416.2109375,92403.1328125,95099.390625,94686.2421875,2024-12-23,94686.2421875
47114953674,99404.0625,93448.015625,94684.34375,98676.09375,2024-12-24,98676.09375
33700394629,99478.75,97593.46875,98675.9140625,99299.1953125,2024-12-25,99299.1953125
47054980873,99884.5703125,95137.8828125,99297.6953125,95795.515625,2024-12-26,95795.515625
52419934565,97294.84375,93310.7421875,95704.9765625,94164.859375,2024-12-27,94164.859375
24107436185,95525.8984375,94014.2890625,94160.1875,95163.9296875,2024-12-28,95163.9296875
29635885267,95174.875,92881.7890625,95174.0546875,93530.2265625,2024-12-29,93530.2265625
56188003691,94903.3203125,91317.1328125,93527.1953125,92643.2109375,2024-12-30,92643.2109375
43625106843,96090.6015625,91914.03125,92643.25,93429.203125,2024-12-31,93429.203125
24519888919,94929.8671875,92788.125,93425.1015625,94419.7578125,2025-01-01,94419.7578125
46009564411,97739.8203125,94201.5703125,94416.2890625,96886.875,2025-01-02,96886.875
35611391163,98956.9140625,96034.6171875,96881.7265625,98107.4296875,2025-01-03,98107.4296875
22342608078,98734.4296875,97562.9765625,98106.9921875,98236.2265625,2025-01-04,98236.2265625
20525254825,98813.3046875,97291.765625,98233.90625,98314.9609375,2025-01-05,98314.9609375
51823432705,102482.875,97926.1484375,98314.953125,102078.0859375,2025-01-06,102078.0859375
58685738547,102712.484375,96132.875,102248.8515625,96922.703125,2025-01-07,96922.703125
63875859171,97258.3203125,92525.84375,96924.1640625,95043.5234375,2025-01-08,95043.5234375
62777261693,95349.71875,91220.84375,95043.484375,92484.0390625,2025-01-09,92484.0390625
62058693684,95770.609375,92250.09375,92494.4921875,94701.453125,2025-01-10,94701.453125
18860894100,94977.6875,93840.046875,94700.8359375,94566.59375,2025-01-11,94566.59375
20885130965,95367.5390625,93712.5078125,94565.7265625,94488.4375,2025-01-12,94488.4375
72978998252,95837.0,89260.1015625,94488.890625,94516.5234375,2025-01-13,94516.5234375
53769675818,97352.6640625,94322.15625,94519.0078125,96534.046875,2025-01-14,96534.046875
57805923627,100697.234375,96501.640625,96534.046875,100504.4921875,2025-01-15,100504.4921875
54103781805,100781.5859375,97364.4453125,100505.296875,99756.90625,2025-01-16,99756.90625
71888972663,105884.2265625,99948.90625,100025.765625,104462.0390625,2025-01-17,104462.0390625
50445655726,104913.203125,102226.6171875,104124.953125,104408.0703125,2025-01-18,104408.0703125
76789928525,106299.796875,99570.53125,104411.2890625,101089.609375,2025-01-19,101089.609375
126279678351,109114.8828125,99471.359375,101083.75,102016.6640625,2025-01-20,102016.6640625
88733878242,107180.921875,100103.953125,102052.578125,106146.265625,2025-01-21,106146.265625
53878181052,106294.34375,103360.265625,106136.3828125,103653.0703125,2025-01-22,103653.0703125
104104515428,106820.328125,101257.8046875,103657.671875,103960.171875,2025-01-23,103960.171875
52388229265,107098.546875,102772.125,103965.671875,104819.484375,2025-01-24,104819.484375
23888996502,105243.7890625,104120.375,104824.03125,104714.6484375,2025-01-25,104714.6484375
22543395879,105438.6484375,102507.7109375,104713.2109375,102682.5,2025-01-26,102682.5
89006608428,103214.109375,97795.9375,102680.3046875,102087.6875,2025-01-27,102087.6875
47180685494,103730.8203125,100238.1875,102095.4140625,101332.4765625,2025-01-28,101332.4765625
47432049818,104750.8046875,101283.8203125,101317.5234375,103703.2109375,2025-01-29,103703.2109375
41915744521,106418.765625,103321.6484375,103709.3359375,104735.3046875,2025-01-30,104735.3046875
45732764360,106026.3515625,101543.8828125,104737.5625,102405.0234375,2025-01-31,102405.0234375
27757944848,102755.7265625,100297.7109375,102402.796875,100655.90625,2025-02-01,100655.90625
63091816853,101430.6640625,96216.078125,100661.5390625,97688.9765625,2025-02-02,97688.9765625
115400897748,102514.171875,91242.890625,97681.1015625,101405.421875,2025-02-03,101405.421875
73002130211,101745.6171875,96208.109375,101398.71875,97871.8203125,2025-02-04,97871.8203125
49125911241,99113.2109375,96174.828125,97878.0078125,96615.4453125,2025-02-05,96615.4453125
45302471947,99168.609375,95707.3515625,96610.640625,96593.296875,2025-02-06,96593.296875
55741290456,100154.140625,95653.8828125,96581.3203125,96529.0859375,2025-02-07,96529.0859375
22447526395,96877.8046875,95702.4921875,96533.2578125,96482.453125,2025-02-08,96482.453125
27732901800,97325.28125,94745.2578125,96481.3125,96500.09375,2025-02-09,96500.09375
40078962391,98333.21875,95320.84375,96499.4609375,97437.5546875,2025-02-10,97437.5546875
37488783272,98492.8984375,94875.0390625,97438.1328125,95747.4296875,2025-02-11,95747.4296875
49340445530,98151.0234375,94101.203125,95745.6953125,97885.859375,2025-02-12,97885.859375
37147280860,98111.0859375,95269.7109375,97888.75,96623.8671875,2025-02-13,96623.8671875
32697987277,98819.46875,96342.8046875,96623.3671875,97508.96875,2025-02-14,97508.96875
17047266288,97975.0390625,97240.1953125,97508.3828125,97580.3515625,2025-02-15,97580.3515625
16536755396,97725.59375,96060.9765625,97580.4921875,96175.03125,2025-02-16,96175.03125
27336550690,97032.234375,95243.546875,96179.0078125,95773.3828125,2025-02-17,95773.3828125
37325720482,96695.375,93388.8359375,95773.8125,95539.546875,2025-02-18,95539.546875
28990872862,96855.59375,95011.96875,95532.53125,96635.609375,2025-02-19,96635.609375
31668022771,98767.1953125,96442.671875,96632.6796875,98333.9375,2025-02-20,98333.9375
49608706470,99497.96875,94852.9609375,98340.671875,96125.546875,2025-02-21,96125.546875
18353824477,96950.15625,95765.34375,96134.203125,96577.7578125,2025-02-22,96577.7578125
16999478976,96671.875,95270.453125,96577.8046875,96273.921875,2025-02-23,96273.921875
44046480529,96503.453125,91371.7421875,96277.9609375,91418.171875,2025-02-24,91418.171875
92139104128,92511.078125,86008.234375,91437.1171875,88736.171875,2025-02-25,88736.171875
64597492134,89286.25,82131.8984375,88638.890625,84347.0234375,2025-02-26,84347.0234375
52659591954,87000.78125,83144.9609375,84076.859375,84704.2265625,2025-02-27,84704.2265625
83610570576,85036.3203125,78248.9140625,84705.625,84373.0078125,2025-02-28,84373.0078125
29190628396,86522.3046875,83794.234375,84373.8671875,86031.9140625,2025-03-01,86031.9140625
58398341092,95043.4375,85040.2109375,86036.2578125,94248.3515625,2025-03-02,94248.3515625
70072228536,94429.75,85081.3046875,94248.421875,86065.671875,2025-03-03,86065.671875
68095241474,88911.2734375,81529.2421875,86064.0703125,87222.1953125,2025-03-04,87222.1953125
50498988027,90998.2421875,86379.7734375,87222.953125,90623.5625,2025-03-05,90623.5625
47749810486,92804.9375,87852.140625,90622.359375,89961.7265625,2025-03-06,89961.7265625
65945677657,91191.046875,84717.6796875,89963.28125,86742.671875,2025-03-07,86742.671875
18206118081,86847.265625,85247.484375,86742.65625,86154.59375,2025-03-08,86154.59375
30899345977,86471.1328125,80052.484375,86154.3046875,80601.0390625,2025-03-09,80601.0390625
54061099422,83955.9296875,77420.59375,80597.1484375,78532.0,2025-03-10,78532.0
54702837196,83577.7578125,76624.25,78523.875,82862.2109375,2025-03-11,82862.2109375
40353484454,84358.578125,80635.25,82857.375,83722.359375,2025-03-12,83722.359375
31412940153,84301.6953125,79931.8515625,83724.921875,81066.703125,2025-03-13,81066.703125
29588112414,85263.2890625,80797.5625,81066.9921875,83969.1015625,2025-03-14,83969.1015625
13650491277,84672.671875,83639.59375,83968.40625,84343.109375,2025-03-15,84343.109375
21330270174,85051.6015625,82017.90625,84333.3203125,82579.6875,2025-03-16,82579.6875
25092785558,84725.328125,82492.15625,82576.3359375,84075.6875,2025-03-17,84075.6875
24095774594,84075.71875,81179.9921875,84075.71875,82718.5,2025-03-18,82718.5
34931960257,87021.1875,82569.7265625,82718.8046875,86854.2265625,2025-03-19,86854.2265625
29028988961,87443.265625,83647.1953125,86872.953125,84167.1953125,2025-03-20,84167.1953125
19030452299,84782.2734375,83171.0703125,84164.5390625,84043.2421875,2025-03-21,84043.2421875
9863214091,84513.875,83674.78125,84046.2578125,83832.484375,2025-03-22,83832.484375
12594615537,86094.78125,83794.9140625,83831.8984375,86054.375,2025-03-23,86054.375
34582604933,88758.7265625,85541.1953125,86070.9296875,87498.9140625,2025-03-24,87498.9140625
30005840049,88542.3984375,86346.078125,87512.8203125,87471.703125,2025-03-25,87471.703125
26704046038,88292.15625,85861.453125,87460.234375,86900.8828125,2025-03-26,86900.8828125
24413471941,87786.7265625,85837.9375,86896.2578125,87177.1015625,2025-03-27,87177.1015625
34198619509,87489.859375,83557.640625,87185.234375,84353.1484375,2025-03-28,84353.1484375
16969396135,84567.3359375,81634.140625,84352.0703125,82597.5859375,2025-03-29,82597.5859375
14763760943,83505.0,81573.25,82596.984375,82334.5234375,2025-03-30,82334.5234375
29004228247,83870.125,81293.890625,82336.0625,82548.9140625,2025-03-31,82548.9140625
28175650319,85487.3671875,82429.359375,82551.921875,85169.171875,2025-04-01,85169.171875
47584398470,88466.953125,82343.5390625,85180.609375,82485.7109375,2025-04-02,82485.7109375
36852112080,83909.296875,81282.1015625,82487.4765625,83102.828125,2025-04-03,83102.828125
45157640207,84696.1484375,81670.75,83100.25,83843.8046875,2025-04-04,83843.8046875
14380803631,84207.015625,82377.734375,83844.703125,83504.796875,2025-04-05,83504.796875
36294853736,83704.71875,77097.7421875,83504.5078125,78214.484375,2025-04-06,78214.484375
91262424987,81119.0625,74436.6796875,78221.3359375,79235.3359375,2025-04-07,79235.3359375
48314590749,80823.890625,76198.0234375,79218.4765625,76271.953125,2025-04-08,76271.953125
84213627038,83541.0,74589.671875,76273.5625,82573.953125,2025-04-09,82573.953125
44718000633,82700.9296875,78456.1328125,82565.9765625,79626.140625,2025-04-10,79626.140625
41656778779,84247.4765625,78936.3203125,79625.046875,83404.8359375,2025-04-11,83404.8359375
24258059104,85856.1875,82769.375,83404.515625,85287.109375,2025-04-12,85287.109375
28796984817,86015.1875,83027.0078125,85279.46875,83684.9765625,2025-04-13,83684.9765625
34090769777,85785.0,83690.640625,83694.5234375,84542.390625,2025-04-14,84542.390625
28040322885,86429.3515625,83598.8203125,84539.6953125,83668.9921875,2025-04-15,83668.9921875
29617804112,85428.28125,83100.6171875,83674.5078125,84033.8671875,2025-04-16,84033.8671875
21276866029,85449.0703125,83749.75,84030.671875,84895.75,2025-04-17,84895.75
12728372364,85095.046875,84298.8828125,84900.1875,84450.8046875,2025-04-18,84450.8046875
15259300427,85597.703125,84353.4609375,84450.8671875,85063.4140625,2025-04-19,85063.4140625
14664050812,85306.3828125,83976.84375,85066.0703125,85174.3046875,2025-04-20,85174.3046875
41396190190,88460.09375,85143.8359375,85171.5390625,87518.90625,2025-04-21,87518.90625
55899038456,93817.3828125,87084.53125,87521.875,93441.890625,2025-04-22,93441.890625
41719568821,94535.734375,91962.9609375,93427.5859375,93699.109375,2025-04-23,93699.109375
31483175315,94016.1953125,91696.7109375,93692.3984375,93943.796875,2025-04-24,93943.796875
40915232364,95768.390625,92898.59375,93954.25,94720.5,2025-04-25,94720.5
17612825123,95251.359375,93927.25,94714.6484375,94646.9296875,2025-04-26,94646.9296875
18090367764,95301.203125,93665.3984375,94660.90625,93754.84375,2025-04-27,93754.84375
32363449569,95598.4921875,92860.8046875,93755.3046875,94978.75,2025-04-28,94978.75
25806129921,95485.4140625,93796.6328125,94981.859375,94284.7890625,2025-04-29,94284.7890625
28344679831,95249.3203125,92979.640625,94286.46875,94207.3125,2025-04-30,94207.3125
32875889623,97437.9609375,94153.6328125,94212.859375,96492.3359375,2025-05-01,96492.3359375
26421924677,97905.8984375,96375.9453125,96494.96875,96910.0703125,2025-05-02,96910.0703125
15775154889,96943.8828125,95821.2890625,96904.6328125,95891.796875,2025-05-03,95891.796875
18198688416,96318.921875,94173.4296875,95877.1875,94315.9765625,2025-05-04,94315.9765625
25816260327,95193.1875,93566.265625,94319.5625,94748.0546875,2025-05-05,94748.0546875
26551275827,96889.1796875,93399.859375,94748.3828125,96802.4765625,2025-05-06,96802.4765625
76983822462,97625.8046875,95829.3359375,96800.1953125,97032.3203125,2025-05-07,97032.3203125
69895404397,103969.5390625,96913.875,97034.25,103241.4609375,2025-05-08,103241.4609375
58198593958,104297.4921875,102343.09375,103239.125,102970.8515625,2025-05-09,102970.8515625
42276713994,104961.765625,102830.484375,102973.7109375,104696.328125,2025-05-10,104696.328125
46285517406,104937.9921875,103364.7421875,104701.0703125,104106.359375,2025-05-11,104106.359375
63250475404,105747.453125,100814.40625,104106.9609375,102812.953125,2025-05-12,102812.953125
52608876410,104997.421875,101515.09375,102812.4921875,104169.8125,2025-05-13,104169.8125
45956071155,104303.5625,102618.296875,104167.328125,103539.4140625,2025-05-14,103539.4140625
50408241840,104153.6171875,101440.8125,103538.828125,103744.640625,2025-05-15,103744.640625
44386499364,104533.484375,103137.4765625,103735.65625,103489.2890625,2025-05-16,103489.2890625
37898552742,103716.9453125,102659.1796875,103489.2890625,103191.0859375,2025-05-17,103191.0859375
49887082058,106597.171875,103142.6015625,103186.953125,106446.0078125,2025-05-18,106446.0078125
61761126647,107068.71875,102112.6875,106430.53125,105606.1796875,2025-05-19,105606.1796875
36515726122,107307.1171875,104206.515625,105605.40625,106791.0859375,2025-05-20,106791.0859375
78086364051,110724.4609375,106127.234375,106791.3125,109678.078125,2025-05-21,109678.078125
70157575642,111970.171875,109285.0703125,109673.4921875,111673.28125,2025-05-22,111673.28125
67548133399,111798.90625,106841.3046875,111679.359375,107287.796875,2025-05-23,107287.796875
45903627163,109454.5234375,106895.2890625,107278.5078125,107791.15625,2025-05-24,107791.15625
47518041841,109313.3046875,106683.375,107802.2734375,109035.390625,2025-05-25,109035.390625
45950461571,110376.8828125,108735.640625,109023.78125,109440.3671875,2025-05-26,109440.3671875
57450176272,110744.2109375,107609.5546875,109440.40625,108994.640625,2025-05-27,108994.640625
49155377493,109298.2890625,106812.9296875,108992.171875,107802.328125,2025-05-28,107802.328125
56022752042,108910.046875,105374.3984375,107795.5703125,105641.7578125,2025-05-29,105641.7578125
57655287183,106308.9453125,103685.7890625,105646.2109375,103998.5703125,2025-05-30,103998.5703125
38997843858,104927.1015625,103136.1171875,103994.71875,104638.09375,2025-05-31,104638.09375
37397056873,105884.546875,103826.953125,104637.296875,105652.1015625,2025-06-01,105652.1015625
45819706290,105958.3125,103727.546875,105649.8125,105881.53125,2025-06-02,105881.53125
46196508367,106813.578125,104920.84375,105888.4765625,105432.46875,2025-06-03,105432.46875
44544857105,105997.6953125,104232.703125,105434.3671875,104731.984375,2025-06-04,104731.984375
57479298400,105936.6875,100436.8828125,104750.78125,101575.953125,2025-06-05,101575.953125
48856653697,105376.7734375,101169.5703125,101574.3671875,104390.34375,2025-06-06,104390.34375
38365033776,105972.7578125,103987.3125,104390.6484375,105615.625,2025-06-07,105615.625
36626232328,106497.0625,105075.328125,105617.5078125,105793.6484375,2025-06-08,105793.6484375
55903193732,110561.421875,105400.234375,105793.0234375,110294.1015625,2025-06-09,110294.1015625
54700101509,110380.125,108367.7109375,110295.6875,110257.234375,2025-06-10,110257.234375
50842662052,110384.21875,108086.328125,110261.796875,108686.625,2025-06-11,108686.625
54843867968,108780.6953125,105785.6875,108685.9140625,105929.0546875,2025-06-12,105929.0546875
69550440846,106182.546875,102822.0234375,105924.59375,106090.96875,2025-06-13,106090.96875
38007870453,106203.7578125,104379.3671875,106108.0859375,105472.40625,2025-06-14,105472.40625
36744307742,106157.1015625,104519.8828125,105464.84375,105552.0234375,2025-06-15,105552.0234375
50366626945,108915.375,104997.625,105555.59375,106796.7578125,2025-06-16,106796.7578125
55964092176,107750.1953125,103396.53125,106794.1171875,104601.1171875,2025-06-17,104601.1171875
47318089133,105581.8515625,103602.265625,104602.0703125,104883.328125,2025-06-18,104883.328125
37333806920,105250.890625,103940.7734375,104886.7734375,104684.2890625,2025-06-19,104684.2890625
50951862476,106539.3828125,102372.2109375,104681.03125,103309.6015625,2025-06-20,103309.6015625
38360555118,104015.78125,100973.0625,103315.078125,102257.40625,2025-06-21,102257.40625
65536997201,103351.6328125,98286.203125,102212.03125,100987.140625,2025-06-22,100987.140625
65237759656,106116.859375,99705.75,100987.4765625,105577.7734375,2025-06-23,105577.7734375
48822986421,106316.828125,104740.2421875,105571.515625,106045.6328125,2025-06-24,106045.6328125
51624120283,108168.3984375,105881.390625,106047.40625,107361.2578125,2025-06-25,107361.2578125
43891990613,108305.546875,106666.3515625,107375.0703125,106960.0,2025-06-26,106960.0
45353692675,107772.46875,106449.9921875,106954.921875,107088.4296875,2025-06-27,107088.4296875
30037708335,107567.8828125,106883.9765625,107090.546875,107327.703125,2025-06-28,107327.703125
35534874438,108526.3046875,107230.109375,107327.8203125,108385.5703125,2025-06-29,108385.5703125
42064804590,108798.7890625,106759.6484375,108383.4375,107135.3359375,2025-06-30,107135.3359375
44110692247,107550.6796875,105270.2265625,107144.3828125,105698.28125,2025-07-01,105698.28125
56248657737,109763.65625,105157.3984375,105703.1015625,108859.3203125,2025-07-02,108859.3203125
50494742270,110541.4609375,108605.796875,108845.015625,109647.9765625,2025-07-03,109647.9765625
42616442656,109751.984375,107296.3828125,109635.65625,108034.3359375,2025-07-04,108034.3359375
30615537520,108381.34375,107842.2734375,108015.8359375,108231.1796875,2025-07-05,108231.1796875
36746020463,109731.625,107847.015625,108231.1875,109232.0703125,2025-07-06,109232.0703125
45415696597,109710.25,107527.0546875,109235.328125,108299.8515625,2025-07-07,108299.8515625
44282204127,109198.96875,107499.5546875,108298.2265625,108950.2734375,2025-07-08,108950.2734375
57927418065,111925.375,108357.6796875,108950.2734375,111326.5546875,2025-07-09,111326.5546875
95911605728,116608.78125,110660.75,111329.1953125,115987.203125,2025-07-10,115987.203125
86928361085,118856.4765625,115245.6875,115986.234375,117516.9921875,2025-07-11,117516.9921875
45524560304,118219.8984375,116977.0234375,117530.7109375,117435.2265625,2025-07-12,117435.2265625
49021091807,119449.5703125,117265.4375,117432.203125,119116.1171875,2025-07-13,119116.1171875
181746419401,123091.609375,118959.1953125,119115.7890625,119849.703125,2025-07-14,119849.703125
98321661181,119935.5625,115765.6875,119853.8515625,117777.1875,2025-07-15,117777.1875
72162029070,120065.515625,117064.8203125,117777.1875,118738.5078125,2025-07-16,118738.5078125
72363841798,120999.609375,117508.21875,118738.5078125,119289.84375,2025-07-17,119289.84375
77945799785,120851.9140625,116925.984375,119284.109375,118003.2265625,2025-07-18,118003.2265625
47564562765,118541.3984375,117388.4140625,117998.125,117939.9765625,2025-07-19,117939.9765625
57515447231,118865.03125,116550.1328125,117944.109375,117300.7890625,2025-07-20,117300.7890625
69820091744,119671.5625,116584.3984375,117306.46875,117439.5390625,2025-07-21,117439.5390625
79217583118,120269.96875,116233.2265625,117426.5,119995.4140625,2025-07-22,119995.4140625
66608604537,120113.3515625,117391.390625,119997.4453125,118754.9609375,2025-07-23,118754.9609375
72627318560,119535.453125,117247.96875,118770.984375,118368.0,2025-07-24,118368.0
104857024569,118486.9765625,114759.8203125,118368.0,117635.8828125,2025-07-25,117635.8828125
48508954046,118335.6875,117181.2265625,117644.84375,117947.3671875,2025-07-26,117947.3671875
54683390892,119815.59375,117859.6875,117944.7265625,119448.4921875,2025-07-27,119448.4921875
64822943193,119819.7890625,117441.4375,119457.5234375,117924.4765625,2025-07-28,117924.4765625
68463107433,119273.8671875,116987.3671875,117938.5859375,117922.1484375,2025-07-29,117922.1484375
68896148592,118780.7265625,115800.828125,117921.9921875,117831.1875,2025-07-30,117831.1875
69370346018,118919.984375,115505.21875,117833.6328125,115758.203125,2025-07-31,115758.203125
91294530181,116060.7734375,112724.4453125,115738.953125,113320.0859375,2025-08-01,113320.0859375
56870866000,114021.6015625,112005.765625,113320.390625,112526.9140625,2025-08-02,112526.9140625
48099615826,114747.421875,111943.8046875,112525.8046875,114217.671875,2025-08-03,114217.671875
35783028986,115729.46875,114130.40625,114223.921875,115071.8828125,2025-08-04,115071.8828125
61039182286,115117.4375,112701.109375,115072.1875,114141.4453125,2025-08-05,114141.4453125
56379133510,115737.8359375,113372.25,114140.9140625,115028.0,2025-08-06,115028.0
64051649681,117676.90625,114279.7109375,115030.0546875,117496.8984375,2025-08-07,117496.8984375
59713005166,117689.203125,115917.4609375,117505.5,116688.7265625,2025-08-08,116688.7265625
54004312429,117906.609375,116363.8359375,116678.2734375,116500.359375,2025-08-09,116500.359375
64755458694,119320.7109375,116485.1640625,116497.71875,119306.7578125,2025-08-10,119306.7578125
90528784177,122321.09375,118159.03125,119306.8125,118731.4453125,2025-08-11,118731.4453125
72803657984,120302.46875,118228.71875,118717.6640625,120172.90625,2025-08-12,120172.90625
90904808795,123682.453125,118939.6328125,120168.9765625,123344.0625,2025-08-13,123344.0625
104055627395,124457.1171875,117254.8828125,123339.3984375,118359.578125,2025-08-14,118359.578125
68665353159,119332.3125,116864.5703125,118365.78125,117398.3515625,2025-08-15,117398.3515625
48036922378,117996.0625,117271.953125,117398.421875,117491.3515625,2025-08-16,117491.3515625
45852169525,118595.7734375,117279.5234375,117492.7890625,117453.0625,2025-08-17,117453.0625
72787808090,117614.171875,114723.6796875,117453.90625,116252.3125,2025-08-18,116252.3125
71657600353,116764.5,112730.3984375,116241.859375,112831.1796875,2025-08-19,112831.1796875
67993811526,114625.796875,112387.9609375,112828.0234375,114274.7421875,2025-08-20,114274.7421875
57817883700,114802.6484375,111986.234375,114275.6875,112419.03125,2025-08-21,112419.03125
82528088240,117377.3984375,111678.9453125,112433.734375,116874.0859375,2025-08-22,116874.0859375
55377142586,116996.25,114536.109375,116866.3671875,115374.328125,2025-08-23,115374.328125
73961489632,115615.0859375,111060.546875,115387.390625,113458.4296875,2025-08-24,113458.4296875
85706860190,113637.84375,109324.28125,113456.8984375,110124.3515625,2025-08-25,110124.3515625
69396320317,112397.015625,108762.0390625,110124.1015625,111802.65625,2025-08-26,111802.65625
62137056409,112619.4140625,110398.265625,111795.7109375,111222.0625,2025-08-27,111222.0625
58860155962,113450.078125,110900.921875,111219.0546875,112544.8046875,2025-08-28,112544.8046875
77843379644,112619.0546875,107559.625,112550.5234375,108410.8359375,2025-08-29,108410.8359375
51486264208,108929.3515625,107444.4453125,108409.40625,108808.0703125,2025-08-30,108808.0703125
47986191770,109491.0,108104.65625,108818.4609375,108236.7109375,2025-08-31,108236.7109375
66870372995,109890.5859375,107271.1796875,108228.75,109250.59375,2025-09-01,109250.59375
74776999491,111748.015625,108454.03125,109243.0703125,111200.5859375,2025-09-02,111200.5859375
61119643565,112600.2265625,110582.9609375,111190.6953125,111723.2109375,2025-09-03,111723.2109375
60131132901,112208.328125,109347.2265625,111718.1484375,110723.6015625,2025-09-04,110723.6015625
60241647677,113357.4921875,110233.3984375,110723.015625,110650.984375,2025-09-05,110650.984375
21500719036,111275.015625,110024.0859375,110650.5703125,110224.6953125,2025-09-06,110224.6953125
24618007520,111591.078125,110211.625,110221.328125,111167.6171875,2025-09-07,111167.6171875
40212813407,112869.234375,110630.609375,111163.015625,112071.4296875,2025-09-08,112071.4296875
45984480722,113225.4375,110776.703125,112077.578125,111530.546875,2025-09-09,111530.546875
56377473784,114275.25,110940.078125,111531.25,113955.359375,2025-09-10,113955.359375
45685065332,115522.546875,113453.8359375,113961.4296875,115507.5390625,2025-09-11,115507.5390625
54785725894,116769.3828125,114794.484375,115507.7890625,116101.578125,2025-09-12,116101.578125
34549454947,116334.6328125,115248.2734375,116093.5625,115950.5078125,2025-09-13,115950.5078125
32798036057,116181.5,115222.3984375,115950.2890625,115407.65625,2025-09-14,115407.65625
52937859416,116747.8828125,114461.0625,115399.6328125,115444.875,2025-09-15,115444.875
45781744593,117005.2734375,114813.09375,115423.7578125,116843.1875,2025-09-16,116843.1875
60528025996,117328.609375,114794.9765625,116840.5078125,116468.5078125,2025-09-17,116468.5078125
49457272032,117911.7890625,116188.796875,116461.265625,117137.203125,2025-09-18,117137.203125
38828473971,117479.7578125,115141.8203125,117137.671875,115688.859375,2025-09-19,115688.859375
22864449614,116191.1484375,115473.5234375,115691.125,115721.9609375,2025-09-20,115721.9609375
22495852193,115901.0859375,115252.578125,115730.2265625,115306.09375,2025-09-21,115306.09375
70684158591,115431.3125,112037.6484375,115309.21875,112748.5078125,2025-09-22,112748.5078125
47211853279,113351.9140625,111535.5703125,112757.4765625,112014.5,2025-09-23,112014.5
48044595085,113986.2734375,111229.640625,112007.6640625,113328.6328125,2025-09-24,113328.6328125
75528654284,113541.0859375,108713.3984375,113330.1640625,109049.2890625,2025-09-25,109049.2890625
57738288949,110359.1953125,108728.9765625,109041.296875,109712.828125,2025-09-26,109712.828125
26308042910,109778.5,109144.296875,109707.140625,109681.9453125,2025-09-27,109681.9453125
33371048505,112375.484375,109236.9453125,109681.9453125,112122.640625,2025-09-28,112122.640625
60000147466,114473.5703125,111589.953125,112117.875,114400.3828125,2025-09-29,114400.3828125
58986330258,114836.6171875,112740.5625,114396.5234375,114056.0859375,2025-09-30,114056.0859375
71328680132,118648.9296875,113981.3984375,114057.59375,118648.9296875,2025-10-01,118648.9296875
71415163912,121086.40625,118383.15625,118652.3828125,120681.2578125,2025-10-02,120681.2578125
83941392228,123944.703125,119344.3125,120656.984375,122266.53125,2025-10-03,122266.53125
36769171735,122857.640625,121577.5703125,122267.46875,122425.4296875,2025-10-04,122425.4296875
73689317763,125559.2109375,122191.9609375,122419.671875,123513.4765625,2025-10-05,123513.4765625
72568881188,126198.0703125,123196.046875,123510.453125,124752.53125,2025-10-06,124752.53125
76149412513,125184.0234375,120681.96875,124752.140625,121451.3828125,2025-10-07,121451.3828125
65354305286,124167.09375,121119.1796875,121448.3515625,123354.8671875,2025-10-08,123354.8671875
74653009425,123739.34375,119812.03125,123337.0703125,121705.5859375,2025-10-09,121705.5859375
153125018868,122509.6640625,104582.4140625,121704.7421875,113214.3671875,2025-10-10,113214.3671875
110236934340,113429.7265625,109760.5625,113236.4296875,110807.8828125,2025-10-11,110807.8828125
93710414091,115805.0625,109715.5390625,110811.515625,115169.765625,2025-10-12,115169.765625
71582026739,116020.484375,113821.1875,115161.6796875,115271.078125,2025-10-13,115271.078125
92212917403,115502.8828125,110029.484375,115264.8828125,113118.6640625,2025-10-14,113118.6640625
72574132855,113622.3828125,110235.8359375,113113.96875,110783.1640625,2025-10-15,110783.1640625
87306423067,111990.8125,107537.03125,110782.171875,108186.0390625,2025-10-16,108186.0390625
99703051669,109235.8046875,103598.4296875,108179.1328125,106467.7890625,2025-10-17,106467.7890625
37779905278,107490.984375,106387.453125,106483.734375,107198.265625,2025-10-18,107198.265625
47657008953,109488.9921875,106157.7890625,107204.3125,108666.7109375,2025-10-19,108666.7109375
63507793085,111711.03125,107485.015625,108667.4453125,110588.9296875,2025-10-20,110588.9296875
101194375480,113996.34375,107534.75,110587.6328125,108476.890625,2025-10-21,108476.890625
80807013218,109115.1328125,106778.0,108491.53125,107688.5859375,2025-10-22,107688.5859375
54944076060,111288.59375,107548.4296875,107679.4375,110069.7265625,2025-10-23,110069.7265625
48160816980,111842.53125,109770.1484375,110069.3515625,111033.921875,2025-10-24,111033.921875
24707667305,111947.703125,110704.40625,111032.6171875,111641.7265625,2025-10-25,111641.7265625
41708524143,115260.90625,111268.484375,111639.0546875,114472.4453125,2025-10-26,114472.4453125
61761358733,116273.3125,113882.2890625,114479.8515625,114119.328125,2025-10-27,114119.328125
64528066504,116078.984375,112291.6796875,114129.0859375,112956.1640625,2025-10-28,112956.1640625
62192043469,113642.7265625,109368.71875,112921.328125,110055.3046875,2025-10-29,110055.3046875
69673964814,111612.3515625,106376.6875,110059.1953125,108305.546875,2025-10-30,108305.546875
60090359560,111031.8203125,108288.2734375,108304.4140625,109556.1640625,2025-10-31,109556.1640625
25871668762,110574.8984375,109372.953125,109558.625,110064.015625,2025-11-01,110064.015625
34284209459,111167.3125,109523.453125,110064.4296875,110639.625,2025-11-02,110639.625
72852006359,110764.9140625,105336.359375,110646.90625,106547.5234375,2025-11-03,106547.5234375
110967184773,107264.8828125,98962.0625,106541.421875,101590.5234375,2025-11-04,101590.5234375
77584934804,104534.703125,98989.9140625,101579.234375,103891.8359375,2025-11-05,103891.8359375
63932752861,104147.3046875,100336.8671875,103893.6640625,101301.2890625,2025-11-06,101301.2890625
92168030081,104052.9140625,99257.0546875,101286.2421875,103372.40625,2025-11-07,103372.40625
51446691095,103373.5625,101458.0390625,103371.703125,102282.1171875,2025-11-08,102282.1171875
59679243013,105418.3671875,101468.875,102278.984375,104719.640625,2025-11-09,104719.640625
69585887229,106564.6953125,104350.6484375,104723.7734375,105996.59375,2025-11-10,105996.59375
71130078574,107428.2578125,102457.328125,105996.859375,102997.46875,2025-11-11,102997.46875
64347179408,105297.234375,100836.6171875,103011.4375,101663.1875,2025-11-12,101663.1875
101546815416,104005.4921875,97988.71875,101674.1484375,99697.4921875,2025-11-13,99697.4921875
114346441890,99804.4296875,94000.734375,99694.703125,94397.7890625,2025-11-14,94397.7890625
38500716654,96728.46875,94420.46875,94420.46875,95549.1484375,2025-11-15,95549.1484375
71086235862,96564.1875,92971.1640625,95556.8671875,94177.078125,2025-11-16,94177.078125
94186165724,95928.3671875,91214.7578125,94180.875,92093.875,2025-11-17,92093.875
101333569062,93745.078125,89300.4609375,92094.53125,92948.875,2025-11-18,92948.875
80350354656,92946.1640625,88526.828125,92946.1640625,91465.9921875,2025-11-19,91465.9921875
97970645638,93025.0703125,86040.796875,91459.3515625,86631.8984375,2025-11-20,86631.8984375
129157506112,87380.8046875,80659.8125,86528.7734375,85090.6875,2025-11-21,85090.6875
40793099246,85503.0078125,83490.8984375,85098.5625,84648.359375,2025-11-22,84648.359375
58083435576,88038.46875,84641.7734375,84648.609375,86805.0078125,2025-11-23,86805.0078125
74433896110,89206.3359375,85272.1953125,86798.7734375,88270.5625,2025-11-24,88270.5625
64837343545,88457.3359375,86131.4296875,88269.9609375,87341.890625,2025-11-25,87341.890625
66496301869,90581.15625,86316.8984375,87345.5859375,90518.3671875,2025-11-26,90518.3671875
57040622845,91897.578125,90089.515625,90517.765625,91285.375,2025-11-27,91285.375
60895830289,92969.0859375,90257.1171875,91285.3828125,90919.265625,2025-11-28,90919.265625
37921773455,91187.6171875,90260.1875,90918.7421875,90851.7578125,2025-11-29,90851.7578125
38497902869,91965.046875,90394.3125,90838.2109375,90394.3125,2025-11-30,90394.3125
87962894424,90398.15625,83862.25,90389.109375,86321.5703125,2025-12-01,86321.5703125
78546798211,92316.6328125,86202.1953125,86322.5390625,91350.203125,2025-12-02,91350.203125
77650204986,94060.7734375,91056.390625,91345.09375,93527.8046875,2025-12-03,93527.8046875
64538402681,94038.2421875,90976.1015625,93454.2578125,92141.625,2025-12-04,92141.625
63256398633,92702.640625,88152.140625,92133.6484375,89387.7578125,2025-12-05,89387.7578125
37994042405,90267.4609375,88951.6640625,89389.359375,89272.375,2025-12-06,89272.375
47394898960,91740.84375,87799.5625,89277.8125,90405.640625,2025-12-07,90405.640625
57394099056,92267.1171875,89644.890625,90424.5859375,90640.203125,2025-12-08,90640.203125
66861721440,94601.5703125,89586.9765625,90639.703125,92691.7109375,2025-12-09,92691.7109375
65420694513,94477.15625,91640.1328125,92695.234375,92020.9453125,2025-12-10,92020.9453125
64532834621,93554.265625,89335.296875,92011.3046875,92511.3359375,2025-12-11,92511.3359375
80275884583,92747.9296875,89532.6015625,92513.6640625,90270.4140625,2025-12-12,90270.4140625
64237748110,90647.5703125,89800.9921875,90257.796875,90298.7109375,2025-12-13,90298.7109375
50465972205,90498.109375,87634.9375,90296.4375,88175.1796875,2025-12-14,88175.1796875
45559514323,89983.921875,85304.078125,88171.078125,86419.78125,2025-12-15,86419.78125
41262178223,88170.09375,85381.6875,86424.40625,87843.984375,2025-12-16,87843.984375
44243392914,90264.5703125,85316.265625,87847.6171875,86143.7578125,2025-12-17,86143.7578125
52667115348,89412.6640625,84436.3125,86144.3671875,85462.5078125,2025-12-18,85462.5078125
46733310561,89339.1171875,85107.6640625,85476.1328125,88103.3828125,2025-12-19,88103.3828125
14688196659,88497.203125,87924.875,88101.671875,88344.0,2025-12-20,88344.0
19845522660,89027.953125,87613.203125,88344.703125,88621.75,2025-12-21,88621.75
38047472118,90501.9296875,87908.0703125,88621.3984375,88490.015625,2025-12-22,88490.015625
43683011533,88898.3828125,86606.9765625,88490.03125,87414.0,2025-12-23,87414.0
25550297986,87956.8828125,86411.796875,87404.3203125,87611.9609375,2025-12-24,87611.9609375
19953216347,88501.7890625,86949.2578125,87608.3203125,87234.7421875,2025-12-25,87234.7421875
42455674908,89459.4296875,86628.140625,87235.5078125,87301.4296875,2025-12-26,87301.4296875
13741199310,87874.78125,87182.9765625,87301.4296875,87802.15625,2025-12-27,87802.15625
15156557929,87986.890625,87394.953125,87799.34375,87835.8359375,2025-12-28,87835.8359375
48411625849,90299.15625,86717.9140625,87835.7890625,87138.140625,2025-12-29,87138.140625
35586356225,89297.9375,86735.546875,87134.3515625,88430.1328125,2025-12-30,88430.1328125
33830210616,89080.2890625,87130.5625,88429.5859375,87508.828125,2025-12-31,87508.828125
18849043990,88803.2265625,87399.40625,87508.046875,88731.984375,2026-01-01,88731.984375
46398906171,90884.4609375,88298.6171875,88733.0625,89944.6953125,2026-01-02,89944.6953125
20774828592,90679.5703125,89328.0703125,89945.0546875,90603.1875,2026-01-03,90603.1875
26770491368,91712.5859375,90595.1015625,90603.0,91413.4921875,2026-01-04,91413.4921875
53376407252,94762.0703125,91414.625,91414.625,93882.5546875,2026-01-05,93882.5546875
52430605257,94395.296875,91286.546875,93876.9453125,93729.03125,2026-01-06,93729.03125
43461295053,93738.7890625,90601.8046875,93727.46875,91308.0546875,2026-01-07,91308.0546875
42386697030,91485.8515625,89233.875,91309.640625,91027.125,2026-01-08,91027.125
38305906684,91910.671875,89625.3828125,91026.2734375,90513.1015625,2026-01-09,90513.1015625
12385895282,90713.03125,90283.3984375,90510.1015625,90386.6484375,2026-01-10,90386.6484375
17165568977,91155.2265625,90212.0234375,90385.359375,90827.4609375,2026-01-11,90827.4609375
41346275358,92395.5234375,90055.0234375,90825.859375,91192.9921875,2026-01-12,91192.9921875
54980674354,96011.625,90941.9296875,91185.3359375,95321.78125,2026-01-13,95321.78125
60592490863,97860.6015625,94583.046875,95322.90625,96929.328125,2026-01-14,96929.328125
53086363027,97150.171875,95103.2421875,96931.2890625,95551.1875,2026-01-15,95551.1875
33248170537,95801.890625,94259.2734375,95554.1015625,95525.1171875,2026-01-16,95525.1171875
16021715122,95598.4765625,95005.6171875,95525.15625,95099.921875,2026-01-17,95099.921875
20809781232,95491.5078125,93588.8671875,95101.1796875,93634.4296875,2026-01-18,93634.4296875
39195241508,93660.828125,92089.25,93655.671875,92553.59375,2026-01-19,92553.59375
53072968031,92798.4296875,87814.9296875,92553.6015625,88310.90625,2026-01-20,88310.90625
56330422434,90430.40625,87231.5703125,88326.5078125,89376.9609375,2026-01-21,89376.9609375
35549685694,90258.9609375,88438.4453125,89378.5234375,89462.453125,2026-01-22,89462.453125
38997586037,91100.25,88486.359375,89462.046875,89503.875,2026-01-23,89503.875
14558687712,89811.609375,89044.2890625,89506.1484375,89110.734375,2026-01-24,89110.734375
36124986722,89193.1484375,86003.7109375,89104.765625,86572.21875,2026-01-25,86572.21875
45329286974,88743.0703125,86429.2890625,86566.5234375,88267.140625,2026-01-26,88267.140625
38744942267,89427.125,87228.921875,88257.4765625,89102.5703125,2026-01-27,89102.5703125
39807419296,90439.2890625,88721.4609375,89104.046875,89184.5703125,2026-01-28,89184.5703125
64653083162,89200.78125,83250.6015625,89169.8515625,84561.5859375,2026-01-29,84561.5859375
72083816087,84602.1640625,81071.4765625,84562.7265625,84128.65625,2026-01-30,84128.65625
70479259159,84136.921875,75815.8828125,84126.5,78621.1171875,2026-01-31,78621.1171875
53372509744,79322.609375,75698.8984375,78626.125,76974.4453125,2026-02-01,76974.4453125
75140589684,79258.609375,74551.3359375,76968.875,78688.765625,2026-02-02,78688.765625
68249110822,79118.8515625,72897.140625,78693.5078125,75633.546875,2026-02-03,75633.546875
67215363944,76864.65625,71779.9296875,75640.09375,73019.703125,2026-02-04,73019.703125
125509410908,73161.5546875,62353.53515625,73016.375,62702.09765625,2026-02-05,62702.09765625
114674259489,71681.3046875,60074.203125,62704.453125,70555.390625,2026-02-06,70555.390625
62347107663,71611.1484375,67364.4453125,70553.796875,69281.96875,2026-02-07,69281.96875
39721722619,72206.90625,68852.8984375,69283.7265625,70264.7265625,2026-02-08,70264.7265625
52081598792,71369.96875,68291.03125,70243.328125,70120.78125,2026-02-09,70120.78125
40593063077,70464.265625,67913.09375,70137.390625,68793.9609375,2026-02-10,68793.9609375
49671946030,69242.6796875,65757.3046875,68791.859375,66991.96875,2026-02-11,66991.96875
44651071271,68339.4921875,65092.109375,66992.1953125,66221.84375,2026-02-12,66221.84375
40820775886,69382.8359375,65835.78125,66213.375,68857.84375,2026-02-13,68857.84375
36012397645,70481.1640625,68706.6171875,68856.984375,69767.625,2026-02-14,69767.625
40191152750,70939.2890625,68052.546875,69764.953125,68788.1875,2026-02-15,68788.1875
33618145426,70067.234375,67301.5859375,68782.3984375,68843.15625,2026-02-16,68843.15625
34866936040,69201.8671875,66615.28125,68843.09375,67494.21875,2026-02-17,67494.21875
33094301643,68434.4296875,65845.8984375,67488.0234375,66425.3203125,2026-02-18,66425.3203125
31492987019,67277.125,65637.4296875,66425.625,66957.5234375,2026-02-19,66957.5234375
47507867304,68269.03125,66452.484375,66958.578125,68005.421875,2026-02-20,68005.421875
18357635642,68657.703125,67533.0703125,68000.25,68003.765625,2026-02-21,68003.765625
17893536012,68235.2265625,67185.6015625,67998.828125,67659.390625,2026-02-22,67659.390625
50953457309,67668.4296875,63924.4375,67668.4296875,64616.73828125,2026-02-23,64616.73828125
40849331086,64992.15625,62553.1875,64616.015625,64080.04296875,2026-02-24,64080.04296875
53629234355,69953.53125,63942.484375,64077.76953125,67960.125,2026-02-25,67960.125
42988597523,68843.3515625,66523.734375,67954.8671875,67453.7734375,2026-02-26,67453.7734375
40283655942,68220.40625,64946.03515625,67456.515625,65881.796875,2026-02-27,65881.796875
42041497112,67714.5234375,63062.21875,65878.9296875,66995.859375,2026-02-28,66995.859375
40733141929,68162.8203125,65076.73046875,67005.8828125,65738.1015625,2026-03-01,65738.1015625
56698092052,70044.0,65303.13671875,65734.078125,68775.8515625,2026-03-02,68775.8515625
47947999049,69232.890625,66237.6171875,68785.078125,68293.6484375,2026-03-03,68293.6484375
75073101274,74051.8046875,67437.40625,68290.5625,72710.578125,2026-03-04,72710.578125
51172841727,73555.7890625,70654.8828125,72712.65625,70841.125,2026-03-05,70841.125
43776962871,71378.5703125,67757.8203125,70842.15625,68136.4921875,2026-03-06,68136.4921875
23258701211,68515.1640625,66969.2578125,68136.6875,67272.59375,2026-03-07,67272.59375
33195080116,68177.7890625,65639.1953125,67272.5,65969.78125,2026-03-08,65969.78125
49499875378,69474.9453125,65858.0078125,65969.5859375,68402.3828125,2026-03-09,68402.3828125
54003996096,71770.8984375,68402.71875,68402.71875,69926.921875,2026-03-10,69926.921875
45236859848,71337.6640625,68998.8671875,69931.25,70204.8828125,2026-03-11,70204.8828125
40871848129,70775.828125,69230.15625,70209.765625,70493.4609375,2026-03-12,70493.4609375
61167226505,73927.328125,70410.7265625,70497.046875,70968.265625,2026-03-13,70968.265625
22283546496,71291.203125,70339.5859375,70965.3828125,71214.625,2026-03-14,71214.625
27991268669,73173.0078125,70882.421875,71213.6796875,72789.9140625,2026-03-15,72789.9140625
55572438409,74901.859375,72300.6328125,72798.171875,74861.0859375,2026-03-16,74861.0859375
49500721728,75988.3984375,73444.2265625,74855.296875,73922.4765625,2026-03-17,73922.4765625
46229011155,74658.9765625,70503.859375,73936.8515625,71245.578125,2026-03-18,71245.578125
44631433398,71598.84375,68805.5234375,71250.3515625,69912.7890625,2026-03-19,69912.7890625
38299078407,71346.796875,69398.8828125,69911.53125,70522.5859375,2026-03-20,70522.5859375
21109354718,71051.2734375,68602.9140625,70522.46875,68711.5234375,2026-03-21,68711.5234375
30108051508,69561.7734375,67372.875,68737.4453125,67845.2109375,2026-03-22,67845.2109375
51508669357,71782.2578125,67458.84375,67843.0,70914.859375,2026-03-23,70914.859375
40181522399,71371.3046875,68920.6953125,70912.671875,70517.859375,2026-03-24,70517.859375
35409791747,71985.7421875,70383.59375,70520.046875,71309.8828125,2026-03-25,71309.8828125
38962070215,71410.390625,68118.3515625,71310.1171875,68791.625,2026-03-26,68791.625
46483453594,69117.53125,65532.5703125,68790.8359375,66338.375,2026-03-27,66338.375
20924883455,67232.859375,65906.7421875,66338.5,66319.6953125,2026-03-28,66319.6953125
21645889785,67052.953125,64971.70703125,66319.6953125,65954.921875,2026-03-29,65954.921875
37694994180,68087.2890625,65759.8046875,65958.3515625,66691.4453125,2026-03-30,66691.4453125
42997691338,68495.2734375,65950.4375,66694.5859375,68233.3125,2026-03-31,68233.3125
36465393617,69230.359375,67555.359375,68232.890625,68078.5546875,2026-04-01,68078.5546875
39323384518,68633.1484375,65725.2578125,68077.8984375,66888.5703125,2026-04-02,66888.5703125
22815543346,67296.234375,66281.5390625,66889.015625,66931.1015625,2026-04-03,66931.1015625
15878814963,67515.015625,66769.640625,66938.6484375,67290.515625,2026-04-04,67290.515625
22972648674,69087.65625,66610.6328125,67291.1953125,68981.8984375,2026-04-05,68981.8984375
39542143229,70305.421875,68347.078125,68982.9140625,68859.828125,2026-04-06,68859.828125
44650511480,72732.4296875,67740.5078125,68859.375,71940.703125,2026-04-07,71940.703125
42444631703,72825.1875,70707.46875,71950.1484375,71123.359375,2026-04-08,71123.359375
38799581473,73107.265625,70486.359375,71120.5703125,71767.828125,2026-04-09,71767.828125
37722595732,73440.1171875,71434.828125,71774.3671875,72979.046875,2026-04-10,72979.046875
23287073965,73784.234375,72556.3359375,72976.125,73054.2734375,2026-04-11,73054.2734375
29882740487,73154.03125,70540.5703125,73056.046875,70753.40625,2026-04-12,70753.40625
52278211554,74896.3125,70588.5234375,70757.6171875,74484.640625,2026-04-13,74484.640625
53540826530,76061.7578125,73877.203125,74478.3984375,74181.609375,2026-04-14,74181.609375
38090174312,75409.2734375,73549.203125,74182.0234375,74805.078125,2026-04-15,74805.078125
41312783855,75506.5703125,73346.265625,74810.875,75152.1328125,2026-04-16,75152.1328125
54137194839,78320.6796875,74558.6015625,75164.0390625,77126.875,2026-04-17,77126.875
26014416776,77416.703125,75504.9453125,77136.046875,75726.2109375,2026-04-18,75726.2109375
30931515195,76243.09375,73802.3828125,75723.6953125,73856.3515625,2026-04-19,73856.3515625
39674447916,76575.359375,73775.5703125,73854.25,75872.5234375,2026-04-20,75872.5234375
36453522626,76881.4765625,74852.671875,75872.828125,76352.7734375,2026-04-21,76352.7734375
48336654537,79468.0,76159.578125,76354.21875,78203.1015625,2026-04-22,78203.1015625
40354900916,78676.9375,77014.453125,78203.875,78268.953125,2026-04-23,78268.953125
32784213526,78554.09375,77318.4453125,78263.8203125,77455.3125,2026-04-24,77455.3125
16702933134,77882.640625,77184.6640625,77457.2109375,77612.015625,2026-04-25,77612.015625
21482934750,78923.5625,77334.890625,77613.1171875,78657.5390625,2026-04-26,78657.5390625
38135631927,79488.171875,76481.34375,78661.015625,77366.625,2026-04-27,77366.625
32056900880,77483.8671875,75673.6015625,77368.1171875,76350.671875,2026-04-28,76350.671875
41460907886,77884.96875,74958.5703125,76350.6875,75776.1328125,2026-04-29,75776.1328125
29497862305,76611.484375,75318.984375,75778.6328125,76304.3203125,2026-04-30,76304.3203125
39164328894,78894.9765625,76294.6953125,76305.0546875,78179.0,2026-05-01,78179.0
16761531851,79119.7890625,78031.9609375,78177.75,78657.25,2026-05-02,78657.25
20544392639,79402.359375,78073.078125,78656.7265625,78538.2265625,2026-05-03,78538.2265625
54325085296,80742.359375,78217.9609375,78540.2890625,79827.90625,2026-05-04,79827.90625
39700107376,81751.453125,79787.578125,79823.53125,80927.0546875,2026-05-05,80927.0546875
41751540000,82792.2109375,80751.0234375,80930.734375,81427.53125,2026-05-06,81427.53125
36931193154,81684.953125,79522.65625,81428.8515625,80009.9921875,2026-05-07,80009.9921875
33789351540,80447.265625,79205.515625,80009.625,80186.765625,2026-05-08,80186.765625
18102086996,81030.0625,80119.9296875,80187.7421875,80664.3671875,2026-05-09,80664.3671875
26965971077,82430.171875,80274.1328125,80665.609375,82138.9296875,2026-05-10,82138.9296875
32409774919,82326.234375,80451.421875,82139.046875,81728.296875,2026-05-11,81728.296875
32186688600,81753.03125,79832.1015625,81725.3515625,80477.4921875,2026-05-12,80477.4921875
34075428359,81276.671875,78725.5078125,80476.7890625,79277.1171875,2026-05-13,79277.1171875
43731663431,82005.9609375,78909.6796875,79276.9453125,81051.25,2026-05-14,81051.25
38183347368,81634.84375,78635.3671875,81046.8671875,79065.6796875,2026-05-15,79065.6796875
25895799905,79173.5,77630.734375,79066.0,78131.4375,2026-05-16,78131.4375
20900166465,78539.3984375,76783.4140625,78133.5859375,77429.3515625,2026-05-17,77429.3515625
41520471808,77749.3203125,76029.2265625,77426.34375,76954.171875,2026-05-18,76954.171875
26031898332,77346.8671875,76082.3671875,76954.75,76750.90625,2026-05-19,76750.90625
26668360936,77775.5703125,76463.6484375,76749.453125,77457.7734375,2026-05-20,77457.7734375
27141485404,78100.5625,76655.4375,77462.5078125,77539.171875,2026-05-21,77539.171875
27859040109,77819.453125,75323.875,77538.1171875,75488.2421875,2026-05-22,75488.2421875
29973220002,77288.1171875,74255.234375,75488.3125,76673.3671875,2026-05-23,76673.3671875
20572738918,77372.5390625,76019.890625,76670.65625,76981.125,2026-05-24,76981.125
19808387601,77804.921875,76833.0390625,76981.125,77279.9296875,2026-05-25,77279.9296875
35999475458,77990.8671875,75569.46875,77280.125,75825.734375,2026-05-26,75825.734375
33802172927,76014.296875,74136.5,75825.3046875,74344.703125,2026-05-27,74344.703125
40148145327,74460.125,72493.4140625,74339.5703125,73536.5546875,2026-05-28,73536.5546875
34457929250,74218.5625,72435.625,73537.03125,73372.5234375,2026-05-29,73372.5234375
19563589191,74020.7578125,73125.234375,73370.8515625,73754.8359375,2026-05-30,73754.8359375
17445435650,74153.5,73315.015625,73753.75,73579.6875,2026-05-31,73579.6875
43378836121,73969.5703125,70599.5078125,73580.2109375,71319.7734375,2026-06-01,71319.7734375
54990073882,71334.953125,66127.265625,71321.03125,66703.65625,2026-06-02,66703.65625
47411556213,67402.9296875,64009.67578125,66694.0078125,64014.3671875,2026-06-03,64014.3671875
63800151780,64664.4453125,61335.75,64020.0703125,63801.57421875,2026-06-04,63801.57421875
71465606706,63901.515625,59108.91796875,63807.69140625,60922.66796875,2026-06-05,60922.66796875
30898464957,61491.703125,59496.625,60924.4765625,60867.4140625,2026-06-06,60867.4140625
36006496194,64128.04296875,60724.06640625,60866.94140625,63239.51953125,2026-06-07,63239.51953125
34133252457,64185.765625,62384.66796875,63244.0859375,63090.58984375,2026-06-08,63090.58984375
40144449754,63486.08984375,60756.6875,63092.890625,61643.78125,2026-06-09,61643.78125
27493506779,62788.27734375,60788.0234375,61643.20703125,61449.2890625,2026-06-10,61449.2890625
29316677897,63851.94921875,61447.96875,61448.87890625,63561.0546875,2026-06-11,63561.0546875
26881868307,64334.015625,62778.79296875,63547.44140625,63543.19921875,2026-06-12,63543.19921875
16956245530,64700.87890625,63431.3203125,63541.515625,64421.32421875,2026-06-13,64421.32421875
21572226975,65749.78125,63634.0234375,64420.16796875,65710.3984375,2026-06-14,65710.3984375
32927321950,67248.1328125,65315.8359375,65711.109375,66289.5,2026-06-15,66289.5
25063963967,66928.609375,65315.0703125,66289.4609375,65600.640625,2026-06-16,65600.640625
31288885189,66354.625,63870.9296875,65600.4296875,64418.4453125,2026-06-17,64418.4453125
30432454936,64736.921875,62201.14453125,64419.64453125,62896.47265625,2026-06-18,62896.47265625
22361931660,63568.22265625,62275.58203125,62897.515625,63540.8359375,2026-06-19,63540.8359375
17486384117,64307.13671875,63149.66015625,63535.80859375,64239.67578125,2026-06-20,64239.67578125
15739619591,64506.578125,63221.0,64242.32421875,63237.5390625,2026-06-21,63237.5390625
26561496819,65544.0,63233.53125,63240.7890625,63952.10546875,2026-06-22,63952.10546875
29608942370,64196.5625,61893.20703125,63952.79296875,62668.01953125,2026-06-23,62668.01953125
42644106535,63097.7578125,59029.85546875,62663.03125,60995.1328125,2026-06-24,60995.1328125
40625024718,61868.90625,58075.921875,60992.0703125,59721.67578125,2026-06-25,59721.67578125
41502864671,60647.1875,58269.125,59712.0546875,60016.4296875,2026-06-26,60016.4296875
15099836554,60835.046875,59794.62109375,60016.3125,59940.09765625,2026-06-27,59940.09765625
16282230874,60432.70703125,58879.6328125,59940.3515625,59532.33984375,2026-06-28,59532.33984375
30829983083,60682.33984375,58856.1875,59522.7890625,60138.37890625,2026-06-29,60138.37890625
32747419391,60173.21875,58111.671875,60136.453125,58558.859375,2026-06-30,58558.859375
37904450118,61223.76953125,57747.765625,58562.4453125,60003.7578125,2026-07-01,60003.7578125
40109297349,62117.875,59532.32421875,60004.76953125,61485.30078125,2026-07-02,61485.30078125
26131813598,62879.0078125,61176.72265625,61492.06640625,62544.19921875,2026-07-03,62544.19921875
18608397613,63398.41015625,62287.5859375,62545.12890625,63088.3046875,2026-07-04,63088.3046875
18267466154,63935.84765625,62413.9921875,63089.05859375,63547.8828125,2026-07-05,63547.8828125
36552222303,64597.5703125,61275.828125,63551.015625,63995.015625,2026-07-06,63995.015625
31026493556,64257.6328125,62623.93359375,63994.59765625,63297.39453125,2026-07-07,63297.39453125
27349235354,63706.88671875,61492.6484375,63293.51953125,62257.57421875,2026-07-08,62257.57421875
26546256117,63422.94140625,61645.75390625,62257.31640625,63193.1484375,2026-07-09,63193.1484375
27450201269,64658.96875,62902.0625,63194.359375,64127.140625,2026-07-10,64127.140625
13954689047,64445.4609375,63785.62109375,64127.96875,63802.02734375,2026-07-11,63802.02734375
19043437787,64243.1328125,63606.82421875,63791.40234375,63758.21875,2026-07-12,63758.21875
37650044790,64340.8828125,61769.0,63757.171875,62239.12109375,2026-07-13,62239.12109375
29841287318,65046.1328125,62207.5234375,62238.5859375,64956.11328125,2026-07-14,64956.11328125
27029791676,65507.59375,64442.8203125,64959.80859375,64712.375,2026-07-15,64712.375
27232426674,64931.85546875,63701.8046875,64713.296875,63789.28125,2026-07-16,63789.28125
27280236800,64332.01953125,62489.453125,63789.91015625,63899.4609375,2026-07-17,63899.4609375
14162542470,64816.50390625,63845.015625,63899.1796875,64796.6015625,2026-07-18,64796.6015625
15000653941,64909.88671875,64250.9140625,64799.27734375,64690.8046875,2026-07-19,64690.8046875
30988932408,65735.71875,63720.390625,64684.41796875,65230.02734375,2026-07-20,65230.02734375
29554470321,66910.0625,65113.65625,65228.87109375,66505.125,2026-07-21,66505.125
28142272410,66694.6484375,65514.17578125,66506.7890625,66100.796875,2026-07-22,66100.796875
24364433538,66282.3828125,64610.609375,66100.1328125,65044.8125,2026-07-23,65044.8125
25917559237,65760.484375,63686.03515625,65044.95703125,64098.49609375,2026-07-24,64098.49609375
13817493398,64386.0625,63753.02734375,64098.4921875,64311.8125,2026-07-25,64311.8125
14301494281,65503.76953125,64233.453125,64311.78515625,65340.30078125,2026-07-26,65340.30078125
26183821002,65658.3359375,63562.484375,65340.58984375,63724.8984375,2026-07-27,63724.8984375
24128738898,64026.921875,62714.8046875,63723.48828125,63871.36328125,2026-07-28,63871.36328125
28611167472,64638.6953125,63206.2109375,63871.39453125,63908.16796875,2026-07-29,63908.16796875
26250039650,65071.4453125,63533.90625,63908.625,64725.30859375,2026-07-30,64725.30859375
30439749629,65328.18359375,62410.8671875,64723.96875,62813.74609375,2026-07-31,62813.74609375
13553286543,63091.59765625,62233.01171875,62813.6640625,62763.3203125,2026-08-01,62763.3203125
15901776708,63714.61328125,62745.25390625,62763.4453125,63482.0,2026-08-02,63482.0
26038889824,64020.32421875,62226.578125,63485.44140625,63460.8984375,2026-08-03,63460.8984375
23662357784,64466.9375,63277.68359375,63458.41015625,64055.953125,2026-08-04,64055.953125
23568584891,64954.34765625,63829.71875,64054.87890625,64597.5,2026-08-05,64597.5
18529402711,64934.4921875,64098.4765625,64595.44921875,64262.11328125,2026-08-06,64262.11328125
22165720102,65330.609375,64113.2734375,64257.48828125,64880.19140625,2026-08-07,64880.19140625
12350094271,65140.48046875,64797.11328125,64882.546875,64904.6875,2026-08-08,64904.6875
13234538380,65401.69140625,64677.6015625,64906.55078125,64844.88671875,2026-08-09,64844.88671875
22384770392,65321.83984375,63752.56640625,64845.3828125,63910.5859375,2026-08-10,63910.5859375
20824820662,64433.6796875,63185.47265625,63910.17578125,63551.875,2026-08-11,63551.875
23063864553,64381.078125,63251.11328125,63551.87109375,63402.43359375,2026-08-12,63402.43359375
18765583756,63926.33203125,62799.2890625,63404.42578125,63402.171875,2026-08-13,63402.171875
20280053024,63551.5625,62487.69921875,63402.08984375,62975.59375,2026-08-14,62975.59375
10033057106,63119.1328125,62850.9609375,62974.3359375,63024.3203125,2026-08-15,63024.3203125
9078986635,63310.77734375,62648.57421875,63023.421875,62818.65234375,2026-08-16,62818.65234375
21555405073,64547.84765625,62687.1015625,62819.37890625,64506.25390625,2026-08-17,64506.25390625
18728001793,64987.7109375,63980.32421875,64506.5234375,64680.7109375,2026-08-18,64680.7109375
46228098443,69996.953125,64111.0703125,64680.046875,69266.1875,2026-08-19,69266.1875
55444322363,73369.8046875,68867.53125,69268.25,73032.7578125,2026-08-20,73032.7578125
74478039014,79463.7109375,73011.4140625,73031.0859375,78335.1875,2026-08-21,78335.1875
42131959963,78801.1484375,76526.7109375,78332.5546875,77083.4140625,2026-08-22,77083.4140625
31158396908,78036.8671875,75624.9453125,77082.84375,77755.265625,2026-08-23,77755.265625
55502180329,79970.109375,76688.828125,77748.875,78964.484375,2026-08-24,78964.484375
46728068401,81235.03125,77870.625,78960.09375,78564.9765625,2026-08-25,78564.9765625
29329039002,79240.5,77639.8359375,78538.5859375,79027.421875,2026-08-26,79027.421875
34033075972,80806.5625,78591.1015625,79037.921875,80257.5390625,2026-08-27,80257.5390625
39362871737,81346.953125,76909.3515625,80264.6484375,77830.2890625,2026-08-28,77830.2890625
14053131399,78327.9453125,77381.8984375,77830.890625,78245.8125,2026-08-29,78245.8125
19314839672,79373.1796875,77056.1484375,78246.171875,77667.5703125,2026-08-30,77667.5703125
30608386987,79247.34375,77378.4375,77673.703125,78548.6328125,2026-08-31,78548.6328125
30608796575,79196.515625,76399.0625,78539.859375,77403.625,2026-09-01,77403.625
26525296646,77737.546875,76248.3046875,77402.140625,77300.4765625,2026-09-02,77300.4765625
40504199354,82262.2109375,76940.8828125,77300.1640625,81271.7421875,2026-09-03,81271.7421875
37501874897,81433.1484375,78641.625,81271.5390625,79671.96875,2026-09-04,79671.96875
18559708494,80194.5078125,79465.0625,79671.703125,79823.8671875,2026-09-05,79823.8671875
19391863269,80530.6484375,79327.5,79824.6015625,80350.046875,2026-09-06,80350.046875
23414434445,80432.3125,78684.9296875,80349.1953125,79115.8515625,2026-09-07,79115.8515625
34680168667,79463.2734375,77635.6875,79114.90625,78438.578125,2026-09-08,78438.578125
29192409298,79737.296875,77768.1484375,78440.6015625,78259.5234375,2026-09-09,78259.5234375
30120111719,78520.96875,76470.640625,78260.3828125,76568.125,2026-09-10,76568.125
37410998193,79818.3359375,76162.9140625,76559.125,77173.796875,2026-09-11,77173.796875
12664765797,77479.65625,77045.0,77175.0703125,77270.46875,2026-09-12,77270.46875
13607872549,77415.65625,76498.3828125,77270.1796875,76838.15625,2026-09-13,76838.15625
29909358382,79568.953125,76367.375,76830.28125,78163.3828125,2026-09-14,78163.3828125
39694675220,78242.546875,74944.59375,78162.484375,75612.5078125,2026-09-15,75612.5078125
30053315577,76474.078125,74995.5234375,75611.796875,76150.3203125,2026-09-16,76150.3203125
21917458567,77079.1640625,75945.5546875,76152.0546875,76403.7734375,2026-09-17,76403.7734375
40378562386,81331.765625,76228.328125,76405.015625,80901.4609375,2026-09-18,80901.4609375
20505634866,81911.140625,80814.9375,80900.2890625,81233.6796875,2026-09-19,81233.6796875
21259753701,81455.203125,80098.7734375,81234.3046875,81142.609375,2026-09-20,81142.609375
57676223471,87363.7578125,80867.0859375,81143.625,86602.9140625,2026-09-21,86602.9140625
40800687783,86700.0,85098.0078125,86604.375,86172.28125,2026-09-22,86172.28125
46088463341,87265.4921875,83519.734375,86176.765625,84383.0078125,2026-09-23,84383.0078125
37106744985,84876.2265625,82906.6171875,84381.59375,84379.0625,2026-09-24,84379.0625
34118533914,85230.0546875,83165.53125,84379.515625,84034.921875,2026-09-25,84034.921875
15169336375,84423.1796875,83781.109375,84035.8203125,84406.453125,2026-09-26,84406.453125
19386591468,85126.109375,84121.328125,84412.71875,84458.0859375,2026-09-27,84458.0859375
42589028679,84972.6640625,82570.71875,84454.1171875,83502.609375,2026-09-28,83502.609375
28029782264,84511.28125,82739.09375,83500.3203125,83622.4296875,2026-09-29,83622.4296875
36290317874,85599.8046875,82927.875,83621.3984375,83553.8515625,2026-09-30,83553.8515625
32802609098,85224.2734375,83132.7578125,83554.25,84853.1015625,2026-10-01,84853.1015625
46528418756,87146.3515625,83852.6953125,84855.6484375,84497.2109375,2026-10-02,84497.2109375
12574826191,85019.328125,84429.6484375,84503.1875,84763.578125,2026-10-03,84763.578125
15031650242,86766.1484375,84707.3203125,84765.515625,86480.3046875,2026-10-04,86480.3046875
30242651384,86971.78125,84971.8671875,86480.0078125,85786.59375,2026-10-05,85786.59375
25245965925,86664.5390625,85119.5546875,85785.6640625,85557.5625,2026-10-06,85557.5625
38737709051,85594.546875,82771.7890625,85554.796875,83275.9296875,2026-10-07,83275.9296875
46221063868,83474.9609375,80336.90625,83281.46875,81676.3359375,2026-10-08,81676.3359375
24611932160,83259.6328125,81602.40625,81690.4921875,82318.453125,2026-10-09,82318.453125
