low,high,open,volume,close,date,adjclose
3.5829999446868896,3.75,3.7200000286102295,5473700,3.6700000762939453,2024-10-10,3.6700000762939453
3.7049999237060547,4.199999809265137,3.7100000381469727,7403800,4.190000057220459,2024-10-11,4.190000057220459
4.199999809265137,4.539999961853027,4.289999961853027,9561700,4.320000171661377,2024-10-14,4.320000171661377
4.159999847412109,4.599999904632568,4.449999809265137,11938700,4.380000114440918,2024-10-15,4.380000114440918
4.380000114440918,5.039999961853027,4.5,15096600,5.010000228881836,2024-10-16,5.010000228881836
4.715000152587891,4.989999771118164,4.940000057220459,8599200,4.820000171661377,2024-10-17,4.820000171661377
4.800000190734863,5.03000020980835,4.909999847412109,10542800,4.96999979019165,2024-10-18,4.96999979019165
4.619999885559082,5.389999866485596,4.84499979019165,14119700,5.380000114440918,2024-10-21,5.380000114440918
5.130000114440918,5.519999980926514,5.340000152587891,9960900,5.5,2024-10-22,5.5
4.949999809265137,5.409999847412109,5.28000020980835,10674500,5.150000095367432,2024-10-23,5.150000095367432
5.25,5.590000152587891,5.269999980926514,10141500,5.585000038146973,2024-10-24,5.585000038146973
5.349999904632568,5.599999904632568,5.590000152587891,9565300,5.460000038146973,2024-10-25,5.460000038146973
5.550000190734863,5.809999942779541,5.639999866485596,10066700,5.659999847412109,2024-10-28,5.659999847412109
5.329999923706055,5.849999904632568,5.809999942779541,11562000,5.389999866485596,2024-10-29,5.389999866485596
5.0,5.429999828338623,5.070000171661377,8203200,5.28000020980835,2024-10-30,5.28000020980835
4.769999980926514,5.070000171661377,5.010000228881836,10687700,4.929999828338623,2024-10-31,4.929999828338623
4.869999885559082,5.320000171661377,5.090000152587891,12921800,5.25,2024-11-01,5.25
4.985000133514404,5.335000038146973,5.110000133514404,11378500,5.039999961853027,2024-11-04,5.039999961853027
5.15500020980835,5.650000095367432,5.190000057220459,10630400,5.320000171661377,2024-11-05,5.320000171661377
5.96999979019165,7.0,6.099999904632568,28357600,6.96999979019165,2024-11-06,6.96999979019165
6.420000076293945,7.09499979019165,6.670000076293945,19742900,6.949999809265137,2024-11-07,6.949999809265137
6.5,7.199999809265137,6.920000076293945,13830100,7.159999847412109,2024-11-08,7.159999847412109
7.070000171661377,7.769999980926514,7.480000019073486,22539100,7.429999828338623,2024-11-11,7.429999828338623
6.78000020980835,7.570000171661377,6.8420000076293945,11107400,7.349999904632568,2024-11-12,7.349999904632568
6.619999885559082,7.747000217437744,7.400000095367432,11548400,6.619999885559082,2024-11-13,6.619999885559082
6.329999923706055,7.025000095367432,6.730000019073486,8557500,6.420000076293945,2024-11-14,6.420000076293945
6.269999980926514,6.670000076293945,6.590000152587891,5921400,6.630000114440918,2024-11-15,6.630000114440918
6.440000057220459,7.050000190734863,6.519999980926514,5761000,6.53000020980835,2024-11-18,6.53000020980835
6.329999923706055,6.739999771118164,6.460000038146973,5139800,6.679999828338623,2024-11-19,6.679999828338623
6.324999809265137,7.0,6.860000133514404,10560800,6.510000228881836,2024-11-20,6.510000228881836
6.03000020980835,7.051000118255615,6.880000114440918,10170500,6.190000057220459,2024-11-21,6.190000057220459
5.849999904632568,6.989999771118164,6.03000020980835,9446200,6.78000020980835,2024-11-22,6.78000020980835
6.210000038146973,6.919000148773193,6.909999847412109,8853700,6.449999809265137,2024-11-25,6.449999809265137
5.610000133514404,6.230000019073486,6.170000076293945,9376600,5.630000114440918,2024-11-26,5.630000114440918
5.675000190734863,6.449999809265137,5.699999809265137,9453100,6.449999809265137,2024-11-27,6.449999809265137
6.554999828338623,7.289999961853027,6.554999828338623,9483500,6.699999809265137,2024-11-29,6.699999809265137
6.139999866485596,6.744999885559082,6.670000076293945,9477400,6.300000190734863,2024-12-02,6.300000190734863
5.960000038146973,6.449999809265137,6.050000190734863,7324100,6.190000057220459,2024-12-03,6.190000057220459
6.21999979019165,6.914999961853027,6.340000152587891,9351400,6.849999904632568,2024-12-04,6.849999904632568
6.863999843597412,7.534999847412109,7.2230000495910645,13270500,6.889999866485596,2024-12-05,6.889999866485596
6.980000019073486,7.486999988555908,7.0,15272900,7.110000133514404,2024-12-06,7.110000133514404
6.349999904632568,7.099999904632568,7.050000190734863,9980500,6.380000114440918,2024-12-09,6.380000114440918
6.119999885559082,6.579999923706055,6.519999980926514,6935200,6.130000114440918,2024-12-10,6.130000114440918
6.179999828338623,6.53000020980835,6.300000190734863,8094500,6.460000038146973,2024-12-11,6.460000038146973
6.284999847412109,6.894999980926514,6.46999979019165,10926800,6.489999771118164,2024-12-12,6.489999771118164
6.054999828338623,6.5,6.409999847412109,8377500,6.130000114440918,2024-12-13,6.130000114440918
6.139999866485596,7.670000076293945,6.210000038146973,23026000,7.389999866485596,2024-12-16,7.389999866485596
7.079999923706055,7.559999942779541,7.460000038146973,12538100,7.230000019073486,2024-12-17,7.230000019073486
6.110000133514404,7.309999942779541,7.190000057220459,13264700,6.289999961853027,2024-12-18,6.289999961853027
5.699999809265137,6.630000114440918,6.534999847412109,10619900,5.739999771118164,2024-12-19,5.739999771118164
5.480000019073486,5.940000057220459,5.559999942779541,14877900,5.730000019073486,2024-12-20,5.730000019073486
5.190000057220459,5.71999979019165,5.710000038146973,10155300,5.210000038146973,2024-12-23,5.210000038146973
5.230000019073486,5.574999809265137,5.334000110626221,5741300,5.5,2024-12-24,5.5
5.25,5.449999809265137,5.380000114440918,5873800,5.260000228881836,2024-12-26,5.260000228881836
4.829999923706055,5.409999847412109,5.230000019073486,9866200,4.860000133514404,2024-12-27,4.860000133514404
4.510000228881836,4.815000057220459,4.690000057220459,10026900,4.659999847412109,2024-12-30,4.659999847412109
4.510000228881836,4.869999885559082,4.839000225067139,9125900,4.639999866485596,2024-12-31,4.639999866485596
4.670000076293945,5.039999961853027,4.840000152587891,7396300,4.829999923706055,2025-01-02,4.829999923706055
4.855000019073486,5.579999923706055,4.900000095367432,9916000,5.570000171661377,2025-01-03,5.570000171661377
5.5,5.96999979019165,5.739999771118164,8576500,5.849999904632568,2025-01-06,5.849999904632568
5.199999809265137,5.829999923706055,5.829999923706055,6358200,5.389999866485596,2025-01-07,5.389999866485596
4.949999809265137,5.295000076293945,5.25,5836000,5.050000190734863,2025-01-08,5.050000190734863
4.75,5.039999961853027,4.960000038146973,8810500,4.980000019073486,2025-01-10,4.980000019073486
4.590000152587891,4.829999923706055,4.710000038146973,9508400,4.809999942779541,2025-01-13,4.809999942779541
4.880000114440918,5.244999885559082,5.099999904632568,6852400,4.949999809265137,2025-01-14,4.949999809265137
5.070000171661377,5.409999847412109,5.25,6320000,5.239999771118164,2025-01-15,5.239999771118164
5.15500020980835,5.454999923706055,5.210000038146973,6461300,5.199999809265137,2025-01-16,5.199999809265137
5.349999904632568,5.710000038146973,5.5,8574200,5.429999828338623,2025-01-17,5.429999828338623
5.045000076293945,5.550000190734863,5.449999809265137,10177900,5.389999866485596,2025-01-21,5.389999866485596
5.150000095367432,5.619999885559082,5.380000114440918,9685500,5.510000228881836,2025-01-22,5.510000228881836
5.309999942779541,5.800000190734863,5.320000171661377,9499300,5.53000020980835,2025-01-23,5.53000020980835
5.605000019073486,6.409999847412109,5.679999828338623,17478600,5.900000095367432,2025-01-24,5.900000095367432
4.099999904632568,5.439000129699707,5.429999828338623,30563700,4.510000228881836,2025-01-27,4.510000228881836
4.260000228881836,4.75,4.699999809265137,13441700,4.489999771118164,2025-01-28,4.489999771118164
4.385000228881836,4.605000019073486,4.429999828338623,17218000,4.5,2025-01-29,4.5
4.59499979019165,4.875,4.599999904632568,12990300,4.699999809265137,2025-01-30,4.699999809265137
5.5,6.289999961853027,5.599999904632568,43149400,5.730000019073486,2025-01-31,5.730000019073486
5.119999885559082,6.039000034332275,5.230000019073486,15682600,5.820000171661377,2025-02-03,5.820000171661377
5.599999904632568,5.900000095367432,5.769999980926514,7186500,5.809999942779541,2025-02-04,5.809999942779541
5.650000095367432,6.050000190734863,5.889999866485596,8831900,5.710000038146973,2025-02-05,5.710000038146973
5.710000038146973,6.369999885559082,5.809999942779541,18258900,5.889999866485596,2025-02-06,5.889999866485596
5.869999885559082,6.449999809265137,6.074999809265137,10873500,5.96999979019165,2025-02-07,5.96999979019165
5.90500020980835,6.150000095367432,6.079999923706055,10952200,5.960000038146973,2025-02-10,5.960000038146973
5.670000076293945,6.175000190734863,5.900000095367432,8375100,5.699999809265137,2025-02-11,5.699999809265137
5.53000020980835,5.925000190734863,5.53000020980835,6938200,5.78000020980835,2025-02-12,5.78000020980835
5.559999942779541,6.0,5.775000095367432,6629000,5.980000019073486,2025-02-13,5.980000019073486
5.96999979019165,6.170000076293945,5.989999771118164,6766700,6.059999942779541,2025-02-14,6.059999942779541
5.849999904632568,6.21999979019165,6.085000038146973,9133000,5.900000095367432,2025-02-18,5.900000095367432
5.920000076293945,6.329999923706055,5.920000076293945,8439200,6.019999980926514,2025-02-19,6.019999980926514
5.809999942779541,6.170000076293945,6.050000190734863,8575600,6.079999923706055,2025-02-20,6.079999923706055
5.46999979019165,6.434999942779541,6.179999828338623,16653400,5.489999771118164,2025-02-21,5.489999771118164
4.75,5.619999885559082,5.610000133514404,18956200,4.965000152587891,2025-02-24,4.965000152587891
3.8450000286102295,4.75,4.639999866485596,41009500,4.099999904632568,2025-02-25,4.099999904632568
3.9700000286102295,4.324999809265137,4.039999961853027,20898800,4.175000190734863,2025-02-26,4.175000190734863
3.940000057220459,4.880000114440918,4.5279998779296875,30367500,3.9700000286102295,2025-02-27,3.9700000286102295
3.869999885559082,4.119999885559082,3.9700000286102295,39086900,4.079999923706055,2025-02-28,4.079999923706055
3.809999942779541,4.599999904632568,4.510000228881836,23737100,3.8499999046325684,2025-03-03,3.8499999046325684
3.309999942779541,3.9600000381469727,3.6500000953674316,16561900,3.75,2025-03-04,3.75
3.7799999713897705,4.159999847412109,3.8350000381469727,12526200,4.159999847412109,2025-03-05,4.159999847412109
3.7300000190734863,4.03000020980835,3.880000114440918,12531500,3.7899999618530273,2025-03-06,3.7899999618530273
3.640000104904175,3.950000047683716,3.759999990463257,10654600,3.890000104904175,2025-03-07,3.890000104904175
2.990000009536743,3.690000057220459,3.640000104904175,15111900,3.0799999237060547,2025-03-10,3.0799999237060547
2.869999885559082,3.25,3.059999942779541,13499800,3.180000066757202,2025-03-11,3.180000066757202
3.069999933242798,3.430000066757202,3.3299999237060547,11224900,3.200000047683716,2025-03-12,3.200000047683716
2.9600000381469727,3.200000047683716,3.119999885559082,11321600,3.0299999713897705,2025-03-13,3.0299999713897705
2.940000057220459,3.1500000953674316,3.0799999237060547,15940600,3.0399999618530273,2025-03-14,3.0399999618530273
2.9200000762939453,3.190000057220459,3.009999990463257,16305400,3.119999885559082,2025-03-17,3.119999885559082
2.859999895095825,3.065000057220459,3.0199999809265137,11283900,2.869999885559082,2025-03-18,2.869999885559082
2.880000114440918,3.174999952316284,2.890000104904175,11937800,3.059999942779541,2025-03-19,3.059999942779541
2.9200000762939453,3.109999895095825,2.9700000286102295,13446600,3.0,2025-03-20,3.0
2.8399999141693115,2.9600000381469727,2.9100000858306885,13746200,2.9200000762939453,2025-03-21,2.9200000762939453
3.0199999809265137,3.2200000286102295,3.0399999618530273,16218300,3.200000047683716,2025-03-24,3.200000047683716
2.9600000381469727,3.190000057220459,3.190000057220459,10453800,3.0399999618530273,2025-03-25,3.0399999618530273
2.5799999237060547,3.0299999713897705,3.0199999809265137,13240600,2.680000066757202,2025-03-26,2.680000066757202
2.5199999809265137,2.680000066757202,2.634999990463257,8037700,2.5399999618530273,2025-03-27,2.5399999618530273
2.2799999713897705,2.549999952316284,2.549999952316284,9909500,2.319999933242798,2025-03-28,2.319999933242798
2.180000066757202,2.309999942779541,2.2699999809265137,6795400,2.299999952316284,2025-03-31,2.299999952316284
2.2100000381469727,2.490000009536743,2.309999942779541,9701500,2.4600000381469727,2025-04-01,2.4600000381469727
2.3499999046325684,2.6500000953674316,2.380000114440918,13161800,2.6500000953674316,2025-04-02,2.6500000953674316
2.2699999809265137,2.440000057220459,2.3299999237060547,9602300,2.309999942779541,2025-04-03,2.309999942779541
1.8600000143051147,2.299999952316284,2.25,20714800,2.0999999046325684,2025-04-04,2.0999999046325684
1.8600000143051147,2.4000000953674316,1.8899999856948853,24656900,2.2300000190734863,2025-04-07,2.2300000190734863
2.0899999141693115,2.3889999389648438,2.380000114440918,10292800,2.109999895095825,2025-04-08,2.109999895095825
2.0299999713897705,2.5799999237060547,2.049999952316284,16867100,2.4600000381469727,2025-04-09,2.4600000381469727
2.119999885559082,2.4000000953674316,2.3399999141693115,10114600,2.2200000286102295,2025-04-10,2.2200000286102295
2.200000047683716,2.4600000381469727,2.2100000381469727,7381200,2.4200000762939453,2025-04-11,2.4200000762939453
2.390000104904175,2.5399999618530273,2.5199999809265137,6014600,2.440000057220459,2025-04-14,2.440000057220459
2.200000047683716,2.509999990463257,2.4600000381469727,7576500,2.319999933242798,2025-04-15,2.319999933242798
2.2200000286102295,2.359999895095825,2.2200000286102295,7444700,2.325000047683716,2025-04-16,2.325000047683716
2.25,2.380000114440918,2.3399999141693115,5680900,2.369999885559082,2025-04-17,2.369999885559082
2.319999933242798,2.4549999237060547,2.369999885559082,8681600,2.3399999141693115,2025-04-21,2.3399999141693115
2.440000057220459,2.799999952316284,2.450000047683716,22104200,2.740000009536743,2025-04-22,2.740000009536743
2.809999942779541,2.990000009536743,2.9200000762939453,17254200,2.859999895095825,2025-04-23,2.859999895095825
2.809999942779541,3.059999942779541,2.869999885559082,16355900,3.0,2025-04-24,3.0
2.9800000190734863,3.174999952316284,3.0199999809265137,11985400,3.0799999237060547,2025-04-25,3.0799999237060547
2.930000066757202,3.115000009536743,3.0899999141693115,13905900,3.059999942779541,2025-04-28,3.059999942779541
2.9600000381469727,3.1549999713897705,3.0299999713897705,11783700,3.0799999237060547,2025-04-29,3.0799999237060547
2.7699999809265137,2.9700000286102295,2.950000047683716,8009200,2.8499999046325684,2025-04-30,2.8499999046325684
2.9100000858306885,3.1600000858306885,2.9800000190734863,9013700,3.115000009536743,2025-05-01,3.115000009536743
3.119999885559082,3.299999952316284,3.200000047683716,13030800,3.1600000858306885,2025-05-02,3.1600000858306885
2.9100000858306885,3.065000057220459,3.059999942779541,11213600,2.9800000190734863,2025-05-05,2.9800000190734863
2.875,3.180000066757202,2.940000057220459,12478900,3.0399999618530273,2025-05-06,3.0399999618530273
2.950000047683716,3.0999999046325684,3.049999952316284,17891700,3.0199999809265137,2025-05-07,3.0199999809265137
3.055000066757202,3.2799999713897705,3.1700000762939453,19329600,3.119999885559082,2025-05-08,3.119999885559082
2.950000047683716,3.2200000286102295,3.0999999046325684,20604400,2.9800000190734863,2025-05-09,2.9800000190734863
3.0999999046325684,3.3299999237060547,3.180000066757202,25578200,3.1500000953674316,2025-05-12,3.1500000953674316
3.2219998836517334,3.450000047683716,3.255000114440918,15916700,3.430000066757202,2025-05-13,3.430000066757202
3.25,3.4600000381469727,3.4100000858306885,14741200,3.309999942779541,2025-05-14,3.309999942779541
3.0199999809265137,3.2699999809265137,3.2100000381469727,22265800,3.1700000762939453,2025-05-15,3.1700000762939453
3.1700000762939453,3.9100000858306885,3.200000047683716,24140600,3.859999895095825,2025-05-16,3.859999895095825
3.609999895095825,3.859999895095825,3.6500000953674316,17247400,3.809999942779541,2025-05-19,3.809999942779541
3.5899999141693115,3.805000066757202,3.7799999713897705,20196700,3.7799999713897705,2025-05-20,3.7799999713897705
3.3399999141693115,3.7799999713897705,3.490000009536743,57678700,3.505000114440918,2025-05-21,3.505000114440918
3.5,3.700000047683716,3.6500000953674316,20717500,3.569999933242798,2025-05-22,3.569999933242798
3.3399999141693115,3.5799999237060547,3.4200000762939453,15879700,3.4700000286102295,2025-05-23,3.4700000286102295
3.4800000190734863,3.6500000953674316,3.5799999237060547,23640300,3.569999933242798,2025-05-27,3.569999933242798
3.2699999809265137,3.5299999713897705,3.5199999809265137,21629800,3.3499999046325684,2025-05-28,3.3499999046325684
3.234999895095825,3.4200000762939453,3.390000104904175,17981000,3.25,2025-05-29,3.25
3.0899999141693115,3.2300000190734863,3.1700000762939453,22974500,3.119999885559082,2025-05-30,3.119999885559082
3.0799999237060547,3.299999952316284,3.0799999237060547,17153700,3.25,2025-06-02,3.25
3.255000114440918,3.4800000190734863,3.259999990463257,25419400,3.434999942779541,2025-06-03,3.434999942779541
3.3510000705718994,3.819999933242798,3.4119999408721924,33723600,3.740000009536743,2025-06-04,3.740000009536743
3.440000057220459,3.9549999237060547,3.880000114440918,27681500,3.5299999713897705,2025-06-05,3.5299999713897705
3.630000114440918,3.9600000381469727,3.640000104904175,22774200,3.9000000953674316,2025-06-06,3.9000000953674316
3.869999885559082,4.21999979019165,4.050000190734863,26030900,4.139999866485596,2025-06-09,4.139999866485596
3.9800000190734863,4.204999923706055,4.199999809265137,24466700,4.059999942779541,2025-06-10,4.059999942779541
3.984999895095825,4.21999979019165,4.070000171661377,24082500,4.079999923706055,2025-06-11,4.079999923706055
3.8299999237060547,4.039999961853027,3.9100000858306885,19441100,3.8399999141693115,2025-06-12,3.8399999141693115
3.630000114440918,3.875,3.690000057220459,21618500,3.7200000286102295,2025-06-13,3.7200000286102295
3.740000009536743,3.9800000190734863,3.8299999237060547,23776600,3.930000066757202,2025-06-16,3.930000066757202
3.5899999141693115,3.8499999046325684,3.799999952316284,21038500,3.680000066757202,2025-06-17,3.680000066757202
3.5899999141693115,3.924999952316284,3.6500000953674316,28901400,3.809999942779541,2025-06-18,3.809999942779541
3.744999885559082,4.03000020980835,3.9549999237060547,31893500,3.7899999618530273,2025-06-20,3.7899999618530273
3.2899999618530273,3.674999952316284,3.6649999618530273,36263600,3.5299999713897705,2025-06-23,3.5299999713897705
3.630000114440918,3.869999885559082,3.6500000953674316,28098200,3.8499999046325684,2025-06-24,3.8499999046325684
3.759999990463257,3.950000047683716,3.940000057220459,25796500,3.8499999046325684,2025-06-25,3.8499999046325684
3.6500000953674316,4.239999771118164,3.7899999618530273,69426900,4.190000057220459,2025-06-26,4.190000057220459
4.079999923706055,4.539999961853027,4.239999771118164,73713300,4.260000228881836,2025-06-27,4.260000228881836
4.289999961853027,4.860000133514404,4.349999904632568,69565600,4.78000020980835,2025-06-30,4.78000020980835
4.550000190734863,5.0,4.699999809265137,69022100,4.900000095367432,2025-07-01,4.900000095367432
4.989999771118164,5.699999809265137,5.360000133514404,94946300,5.679999828338623,2025-07-02,5.679999828338623
5.760000228881836,6.449999809265137,5.840000152587891,49906000,6.050000190734863,2025-07-03,6.050000190734863
5.269999980926514,5.889999866485596,5.809999942779541,56133400,5.789999961853027,2025-07-07,5.789999961853027
5.840000152587891,6.21999979019165,5.940000057220459,39862700,6.03000020980835,2025-07-08,6.03000020980835
5.980000019073486,6.380000114440918,6.139999866485596,46014800,6.260000228881836,2025-07-09,6.260000228881836
6.03000020980835,6.510000228881836,6.170000076293945,44983300,6.239999771118164,2025-07-10,6.239999771118164
5.860000133514404,6.46999979019165,6.409999847412109,35125400,5.869999885559082,2025-07-11,5.869999885559082
5.929999828338623,6.385000228881836,6.0,39182000,6.03000020980835,2025-07-14,6.03000020980835
5.809999942779541,6.199999809265137,5.960000038146973,37418300,5.96999979019165,2025-07-15,5.96999979019165
6.130000114440918,6.565000057220459,6.150000095367432,43910200,6.269999980926514,2025-07-16,6.269999980926514
6.059999942779541,6.539999961853027,6.199999809265137,31767000,6.420000076293945,2025-07-17,6.420000076293945
6.040999889373779,6.739999771118164,6.480000019073486,27747000,6.360000133514404,2025-07-18,6.360000133514404
6.21999979019165,6.840000152587891,6.414999961853027,26757500,6.25,2025-07-21,6.25
5.949999809265137,7.099999904632568,6.28000020980835,73607700,6.940000057220459,2025-07-22,6.940000057220459
6.28000020980835,6.769999980926514,6.760000228881836,39045700,6.679999828338623,2025-07-23,6.679999828338623
6.480000019073486,6.869999885559082,6.679999828338623,40318400,6.650000095367432,2025-07-24,6.650000095367432
6.309999942779541,6.570000171661377,6.550000190734863,16774500,6.46999979019165,2025-07-25,6.46999979019165
6.079999923706055,6.635000228881836,6.590000152587891,17435800,6.159999847412109,2025-07-28,6.159999847412109
5.639999866485596,6.190000057220459,6.159999847412109,21843900,5.679999828338623,2025-07-29,5.679999828338623
5.300000190734863,5.860000133514404,5.800000190734863,16052900,5.449999809265137,2025-07-30,5.449999809265137
5.420000076293945,5.739999771118164,5.610000133514404,18624900,5.460000038146973,2025-07-31,5.460000038146973
4.920000076293945,5.25,5.0320000648498535,18975200,4.929999828338623,2025-08-01,4.929999828338623
4.929999828338623,5.204999923706055,4.994999885559082,17303300,5.190000057220459,2025-08-04,5.190000057220459
4.909999847412109,5.144999980926514,5.122000217437744,15854800,5.010000228881836,2025-08-05,5.010000228881836
4.949999809265137,5.210000038146973,5.039999961853027,17438200,5.210000038146973,2025-08-06,5.210000038146973
4.820000171661377,5.289999961853027,5.179999828338623,20704700,4.869999885559082,2025-08-07,4.869999885559082
4.550000190734863,4.980000019073486,4.960000038146973,18448400,4.75,2025-08-08,4.75
4.739999771118164,5.099999904632568,4.934999942779541,18901000,4.760000228881836,2025-08-11,4.760000228881836
4.670000076293945,4.840000152587891,4.75,16497400,4.71999979019165,2025-08-12,4.71999979019165
4.710000038146973,4.949999809265137,4.840000152587891,17296600,4.900000095367432,2025-08-13,4.900000095367432
4.909999847412109,5.329999923706055,4.989999771118164,34715100,5.320000171661377,2025-08-14,5.320000171661377
5.0,5.360000133514404,5.25,27210700,5.210000038146973,2025-08-15,5.210000038146973
5.289999961853027,6.300000190734863,5.300000190734863,36317300,6.050000190734863,2025-08-18,6.050000190734863
5.599999904632568,6.159999847412109,6.070000171661377,26049200,5.760000228881836,2025-08-19,5.760000228881836
5.320000171661377,5.965000152587891,5.760000228881836,25525100,5.949999809265137,2025-08-20,5.949999809265137
5.679999828338623,5.960000038146973,5.741000175476074,20635700,5.900000095367432,2025-08-21,5.900000095367432
5.710000038146973,6.409999847412109,5.869999885559082,23186300,6.380000114440918,2025-08-22,6.380000114440918
6.019999980926514,6.730000019073486,6.314000129699707,26545800,6.639999866485596,2025-08-25,6.639999866485596
6.480000019073486,7.130000114440918,6.550000190734863,26674000,7.119999885559082,2025-08-26,7.119999885559082
6.949999809265137,7.230000019073486,7.130000114440918,21089900,6.989999771118164,2025-08-27,6.989999771118164
7.0,7.309999942779541,7.28000020980835,20060700,7.019999980926514,2025-08-28,7.019999980926514
6.949999809265137,8.710000038146973,7.25,70174900,7.639999866485596,2025-08-29,7.639999866485596
7.21999979019165,8.779999732971191,7.421000003814697,62445600,8.319999694824219,2025-09-02,8.319999694824219
8.0,8.729999542236328,8.694999694824219,44183400,8.109999656677246,2025-09-03,8.109999656677246
7.329999923706055,8.069999694824219,7.980000019073486,28128800,7.400000095367432,2025-09-04,7.400000095367432
7.083000183105469,7.860000133514404,7.78000020980835,27484500,7.519999980926514,2025-09-05,7.519999980926514
7.170000076293945,7.840000152587891,7.389999866485596,28362500,7.71999979019165,2025-09-08,7.71999979019165
7.900000095367432,9.359999656677246,8.17199993133545,68754300,9.220000267028809,2025-09-09,9.220000267028809
9.25,10.430000305175781,9.555000305175781,69412200,10.25,2025-09-10,10.25
9.875,10.675000190734863,10.149999618530273,39869100,9.970000267028809,2025-09-11,9.970000267028809
9.850000381469727,10.930000305175781,9.9350004196167,32737500,10.850000381469727,2025-09-12,10.850000381469727
10.470000267028809,11.319999694824219,10.869999885559082,42604900,10.850000381469727,2025-09-15,10.850000381469727
10.489999771118164,11.640000343322754,11.069999694824219,30631000,11.510000228881836,2025-09-16,11.510000228881836
11.199000358581543,12.65999984741211,11.300000190734863,34005100,12.380000114440918,2025-09-17,12.380000114440918
11.420000076293945,12.6899995803833,12.640000343322754,36659700,11.850000381469727,2025-09-18,11.850000381469727
11.71500015258789,12.819999694824219,11.760000228881836,39415100,12.279999732971191,2025-09-19,12.279999732971191
12.09000015258789,14.199999809265137,12.510000228881836,43838300,13.960000038146973,2025-09-22,13.960000038146973
13.449999809265137,14.734000205993652,14.34000015258789,54417400,14.149999618530273,2025-09-23,14.149999618530273
13.869999885559082,15.539999961853027,14.805000305175781,46323300,14.140000343322754,2025-09-24,14.140000343322754
11.40999984741211,13.600000381469727,13.59000015258789,155920100,11.65999984741211,2025-09-25,11.65999984741211
11.010000228881836,12.350000381469727,11.494999885559082,94631700,11.470000267028809,2025-09-26,11.470000267028809
11.404999732971191,12.670000076293945,11.864999771118164,61311200,12.649999618530273,2025-09-29,12.649999618530273
12.140000343322754,12.760000228881836,12.720000267028809,47248700,12.59000015258789,2025-09-30,12.59000015258789
12.40999984741211,13.699999809265137,12.880000114440918,61878700,12.600000381469727,2025-10-01,12.600000381469727
13.020000457763672,14.4399995803833,13.079999923706055,57091300,13.8100004196167,2025-10-02,13.8100004196167
14.279999732971191,15.779999732971191,14.470000267028809,67183500,14.699999809265137,2025-10-03,14.699999809265137
15.130000114440918,16.1200008392334,15.539999961853027,46610700,15.34000015258789,2025-10-06,15.34000015258789
14.329999923706055,15.930000305175781,15.380000114440918,49970600,15.75,2025-10-07,15.75
15.220000267028809,18.09000015258789,15.814000129699707,67518800,17.600000381469727,2025-10-08,17.600000381469727
16.959999084472656,18.183000564575195,17.979999542236328,50786000,17.989999771118164,2025-10-09,17.989999771118164
16.809999465942383,20.200000762939453,18.780000686645508,73426700,16.969999313354492,2025-10-10,16.969999313354492
17.65999984741211,20.600000381469727,17.850000381469727,59302800,20.34000015258789,2025-10-13,20.34000015258789
18.8799991607666,21.479999542236328,19.889999389648438,60582300,20.889999389648438,2025-10-14,20.889999389648438
19.75,22.0,21.510000228881836,64445500,21.030000686645508,2025-10-15,21.030000686645508
18.510000228881836,21.15999984741211,21.110000610351562,50099600,18.719999313354492,2025-10-16,18.719999313354492
16.65999984741211,18.84000015258789,17.510000228881836,52918900,18.760000228881836,2025-10-17,18.760000228881836
19.15999984741211,20.989999771118164,20.0,37770700,19.90999984741211,2025-10-20,19.90999984741211
17.469999313354492,19.639999389648438,19.3700008392334,34788600,18.075000762939453,2025-10-21,18.075000762939453
15.039999961853027,18.239999771118164,17.09000015258789,63765700,16.110000610351562,2025-10-22,16.110000610351562
15.979999542236328,17.649999618530273,16.110000610351562,34793000,17.2549991607666,2025-10-23,17.2549991607666
18.18000030517578,20.864999771118164,18.270000457763672,47036300,20.65999984741211,2025-10-24,20.65999984741211
19.649999618530273,21.110000610351562,20.90999984741211,41321300,20.540000915527344,2025-10-27,20.540000915527344
19.770000457763672,21.899999618530273,20.53499984741211,37356500,19.959999084472656,2025-10-28,19.959999084472656
18.639999389648438,20.549999237060547,20.2549991607666,32941100,19.59000015258789,2025-10-29,19.59000015258789
18.299999237060547,20.049999237060547,18.700000762939453,38479400,19.06999969482422,2025-10-30,19.06999969482422
18.579999923706055,20.270000457763672,20.030000686645508,44117800,18.649999618530273,2025-10-31,18.649999618530273
21.020000457763672,25.110000610351562,22.940000534057617,135849900,22.760000228881836,2025-11-03,22.760000228881836
20.100000381469727,24.479999542236328,21.0,66095100,22.510000228881836,2025-11-04,22.510000228881836
22.684999465942383,25.520000457763672,22.8700008392334,59167000,24.709999084472656,2025-11-05,24.709999084472656
21.3799991607666,24.424999237060547,24.059999465942383,53559900,21.709999084472656,2025-11-06,21.709999084472656
19.490999221801758,21.34000015258789,20.825000762939453,45581000,20.690000534057617,2025-11-07,20.690000534057617
19.549999237060547,22.1200008392334,21.868000030517578,40693100,19.649999618530273,2025-11-10,19.649999618530273
18.020000457763672,19.280000686645508,19.010000228881836,34972400,18.670000076293945,2025-11-11,18.670000076293945
16.959999084472656,18.950000762939453,18.700000762939453,35266800,17.3799991607666,2025-11-12,17.3799991607666
14.75,17.049999237060547,16.645000457763672,57680500,14.930000305175781,2025-11-13,14.930000305175781
13.550000190734863,15.760000228881836,13.9399995803833,56948200,14.359999656677246,2025-11-14,14.359999656677246
13.579999923706055,14.9399995803833,14.079000473022461,43610200,14.350000381469727,2025-11-17,14.350000381469727
13.609999656677246,15.100000381469727,14.175000190734863,45069400,14.579999923706055,2025-11-18,14.579999923706055
14.260000228881836,15.699999809265137,14.899999618530273,40607300,14.619999885559082,2025-11-19,14.619999885559082
14.300000190734863,17.55500030517578,16.799999237060547,84186800,14.5600004196167,2025-11-20,14.5600004196167
13.09000015258789,14.970000267028809,14.199999809265137,56373200,14.149999618530273,2025-11-21,14.149999618530273
14.819999694824219,16.8700008392334,14.975000381469727,44269900,16.709999084472656,2025-11-24,16.709999084472656
15.920000076293945,17.68000030517578,16.200000762939453,37852700,17.520000457763672,2025-11-25,17.520000457763672
17.584999084472656,19.649999618530273,18.5,57090400,19.149999618530273,2025-11-26,19.149999618530273
19.459999084472656,21.15999984741211,19.549999237060547,34179400,20.350000381469727,2025-11-28,20.350000381469727
19.0,20.360000610351562,19.329999923706055,35731600,19.690000534057617,2025-12-01,19.690000534057617
17.610000610351562,20.1200008392334,19.829999923706055,36130000,17.639999389648438,2025-12-02,17.639999389648438
16.959999084472656,18.764999389648438,17.559999465942383,31538800,18.6299991607666,2025-12-03,18.6299991607666
18.020000457763672,20.079999923706055,18.155000686645508,30608600,19.829999923706055,2025-12-04,19.829999923706055
18.510000228881836,19.6200008392334,19.3799991607666,25022500,19.280000686645508,2025-12-05,19.280000686645508
18.950000762939453,20.280000686645508,19.889999389648438,28045100,19.479999542236328,2025-12-08,19.479999542236328
18.834999084472656,20.739999771118164,19.040000915527344,33282600,19.559999465942383,2025-12-09,19.559999465942383
18.40999984741211,19.790000915527344,19.049999237060547,29883400,18.479999542236328,2025-12-10,18.479999542236328
17.34000015258789,18.979999542236328,18.25,29990200,18.8799991607666,2025-12-11,18.8799991607666
16.989999771118164,19.239999771118164,18.450000762939453,31326200,17.049999237060547,2025-12-12,17.049999237060547
14.569999694824219,17.15999984741211,17.065000534057617,49273100,14.739999771118164,2025-12-15,14.739999771118164
13.670000076293945,15.15999984741211,14.260000228881836,43614600,14.989999771118164,2025-12-16,14.989999771118164
14.305000305175781,16.0,15.65999984741211,47896400,14.390000343322754,2025-12-17,14.390000343322754
14.829999923706055,15.979999542236328,15.399999618530273,30724500,15.149999618530273,2025-12-18,15.149999618530273
15.420000076293945,16.5,15.529999732971191,38280200,16.209999084472656,2025-12-19,16.209999084472656
16.264999389648438,17.239999771118164,16.649999618530273,23267900,16.34000015258789,2025-12-22,16.34000015258789
15.654999732971191,16.799999237060547,15.829999923706055,20712000,15.90999984741211,2025-12-23,15.90999984741211
15.609999656677246,16.40999984741211,15.6850004196167,11459900,16.219999313354492,2025-12-24,16.219999313354492
15.180000305175781,16.280000686645508,16.2549991607666,16406000,15.1899995803833,2025-12-26,15.1899995803833
14.619999885559082,15.789999961853027,14.800000190734863,15547900,15.079999923706055,2025-12-29,15.079999923706055
14.569999694824219,15.289999961853027,15.140000343322754,18054700,14.59000015258789,2025-12-30,14.59000015258789
14.520000457763672,15.029999732971191,14.630000114440918,16350200,14.760000228881836,2025-12-31,14.760000228881836
14.779999732971191,16.434999465942383,14.970000267028809,24158800,16.200000762939453,2026-01-02,16.200000762939453
16.639999389648438,18.309999465942383,16.719999313354492,26979000,18.15999984741211,2026-01-05,18.15999984741211
16.329999923706055,18.200000762939453,18.020000457763672,25670100,17.540000915527344,2026-01-06,17.540000915527344
16.06999969482422,17.576000213623047,17.2450008392334,15262500,16.079999923706055,2026-01-07,16.079999923706055
15.541999816894531,16.920000076293945,16.020000457763672,21886700,16.549999237060547,2026-01-08,16.549999237060547
16.3799991607666,18.149999618530273,17.149999618530273,25340200,16.6299991607666,2026-01-09,16.6299991607666
16.030000686645508,17.905000686645508,16.25,26652800,17.68000030517578,2026-01-12,17.68000030517578
17.65999984741211,19.049999237060547,18.31999969482422,32087900,18.25,2026-01-13,18.25
17.533000946044922,19.0049991607666,18.280000686645508,27701400,18.1299991607666,2026-01-14,18.1299991607666
17.05500030517578,18.739999771118164,18.239999771118164,32049000,17.520000457763672,2026-01-15,17.520000457763672
17.209999084472656,19.695999145507812,17.510000228881836,45615100,18.799999237060547,2026-01-16,18.799999237060547
17.219999313354492,18.8700008392334,17.68000030517578,28362300,17.920000076293945,2026-01-20,17.920000076293945
16.280000686645508,19.5,18.229999542236328,46175100,17.719999313354492,2026-01-21,17.719999313354492
17.110000610351562,18.420000076293945,17.8799991607666,22162700,17.389999389648438,2026-01-22,17.389999389648438
16.364999771118164,18.670000076293945,17.350000381469727,41658800,17.56999969482422,2026-01-23,17.56999969482422
16.209999084472656,17.56999969482422,17.56999969482422,29490200,16.489999771118164,2026-01-26,16.489999771118164
16.450000762939453,18.850000381469727,16.649999618530273,39892400,18.75,2026-01-27,18.75
18.170000076293945,19.30500030517578,18.96500015258789,33139400,18.969999313354492,2026-01-28,18.969999313354492
16.71500015258789,18.90999984741211,18.899999618530273,33488400,17.700000762939453,2026-01-29,17.700000762939453
15.614999771118164,17.459999084472656,17.219999313354492,28279800,15.960000038146973,2026-01-30,15.960000038146973
15.229999542236328,16.549999237060547,15.4399995803833,24288600,15.8100004196167,2026-02-02,15.8100004196167
14.925000190734863,16.799999237060547,16.139999389648438,39813600,16.260000228881836,2026-02-03,16.260000228881836
12.744999885559082,15.729999542236328,15.552000045776367,53285300,14.25,2026-02-04,14.25
12.635000228881836,14.670000076293945,13.75,43916600,12.699999809265137,2026-02-05,12.699999809265137
13.449999809265137,14.859999656677246,13.65999984741211,31185300,14.729999542236328,2026-02-06,14.729999542236328
15.0,17.010000228881836,15.390000343322754,36705300,16.760000228881836,2026-02-09,16.760000228881836
16.649999618530273,17.959999084472656,16.739999771118164,40514000,17.100000381469727,2026-02-10,17.100000381469727
15.649999618530273,17.610000610351562,17.170000076293945,31151100,16.280000686645508,2026-02-11,16.280000686645508
15.220000267028809,16.690000534057617,16.3799991607666,34841800,16.100000381469727,2026-02-12,16.100000381469727
15.770000457763672,17.510000228881836,16.38599967956543,37914300,16.420000076293945,2026-02-13,16.420000076293945
14.954999923706055,16.170000076293945,15.975000381469727,30552300,15.640000343322754,2026-02-17,15.640000343322754
15.100000381469727,16.2450008392334,15.449999809265137,20153600,15.420000076293945,2026-02-18,15.420000076293945
14.65999984741211,15.850000381469727,15.130000114440918,21476000,15.800000190734863,2026-02-19,15.800000190734863
14.390000343322754,16.18000030517578,15.699999809265137,27010900,14.649999618530273,2026-02-20,14.649999618530273
14.069999694824219,15.350000381469727,14.239999771118164,23312600,15.220000267028809,2026-02-23,15.220000267028809
14.630000114440918,17.55500030517578,15.5600004196167,51315100,17.1200008392334,2026-02-24,17.1200008392334
16.399999618530273,17.81999969482422,17.350000381469727,30538800,16.610000610351562,2026-02-25,16.610000610351562
15.720000267028809,16.860000610351562,16.450000762939453,25597300,16.479999542236328,2026-02-26,16.479999542236328
14.979999542236328,16.260000228881836,15.829999923706055,22915300,15.600000381469727,2026-02-27,15.600000381469727
14.925999641418457,16.22599983215332,15.104999542236328,22702500,15.760000228881836,2026-03-02,15.760000228881836
14.295000076293945,15.300000190734863,14.975000381469727,26493500,14.710000038146973,2026-03-03,14.710000038146973
15.114999771118164,16.280000686645508,15.329999923706055,22140500,16.040000915527344,2026-03-04,16.040000915527344
14.461000442504883,16.040000915527344,15.640000343322754,24119800,15.149999618530273,2026-03-05,15.149999618530273
13.539999961853027,14.760000228881836,14.600000381469727,27525100,13.619999885559082,2026-03-06,13.619999885559082
13.050000190734863,14.40999984741211,13.550000190734863,24012900,14.3100004196167,2026-03-09,14.3100004196167
13.760000228881836,14.625,14.359999656677246,22011600,13.960000038146973,2026-03-10,13.960000038146973
13.720000267028809,14.949999809265137,14.225000381469727,26921800,14.109999656677246,2026-03-11,14.109999656677246
13.029999732971191,13.850000381469727,13.640000343322754,25128400,13.710000038146973,2026-03-12,13.710000038146973
13.954000473022461,15.170000076293945,14.020000457763672,37028500,14.079999923706055,2026-03-13,14.079999923706055
14.670000076293945,15.375,14.774999618530273,21356900,15.140000343322754,2026-03-16,15.140000343322754
14.75,15.34000015258789,15.095000267028809,14615300,15.09000015258789,2026-03-17,15.09000015258789
14.609999656677246,15.1850004196167,14.970000267028809,15936800,14.670000076293945,2026-03-18,14.670000076293945
13.859999656677246,14.774999618530273,14.260000228881836,18881600,14.640000343322754,2026-03-19,14.640000343322754
13.51200008392334,14.899999618530273,14.510000228881836,25392100,14.010000228881836,2026-03-20,14.010000228881836
14.100000381469727,15.479999542236328,14.100000381469727,23942100,14.890000343322754,2026-03-23,14.890000343322754
14.274999618530273,15.260000228881836,14.84000015258789,19854300,14.880000114440918,2026-03-24,14.880000114440918
15.470000267028809,16.670000076293945,16.075000762939453,40675400,15.880000114440918,2026-03-25,15.880000114440918
14.10099983215332,15.479999542236328,15.399999618530273,23575400,14.350000381469727,2026-03-26,14.350000381469727
13.4399995803833,14.260000228881836,14.039999961853027,19249100,13.744999885559082,2026-03-27,13.744999885559082
11.800000190734863,14.0600004196167,14.029999732971191,32268600,12.015000343322754,2026-03-30,12.015000343322754
11.720000267028809,12.869999885559082,12.34000015258789,26824700,12.869999885559082,2026-03-31,12.869999885559082
12.600000381469727,13.420000076293945,13.15999984741211,21937300,12.640000343322754,2026-04-01,12.640000343322754
11.899999618530273,13.055000305175781,12.0,18962700,12.819999694824219,2026-04-02,12.819999694824219
12.779999732971191,13.6899995803833,12.779999732971191,18144200,13.350000381469727,2026-04-06,13.350000381469727
12.6899995803833,14.029999732971191,13.149999618530273,25749600,14.010000228881836,2026-04-07,14.010000228881836
14.354999542236328,15.579999923706055,15.25,35970400,15.420000076293945,2026-04-08,15.420000076293945
15.260000228881836,16.96500015258789,15.289999961853027,30843900,16.360000610351562,2026-04-09,16.360000610351562
16.399999618530273,17.280000686645508,16.454999923706055,23205100,16.530000686645508,2026-04-10,16.530000686645508
15.859999656677246,17.809999465942383,16.024999618530273,25083100,17.760000228881836,2026-04-13,17.760000228881836
18.200000762939453,19.325000762939453,18.420000076293945,29273700,18.450000762939453,2026-04-14,18.450000762939453
17.434999465942383,18.385000228881836,18.200000762939453,22117300,18.0,2026-04-15,18.0
16.84000015258789,18.25,18.200000762939453,21047500,17.34000015258789,2026-04-16,17.34000015258789
16.989999771118164,19.3799991607666,17.969999313354492,35433700,19.3700008392334,2026-04-17,19.3700008392334
18.65999984741211,19.8799991607666,19.0,25085900,19.290000915527344,2026-04-20,19.290000915527344
17.770000457763672,19.635000228881836,19.559999465942383,25547700,18.040000915527344,2026-04-21,18.040000915527344
18.524999618530273,19.84000015258789,18.799999237060547,22616800,19.440000534057617,2026-04-22,19.440000534057617
18.3700008392334,20.239999771118164,19.155000686645508,27568900,18.690000534057617,2026-04-23,18.690000534057617
17.959999084472656,19.610000610351562,19.079999923706055,28975100,18.200000762939453,2026-04-24,18.200000762939453
17.833999633789062,18.985000610351562,18.270000457763672,21513000,18.15999984741211,2026-04-27,18.15999984741211
16.479999542236328,17.600000381469727,17.600000381469727,21490900,17.260000228881836,2026-04-28,17.260000228881836
16.604999542236328,17.5,17.440000534057617,15941500,16.920000076293945,2026-04-29,16.920000076293945
17.200000762939453,18.1299991607666,17.489999771118164,16837600,17.739999771118164,2026-04-30,17.739999771118164
16.950000762939453,18.434999465942383,17.940000534057617,17324100,17.040000915527344,2026-05-01,17.040000915527344
17.079999923706055,18.209999084472656,17.1200008392334,23579100,17.889999389648438,2026-05-04,17.889999389648438
17.649999618530273,22.170000076293945,18.309999465942383,63658800,22.100000381469727,2026-05-05,22.100000381469727
21.329999923706055,22.96500015258789,22.309999465942383,43299100,21.90999984741211,2026-05-06,21.90999984741211
19.670000076293945,21.81999969482422,21.690000534057617,25929800,20.684999465942383,2026-05-07,20.684999465942383
19.799999237060547,21.639999389648438,21.3439998626709,24464300,20.549999237060547,2026-05-08,20.549999237060547
19.139999389648438,21.489999771118164,19.920000076293945,28416100,20.280000686645508,2026-05-11,20.280000686645508
18.649999618530273,20.55500030517578,19.75,23458900,20.059999465942383,2026-05-12,20.059999465942383
19.700000762939453,21.610000610351562,20.5,30507900,21.239999771118164,2026-05-13,21.239999771118164
20.665000915527344,22.520000457763672,21.510000228881836,27530700,22.290000915527344,2026-05-14,22.290000915527344
20.040000915527344,21.31999969482422,21.280000686645508,24257000,20.329999923706055,2026-05-15,20.329999923706055
17.850000381469727,20.059999465942383,20.020000457763672,23021400,19.1200008392334,2026-05-18,19.1200008392334
17.6200008392334,19.125,18.799999237060547,19398500,18.799999237060547,2026-05-19,18.799999237060547
19.059999465942383,20.440000534057617,19.295000076293945,21509700,19.479999542236328,2026-05-20,19.479999542236328
19.700000762939453,21.559999465942383,19.81999969482422,26727300,21.520000457763672,2026-05-21,21.520000457763672
20.959999084472656,22.350000381469727,21.299999237060547,19436000,21.969999313354492,2026-05-22,21.969999313354492
22.53499984741211,24.649999618530273,23.260000228881836,25430800,23.020000457763672,2026-05-26,23.020000457763672
22.170000076293945,25.559999465942383,23.1200008392334,34659600,25.15999984741211,2026-05-27,25.15999984741211
23.93000030517578,25.145000457763672,24.829999923706055,19156700,24.59000015258789,2026-05-28,24.59000015258789
22.56999969482422,24.3799991607666,24.360000610351562,17095500,23.649999618530273,2026-05-29,23.649999618530273
22.301000595092773,24.860000610351562,23.100000381469727,23373900,24.010000228881836,2026-06-01,24.010000228881836
24.700000762939453,26.600000381469727,24.725000381469727,29972500,26.290000915527344,2026-06-02,26.290000915527344
25.812000274658203,28.6200008392334,27.16900062561035,37902600,26.239999771118164,2026-06-03,26.239999771118164
24.170000076293945,26.329999923706055,25.014999389648438,25965300,25.549999237060547,2026-06-04,25.549999237060547
21.219999313354492,24.579999923706055,24.4950008392334,25866900,22.450000762939453,2026-06-05,22.450000762939453
22.75,24.510000228881836,23.315000534057617,19407900,24.290000915527344,2026-06-08,24.290000915527344
21.809999465942383,25.579999923706055,25.0,23981700,23.03499984741211,2026-06-09,23.03499984741211
20.93000030517578,23.59000015258789,22.68899917602539,19874000,21.020000457763672,2026-06-10,21.020000457763672
20.691999435424805,22.850000381469727,20.780000686645508,22258200,22.6299991607666,2026-06-11,22.6299991607666
22.899999618530273,25.360000610351562,23.299999237060547,26160900,24.5,2026-06-12,24.5
25.639999389648438,26.889999389648438,25.760000228881836,23514500,26.030000686645508,2026-06-15,26.030000686645508
25.934999465942383,27.389999389648438,26.0,19040500,26.209999084472656,2026-06-16,26.209999084472656
26.121999740600586,28.170000076293945,26.229999542236328,23494000,26.350000381469727,2026-06-17,26.350000381469727
26.559999465942383,30.010000228881836,27.799999237060547,39415700,29.18000030517578,2026-06-18,29.18000030517578
27.8700008392334,30.139999389648438,29.21500015258789,18875900,28.139999389648438,2026-06-22,28.139999389648438
25.649999618530273,28.959999084472656,26.114999771118164,18053600,27.639999389648438,2026-06-23,27.639999389648438
24.950000762939453,27.540000915527344,27.540000915527344,22885700,26.219999313354492,2026-06-24,26.219999313354492
24.420000076293945,28.079999923706055,27.51300048828125,22187600,25.68000030517578,2026-06-25,25.68000030517578
23.799999237060547,26.1299991607666,24.940000534057617,44844700,25.940000534057617,2026-06-26,25.940000534057617
23.290000915527344,26.8799991607666,26.344999313354492,20269500,24.829999923706055,2026-06-29,24.829999923706055
23.704999923706055,24.7549991607666,24.420000076293945,16524100,24.5,2026-06-30,24.5
21.690000534057617,23.479000091552734,23.40999984741211,26596800,22.84000015258789,2026-07-01,22.84000015258789
19.385000228881836,23.170000076293945,22.829999923706055,31074900,20.040000915527344,2026-07-02,20.040000915527344
21.049999237060547,22.600000381469727,21.454999923706055,28330500,21.729999542236328,2026-07-06,21.729999542236328
19.5049991607666,21.200000762939453,20.799999237060547,24783100,20.469999313354492,2026-07-07,20.469999313354492
20.139999389648438,21.864999771118164,20.389999389648438,22317000,21.850000381469727,2026-07-08,21.850000381469727
22.420000076293945,24.09000015258789,22.6200008392334,29106500,23.260000228881836,2026-07-09,23.260000228881836
21.770000457763672,23.540000915527344,23.34000015258789,16487900,22.110000610351562,2026-07-10,22.110000610351562
19.652000427246094,22.17799949645996,21.5,18836900,20.084999084472656,2026-07-13,20.084999084472656
19.040000915527344,21.225000381469727,20.8799991607666,18913800,19.8700008392334,2026-07-14,19.8700008392334
18.69099998474121,20.739999771118164,19.899999618530273,21655300,19.8700008392334,2026-07-15,19.8700008392334
17.600000381469727,19.270000457763672,19.010000228881836,18915800,17.719999313354492,2026-07-16,17.719999313354492
16.1299991607666,17.829999923706055,17.0,22952200,17.559999465942383,2026-07-17,17.559999465942383
18.780000686645508,21.014999389648438,18.780000686645508,40939900,20.540000915527344,2026-07-20,20.540000915527344
20.979999542236328,24.489999771118164,21.014999389648438,47445800,22.889999389648438,2026-07-21,22.889999389648438
22.309999465942383,24.6299991607666,22.450000762939453,24515400,24.459999084472656,2026-07-22,24.459999084472656
23.940000534057617,26.84000015258789,24.165000915527344,31634000,25.81999969482422,2026-07-23,25.81999969482422
22.889999389648438,25.799999237060547,25.309999465942383,21181700,23.149999618530273,2026-07-24,23.149999618530273
20.761999130249023,23.90999984741211,23.815000534057617,24720300,21.649999618530273,2026-07-27,21.649999618530273
18.84000015258789,20.81999969482422,20.81999969482422,23678400,20.420000076293945,2026-07-28,20.420000076293945
17.441999435424805,20.68000030517578,20.579999923706055,39794600,17.690000534057617,2026-07-29,17.690000534057617
19.530000686645508,22.959999084472656,19.735000610351562,36327200,22.655000686645508,2026-07-30,22.655000686645508
21.809999465942383,24.530000686645508,24.18000030517578,27799000,22.31999969482422,2026-07-31,22.31999969482422
21.299999237060547,25.219999313354492,21.809999465942383,35732300,24.15999984741211,2026-08-03,24.15999984741211
20.0,22.389999389648438,20.25,61484700,20.3799991607666,2026-08-04,20.3799991607666
18.65999984741211,21.1200008392334,20.34000015258789,35323300,18.709999084472656,2026-08-05,18.709999084472656
17.700000762939453,19.594999313354492,18.065000534057617,31003300,18.209999084472656,2026-08-06,18.209999084472656
16.94499969482422,19.049999237060547,18.729999542236328,45182300,17.18000030517578,2026-08-07,17.18000030517578
16.200000762939453,17.510000228881836,17.510000228881836,33634300,16.329999923706055,2026-08-10,16.329999923706055
16.974000930786133,18.2450008392334,17.190000534057617,32584400,17.209999084472656,2026-08-11,17.209999084472656
17.479999542236328,19.1200008392334,18.575000762939453,34008000,17.8700008392334,2026-08-12,17.8700008392334
16.385000228881836,18.079999923706055,17.420000076293945,35299900,16.6200008392334,2026-08-13,16.6200008392334
16.229999542236328,18.139999389648438,16.469999313354492,38127000,17.854999542236328,2026-08-14,17.854999542236328
17.719999313354492,18.735000610351562,17.760000228881836,26942000,18.5,2026-08-17,18.5
15.770000457763672,17.899999618530273,17.530000686645508,53429100,16.094999313354492,2026-08-18,16.094999313354492
14.890000343322754,16.325000762939453,16.049999237060547,44328000,15.890000343322754,2026-08-19,15.890000343322754
15.579999923706055,17.239999771118164,16.200000762939453,36042000,17.209999084472656,2026-08-20,17.209999084472656
15.479999542236328,18.229999542236328,17.520000457763672,55322000,15.765000343322754,2026-08-21,15.765000343322754
14.960000038146973,15.869999885559082,15.5,33539000,15.359999656677246,2026-08-24,15.359999656677246
15.399999618530273,16.3799991607666,15.630000114440918,29429800,16.309999465942383,2026-08-25,16.309999465942383
15.720999717712402,16.420000076293945,16.0,24944600,16.020000457763672,2026-08-26,16.020000457763672
16.3799991607666,17.46500015258789,16.520000457763672,35794800,16.770000457763672,2026-08-27,16.770000457763672
15.109999656677246,16.469999313354492,16.190000534057617,30897800,15.170000076293945,2026-08-28,15.170000076293945
14.789999961853027,15.59000015258789,15.119999885559082,19235800,15.5,2026-08-31,15.5
14.470000267028809,15.100000381469727,14.885000228881836,20048400,14.609999656677246,2026-09-01,14.609999656677246
14.180000305175781,15.329999923706055,14.329999923706055,21544000,15.180000305175781,2026-09-02,15.180000305175781
15.020000457763672,17.56999969482422,15.109999656677246,37199400,17.3700008392334,2026-09-03,17.3700008392334
17.270000457763672,17.920000076293945,17.325000762939453,25036700,17.739999771118164,2026-09-04,17.739999771118164
17.56999969482422,19.489999771118164,17.950000762939453,39893500,18.510000228881836,2026-09-08,18.510000228881836
16.850000381469727,18.690000534057617,18.59000015258789,42443800,16.899999618530273,2026-09-09,16.899999618530273
15.279999732971191,16.459999084472656,16.049999237060547,47161400,15.9399995803833,2026-09-10,15.9399995803833
15.890000343322754,17.510000228881836,16.1200008392334,34342900,16.850000381469727,2026-09-11,16.850000381469727
15.399999618530273,16.459999084472656,15.550000190734863,34901800,15.635000228881836,2026-09-14,15.635000228881836
14.850000381469727,15.645000457763672,15.524999618530273,25931400,15.09000015258789,2026-09-15,15.09000015258789
15.829999923706055,17.579999923706055,15.920000076293945,62825600,16.719999313354492,2026-09-16,16.719999313354492
16.56999969482422,18.437999725341797,18.03499984741211,41311900,16.940000534057617,2026-09-17,16.940000534057617
17.045000076293945,18.420000076293945,17.799999237060547,41168300,18.34000015258789,2026-09-18,18.34000015258789
18.290000915527344,19.25,18.665000915527344,42333500,18.899999618530273,2026-09-21,18.899999618530273
18.3799991607666,19.7450008392334,18.510000228881836,28768800,19.09000015258789,2026-09-22,19.09000015258789
18.299999237060547,19.559999465942383,19.0,30313100,18.350000381469727,2026-09-23,18.350000381469727
17.719999313354492,18.809999465942383,17.864999771118164,25974900,18.100000381469727,2026-09-24,18.100000381469727
17.440000534057617,18.700000762939453,18.59000015258789,32207000,17.729999542236328,2026-09-25,17.729999542236328
16.68000030517578,17.940000534057617,17.299999237060547,22340300,16.739999771118164,2026-09-28,16.739999771118164
16.440000534057617,17.3700008392334,17.065000534057617,28489200,16.510000228881836,2026-09-29,16.510000228881836
15.8100004196167,16.90999984741211,16.770000457763672,29023000,15.824999809265137,2026-09-30,15.824999809265137
14.880000114440918,15.859999656677246,15.729999542236328,39601900,15.460000038146973,2026-10-01,15.460000038146973
15.350000381469727,16.420000076293945,15.899999618530273,30207500,15.710000038146973,2026-10-02,15.710000038146973
14.859999656677246,15.859999656677246,15.795000076293945,29654600,15.479999542236328,2026-10-05,15.479999542236328
15.21500015258789,15.779999732971191,15.59000015258789,22577500,15.5,2026-10-06,15.5
14.470000267028809,15.229999542236328,14.989999771118164,36663900,14.5600004196167,2026-10-07,14.5600004196167
12.881999969482422,14.239999771118164,14.210000038146973,57349300,13.5,2026-10-08,13.5
13.119999885559082,13.680000305175781,13.600000381469727,18445275,13.520000457763672,2026-10-09,13.520000457763672
