close,low,volume,open,high,date,adjclose
73.23999786376953,71.52999877929688,401159.0,73.83999633789062,74.44999694824219,2024-10-09,73.23999786376953
75.8499984741211,73.26000213623047,321453.0,73.38999938964844,76.23999786376953,2024-10-10,75.8499984741211
75.55999755859375,74.52999877929688,315302.0,75.73999786376953,76.04000091552734,2024-10-11,75.55999755859375
73.83000183105469,71.80999755859375,273455.0,75.05000305175781,75.08000183105469,2024-10-14,73.83000183105469
70.58000183105469,69.70999908447266,328738.0,71.51000213623047,72.12000274658203,2024-10-15,70.58000183105469
70.38999938964844,69.63999938964844,222437.0,70.98999786376953,71.30999755859375,2024-10-16,70.38999938964844
70.66999816894531,69.44000244140625,188161.0,70.68000030517578,71.11000061035156,2024-10-17,70.66999816894531
69.22000122070312,68.69000244140625,95768.0,70.75,71.2300033569336,2024-10-18,69.22000122070312
70.55999755859375,69.0,92584.0,69.45999908447266,71.02999877929688,2024-10-21,70.55999755859375
72.08999633789062,70.05000305175781,330456.0,70.48999786376953,72.66000366210938,2024-10-22,72.08999633789062
70.7699966430664,70.12999725341797,293835.0,71.3499984741211,71.72000122070312,2024-10-23,70.7699966430664
70.19000244140625,69.7699966430664,286571.0,71.0199966430664,72.33999633789062,2024-10-24,70.19000244140625
71.77999877929688,69.95999908447266,287189.0,70.33000183105469,71.91999816894531,2024-10-25,71.77999877929688
67.37999725341797,66.91999816894531,419623.0,68.9800033569336,69.0,2024-10-28,67.37999725341797
67.20999908447266,66.72000122070312,291929.0,68.0199966430664,68.5199966430664,2024-10-29,67.20999908447266
68.61000061035156,67.27999877929688,284795.0,67.47000122070312,69.16999816894531,2024-10-30,68.61000061035156
69.26000213623047,68.30000305175781,311055.0,69.0999984741211,70.80999755859375,2024-10-31,69.26000213623047
69.48999786376953,69.31999969482422,320572.0,70.44000244140625,71.44999694824219,2024-11-01,69.48999786376953
71.47000122070312,70.25,286947.0,70.29000091552734,71.80999755859375,2024-11-04,71.47000122070312
71.98999786376953,71.29000091552734,247311.0,71.62000274658203,72.66999816894531,2024-11-05,71.98999786376953
71.69000244140625,69.73999786376953,388265.0,72.0199966430664,72.62999725341797,2024-11-06,71.69000244140625
72.36000061035156,70.66000366210938,353595.0,71.87000274658203,72.87999725341797,2024-11-07,72.36000061035156
70.37999725341797,69.98999786376953,362038.0,72.20999908447266,72.25,2024-11-08,70.37999725341797
68.04000091552734,67.91999816894531,364506.0,70.25,70.55999755859375,2024-11-11,68.04000091552734
68.12000274658203,67.75,286926.0,68.1500015258789,69.12999725341797,2024-11-12,68.12000274658203
68.43000030517578,66.94000244140625,386027.0,67.9800033569336,68.86000061035156,2024-11-13,68.43000030517578
68.69999694824219,67.91999816894531,232270.0,68.12999725341797,69.38999938964844,2024-11-14,68.69999694824219
67.0199966430664,66.81999969482422,205235.0,68.62000274658203,68.69000244140625,2024-11-15,67.0199966430664
69.16000366210938,66.61000061035156,110375.0,66.86000061035156,69.38999938964844,2024-11-18,69.16000366210938
69.38999938964844,68.44999694824219,89360.0,69.01000213623047,69.69000244140625,2024-11-19,69.38999938964844
68.87000274658203,68.75,235637.0,69.55000305175781,70.1500015258789,2024-11-20,68.87000274658203
70.0999984741211,68.86000061035156,283850.0,69.04000091552734,70.37999725341797,2024-11-21,70.0999984741211
71.23999786376953,69.29000091552734,408207.0,70.18000030517578,71.51000213623047,2024-11-22,71.23999786376953
68.94000244140625,68.73999786376953,380922.0,71.44000244140625,71.4800033569336,2024-11-25,68.94000244140625
68.7699966430664,68.05000305175781,292138.0,69.08000183105469,70.30000305175781,2024-11-26,68.7699966430664
68.72000122070312,68.18000030517578,227215.0,68.91000366210938,69.37000274658203,2024-11-27,68.72000122070312
68.0,67.87000274658203,291408.0,68.7699966430664,69.69000244140625,2024-11-29,68.0
68.0999984741211,67.70999908447266,264883.0,68.0,69.11000061035156,2024-12-02,68.0999984741211
69.94000244140625,67.91000366210938,303752.0,68.16000366210938,70.2300033569336,2024-12-03,69.94000244140625
68.54000091552734,68.48999786376953,325636.0,70.0199966430664,70.51000213623047,2024-12-04,68.54000091552734
68.30000305175781,67.9800033569336,286701.0,68.73999786376953,69.16000366210938,2024-12-05,68.30000305175781
67.19999694824219,66.9800033569336,341593.0,68.44000244140625,68.48999786376953,2024-12-06,67.19999694824219
68.37000274658203,67.08000183105469,297085.0,67.1500015258789,68.87999725341797,2024-12-09,68.37000274658203
68.58999633789062,67.72000122070312,286003.0,68.19000244140625,69.05999755859375,2024-12-10,68.58999633789062
70.29000091552734,68.44000244140625,335892.0,68.5,70.52999877929688,2024-12-11,70.29000091552734
70.0199966430664,69.13999938964844,326046.0,70.43000030517578,70.72000122070312,2024-12-12,70.0199966430664
71.29000091552734,69.87000274658203,230429.0,70.05999755859375,71.41999816894531,2024-12-13,71.29000091552734
70.70999908447266,70.37000274658203,204296.0,71.44000244140625,71.44000244140625,2024-12-16,70.70999908447266
70.08000183105469,69.18000030517578,99604.0,70.61000061035156,70.91999816894531,2024-12-17,70.08000183105469
70.58000183105469,69.98999786376953,99386.0,70.22000122070312,71.37999725341797,2024-12-18,70.58000183105469
69.91000366210938,69.69999694824219,291660.0,70.13999938964844,71.26000213623047,2024-12-19,69.91000366210938
69.45999908447266,68.41999816894531,231592.0,69.2300033569336,69.8499984741211,2024-12-20,69.45999908447266
69.23999786376953,68.58999633789062,188843.0,69.4000015258789,69.94000244140625,2024-12-23,69.23999786376953
70.0999984741211,69.36000061035156,122602.0,69.55999755859375,70.43000030517578,2024-12-24,70.0999984741211
69.62000274658203,69.33000183105469,144877.0,70.19999694824219,70.75,2024-12-26,69.62000274658203
70.5999984741211,69.44000244140625,172641.0,69.68000030517578,70.75,2024-12-27,70.5999984741211
70.98999786376953,70.12000274658203,199296.0,70.41999816894531,71.55999755859375,2024-12-30,70.98999786376953
71.72000122070312,70.87000274658203,151155.0,71.1500015258789,72.0199966430664,2024-12-31,71.72000122070312
73.12999725341797,71.79000091552734,306498.0,71.8499984741211,73.7300033569336,2025-01-02,73.12999725341797
73.95999908447266,72.69999694824219,296040.0,73.12999725341797,74.3499984741211,2025-01-03,73.95999908447266
73.55999755859375,73.19999694824219,306042.0,74.05000305175781,74.98999786376953,2025-01-06,73.55999755859375
74.25,73.11000061035156,277328.0,73.44000244140625,74.52999877929688,2025-01-07,74.25
73.31999969482422,73.16000366210938,328617.0,74.5199966430664,75.29000091552734,2025-01-08,73.31999969482422
73.91999816894531,72.83999633789062,213421.0,73.31999969482422,74.31999969482422,2025-01-09,73.91999816894531
76.56999969482422,74.0199966430664,478432.0,74.29000091552734,77.86000061035156,2025-01-10,76.56999969482422
78.81999969482422,76.54000091552734,460942.0,76.54000091552734,79.2699966430664,2025-01-13,78.81999969482422
77.5,77.41000366210938,326729.0,78.81999969482422,79.08999633789062,2025-01-14,77.5
80.04000091552734,77.23999786376953,321422.0,78.02999877929688,80.7699966430664,2025-01-15,80.04000091552734
78.68000030517578,77.87000274658203,159948.0,80.4000015258789,80.58999633789062,2025-01-16,78.68000030517578
77.87999725341797,77.76000213623047,112409.0,78.75,79.44000244140625,2025-01-17,77.87999725341797
75.88999938964844,75.48999786376953,568807.0,78.19000244140625,78.47000122070312,2025-01-21,75.88999938964844
75.44000244140625,75.27999877929688,315333.0,75.87999725341797,76.44999694824219,2025-01-22,75.44000244140625
74.62000274658203,74.13999938964844,350688.0,75.38999938964844,76.0,2025-01-23,74.62000274658203
74.66000366210938,74.01000213623047,319679.0,74.30000305175781,75.20999908447266,2025-01-24,74.66000366210938
73.16999816894531,72.37999725341797,334418.0,74.54000091552734,75.1500015258789,2025-01-27,73.16999816894531
73.7699966430664,72.93000030517578,326075.0,73.1500015258789,74.30999755859375,2025-01-28,73.7699966430664
72.62000274658203,72.33000183105469,312733.0,73.94999694824219,74.08000183105469,2025-01-29,72.62000274658203
72.7300033569336,72.0199966430664,336475.0,73.0,73.83999633789062,2025-01-30,72.7300033569336
72.52999877929688,71.94000244140625,376335.0,73.19999694824219,73.83999633789062,2025-01-31,72.52999877929688
73.16000366210938,72.05000305175781,517853.0,74.13999938964844,75.18000030517578,2025-02-03,73.16000366210938
72.69999694824219,70.66999816894531,452961.0,72.3499984741211,73.3499984741211,2025-02-04,72.69999694824219
71.02999877929688,70.95999908447266,289902.0,72.76000213623047,72.97000122070312,2025-02-05,71.02999877929688
70.61000061035156,70.43000030517578,299037.0,71.18000030517578,71.8499984741211,2025-02-06,70.61000061035156
71.0,70.47000122070312,273766.0,70.55999755859375,71.41000366210938,2025-02-07,71.0
72.31999969482422,70.83999633789062,255941.0,71.0,72.54000091552734,2025-02-10,72.31999969482422
73.31999969482422,72.30999755859375,266819.0,72.48999786376953,73.68000030517578,2025-02-11,73.31999969482422
71.37000274658203,71.16999816894531,318123.0,73.19999694824219,73.22000122070312,2025-02-12,71.37000274658203
71.29000091552734,70.22000122070312,278197.0,71.23999786376953,71.5999984741211,2025-02-13,71.29000091552734
70.73999786376953,70.5199966430664,207719.0,71.5199966430664,72.0199966430664,2025-02-14,70.73999786376953
71.8499984741211,70.12000274658203,130937.0,70.69999694824219,72.06999969482422,2025-02-18,71.8499984741211
72.25,71.70999908447266,69012.0,71.77999877929688,73.04000091552734,2025-02-19,72.25
72.56999969482422,71.8499984741211,240060.0,72.18000030517578,73.25,2025-02-20,72.56999969482422
70.4000015258789,70.16999816894531,268470.0,72.58000183105469,72.7699966430664,2025-02-21,70.4000015258789
70.69999694824219,69.80000305175781,205468.0,69.80000305175781,70.94000244140625,2025-02-24,70.69999694824219
68.93000030517578,68.68000030517578,267310.0,70.91999816894531,71.26000213623047,2025-02-25,68.93000030517578
68.62000274658203,68.36000061035156,255601.0,69.11000061035156,69.27999877929688,2025-02-26,68.62000274658203
70.3499984741211,68.61000061035156,265933.0,68.81999969482422,70.54000091552734,2025-02-27,70.3499984741211
69.76000213623047,69.13999938964844,250074.0,70.16999816894531,70.29000091552734,2025-02-28,69.76000213623047
68.37000274658203,67.88999938964844,332751.0,69.94999694824219,70.5999984741211,2025-03-03,68.37000274658203
68.26000213623047,66.7699966430664,386750.0,68.45999908447266,68.55999755859375,2025-03-04,68.26000213623047
66.30999755859375,65.22000122070312,382493.0,68.08000183105469,68.0999984741211,2025-03-05,66.30999755859375
66.36000061035156,65.58999633789062,341632.0,66.38999938964844,67.08999633789062,2025-03-06,66.36000061035156
67.04000091552734,66.12000274658203,329710.0,66.33999633789062,68.22000122070312,2025-03-07,67.04000091552734
66.02999877929688,65.80000305175781,249633.0,67.11000061035156,67.5999984741211,2025-03-10,66.02999877929688
66.25,65.29000091552734,222511.0,65.94999694824219,67.16999816894531,2025-03-11,66.25
67.68000030517578,66.1500015258789,246675.0,66.62000274658203,67.87999725341797,2025-03-12,67.68000030517578
66.55000305175781,66.37000274658203,268590.0,67.69000244140625,67.94000244140625,2025-03-13,66.55000305175781
67.18000030517578,66.58999633789062,180495.0,66.77999877929688,67.4800033569336,2025-03-14,67.18000030517578
67.58000183105469,67.25,161298.0,67.3499984741211,68.37000274658203,2025-03-17,67.58000183105469
66.9000015258789,66.55999755859375,110338.0,67.4000015258789,68.72000122070312,2025-03-18,66.9000015258789
67.16000366210938,66.20999908447266,73077.0,66.72000122070312,67.62999725341797,2025-03-19,67.16000366210938
68.26000213623047,66.87999725341797,283376.0,67.29000091552734,68.47000122070312,2025-03-20,68.26000213623047
68.27999877929688,67.6500015258789,198964.0,68.3499984741211,68.6500015258789,2025-03-21,68.27999877929688
69.11000061035156,67.94999694824219,247024.0,68.3499984741211,69.33000183105469,2025-03-24,69.11000061035156
69.0,68.5199966430664,258411.0,69.16000366210938,69.68000030517578,2025-03-25,69.0
69.6500015258789,69.05999755859375,262413.0,69.16000366210938,70.22000122070312,2025-03-26,69.6500015258789
69.91999816894531,69.12000274658203,211825.0,69.95999908447266,69.97000122070312,2025-03-27,69.91999816894531
69.36000061035156,68.87000274658203,246650.0,69.91000366210938,70.08999633789062,2025-03-28,69.36000061035156
71.4800033569336,68.80999755859375,313087.0,69.43000030517578,71.83000183105469,2025-03-31,71.4800033569336
71.19999694824219,71.02999877929688,272832.0,71.38999938964844,72.0999984741211,2025-04-01,71.19999694824219
71.70999908447266,70.58999633789062,286501.0,71.19999694824219,72.27999877929688,2025-04-02,71.70999908447266
66.94999694824219,65.9800033569336,459238.0,70.37999725341797,70.41000366210938,2025-04-03,66.94999694824219
61.9900016784668,60.45000076293945,559638.0,66.63999938964844,66.9000015258789,2025-04-04,61.9900016784668
60.70000076293945,58.95000076293945,597617.0,61.119998931884766,63.900001525878906,2025-04-07,60.70000076293945
59.58000183105469,57.880001068115234,557655.0,61.029998779296875,61.75,2025-04-08,59.58000183105469
62.349998474121094,55.119998931884766,592250.0,58.31999969482422,62.93000030517578,2025-04-09,62.349998474121094
60.06999969482422,58.7599983215332,391826.0,62.709999084472656,63.34000015258789,2025-04-10,60.06999969482422
61.5,59.43000030517578,306231.0,60.20000076293945,61.869998931884766,2025-04-11,61.5
61.529998779296875,60.59000015258789,238068.0,61.70000076293945,62.68000030517578,2025-04-14,61.529998779296875
61.33000183105469,60.880001068115234,197404.0,61.58000183105469,62.060001373291016,2025-04-15,61.33000183105469
62.470001220703125,60.439998626708984,213194.0,61.540000915527344,62.97999954223633,2025-04-16,62.470001220703125
64.68000030517578,62.61000061035156,111479.0,62.630001068115234,64.86000061035156,2025-04-17,64.68000030517578
63.08000183105469,62.45000076293945,82671.0,64.30000305175781,64.41999816894531,2025-04-21,63.08000183105469
64.30999755859375,63.43000030517578,297928.0,63.43000030517578,65.08999633789062,2025-04-22,64.30999755859375
62.27000045776367,61.529998779296875,397841.0,64.0,64.87000274658203,2025-04-23,62.27000045776367
62.790000915527344,61.9900016784668,264908.0,62.34000015258789,63.310001373291016,2025-04-24,62.790000915527344
63.02000045776367,61.79999923706055,283758.0,62.86000061035156,63.40999984741211,2025-04-25,63.02000045776367
62.04999923706055,61.47999954223633,276116.0,63.4900016784668,63.91999816894531,2025-04-28,62.04999923706055
60.41999816894531,60.119998931884766,312373.0,61.869998931884766,62.06999969482422,2025-04-29,60.41999816894531
58.209999084472656,57.90999984741211,419549.0,60.15999984741211,60.43000030517578,2025-04-30,58.209999084472656
59.2400016784668,56.38999938964844,364216.0,58.15999984741211,59.5,2025-05-01,59.2400016784668
58.290000915527344,57.7400016784668,322096.0,58.9900016784668,59.869998931884766,2025-05-02,58.290000915527344
57.130001068115234,55.29999923706055,308387.0,56.7599983215332,57.70000076293945,2025-05-05,57.130001068115234
59.09000015258789,57.029998779296875,343893.0,57.25,59.84000015258789,2025-05-06,59.09000015258789
58.06999969482422,57.810001373291016,295238.0,58.97999954223633,60.2599983215332,2025-05-07,58.06999969482422
59.90999984741211,57.7400016784668,281000.0,57.93000030517578,60.290000915527344,2025-05-08,59.90999984741211
61.02000045776367,59.88999938964844,239640.0,60.25,61.45000076293945,2025-05-09,61.02000045776367
61.95000076293945,61.02000045776367,325865.0,61.38999938964844,63.61000061035156,2025-05-12,61.95000076293945
63.66999816894531,61.650001525878906,258795.0,62.0,63.900001525878906,2025-05-13,63.66999816894531
63.150001525878906,62.75,225626.0,63.619998931884766,63.68000030517578,2025-05-14,63.150001525878906
61.619998931884766,60.470001220703125,258404.0,62.880001068115234,62.90999984741211,2025-05-15,61.619998931884766
62.4900016784668,61.25,121556.0,61.70000076293945,62.709999084472656,2025-05-16,62.4900016784668
62.689998626708984,61.56999969482422,95570.0,62.75,63.400001525878906,2025-05-19,62.689998626708984
62.560001373291016,62.189998626708984,250414.0,62.68000030517578,63.16999816894531,2025-05-20,62.560001373291016
61.56999969482422,61.279998779296875,302702.0,62.27000045776367,64.19000244140625,2025-05-21,61.56999969482422
61.20000076293945,60.25,258549.0,61.33000183105469,61.75,2025-05-22,61.20000076293945
61.529998779296875,60.02000045776367,273392.0,60.810001373291016,61.880001068115234,2025-05-23,61.529998779296875
60.88999938964844,60.2599983215332,291317.0,61.70000076293945,62.13999938964844,2025-05-27,60.88999938964844
61.84000015258789,60.849998474121094,260374.0,61.040000915527344,62.540000915527344,2025-05-28,61.84000015258789
60.939998626708984,60.54999923706055,299859.0,61.83000183105469,63.06999969482422,2025-05-29,60.939998626708984
60.790000915527344,59.7400016784668,384927.0,60.939998626708984,61.720001220703125,2025-05-30,60.790000915527344
62.52000045776367,61.060001373291016,403580.0,61.11000061035156,63.880001068115234,2025-06-02,62.52000045776367
63.40999984741211,62.400001525878906,291260.0,63.02000045776367,63.88999938964844,2025-06-03,63.40999984741211
62.849998474121094,62.16999816894531,321128.0,63.36000061035156,63.959999084472656,2025-06-04,62.849998474121094
63.369998931884766,62.5,232423.0,62.7599983215332,63.97999954223633,2025-06-05,63.369998931884766
64.58000183105469,62.81999969482422,310133.0,63.33000183105469,64.80000305175781,2025-06-06,64.58000183105469
65.29000091552734,64.19999694824219,235900.0,64.80000305175781,65.43000030517578,2025-06-09,65.29000091552734
64.9800033569336,64.56999969482422,279021.0,65.45999908447266,66.27999877929688,2025-06-10,64.9800033569336
68.1500015258789,64.5999984741211,378473.0,64.76000213623047,68.37000274658203,2025-06-11,68.1500015258789
68.04000091552734,66.72000122070312,379394.0,69.02999877929688,69.29000091552734,2025-06-12,68.04000091552734
72.9800033569336,68.48999786376953,715652.0,68.9000015258789,77.62000274658203,2025-06-13,72.9800033569336
71.7699966430664,69.37999725341797,367312.0,76.54000091552734,77.48999786376953,2025-06-16,71.7699966430664
74.83999633789062,71.0,154264.0,71.11000061035156,75.54000091552734,2025-06-17,74.83999633789062
75.13999938964844,72.94000244140625,0.0,75.61000061035156,76.06999969482422,2025-06-18,75.13999938964844
74.93000030517578,74.30000305175781,678377.0,74.5999984741211,77.58000183105469,2025-06-20,74.93000030517578
68.51000213623047,66.5999984741211,728868.0,78.0,78.4000015258789,2025-06-23,68.51000213623047
64.37000274658203,64.0,541475.0,67.73999786376953,67.83000183105469,2025-06-24,64.37000274658203
64.91999816894531,64.51000213623047,278504.0,65.12000274658203,66.02999877929688,2025-06-25,64.91999816894531
65.23999786376953,64.66000366210938,233771.0,64.9800033569336,66.41999816894531,2025-06-26,65.23999786376953
65.5199966430664,64.80000305175781,236284.0,65.30000305175781,66.08999633789062,2025-06-27,65.5199966430664
65.11000061035156,64.5,193289.0,65.1500015258789,65.81999969482422,2025-06-30,65.11000061035156
65.44999694824219,64.66999816894531,193162.0,64.95999908447266,65.9800033569336,2025-07-01,65.44999694824219
67.44999694824219,65.2300033569336,265200.0,65.55999755859375,67.58000183105469,2025-07-02,67.44999694824219
67.0,66.52999877929688,0.0,67.5,67.58000183105469,2025-07-03,67.0
66.5,66.04000091552734,0.0,67.12999725341797,67.18000030517578,2025-07-04,66.5
67.93000030517578,65.4000015258789,332949.0,65.69999694824219,68.31999969482422,2025-07-07,67.93000030517578
68.33000183105469,67.33000183105469,219882.0,67.95999908447266,68.91000366210938,2025-07-08,68.33000183105469
68.37999725341797,67.69999694824219,223945.0,68.18000030517578,68.94000244140625,2025-07-09,68.37999725341797
66.56999969482422,66.44999694824219,258654.0,68.29000091552734,68.6500015258789,2025-07-10,66.56999969482422
68.44999694824219,66.5,226297.0,66.8499984741211,68.7699966430664,2025-07-11,68.44999694824219
66.9800033569336,66.80000305175781,263877.0,68.68000030517578,69.6500015258789,2025-07-14,66.9800033569336
66.5199966430664,66.22000122070312,252724.0,66.86000061035156,67.12999725341797,2025-07-15,66.5199966430664
66.37999725341797,65.41999816894531,248346.0,66.7300033569336,67.01000213623047,2025-07-16,66.37999725341797
67.54000091552734,66.29000091552734,188802.0,66.5999984741211,67.69000244140625,2025-07-17,67.54000091552734
67.33999633789062,67.19999694824219,107628.0,67.5999984741211,68.95999908447266,2025-07-18,67.33999633789062
67.19999694824219,66.45999908447266,81194.0,67.31999969482422,67.76000213623047,2025-07-21,67.19999694824219
66.20999908447266,65.98999786376953,269991.0,67.12000274658203,67.12999725341797,2025-07-22,66.20999908447266
65.25,64.70999908447266,251825.0,65.48999786376953,65.77999877929688,2025-07-23,65.25
66.02999877929688,65.33000183105469,281209.0,65.41999816894531,66.38999938964844,2025-07-24,66.02999877929688
65.16000366210938,65.0,234283.0,66.1500015258789,66.73999786376953,2025-07-25,65.16000366210938
66.70999908447266,65.05000305175781,262038.0,65.1500015258789,67.13999938964844,2025-07-28,66.70999908447266
69.20999908447266,66.52999877929688,329112.0,67.04000091552734,69.76000213623047,2025-07-29,69.20999908447266
70.0,68.44999694824219,345336.0,69.33999633789062,70.51000213623047,2025-07-30,70.0
69.26000213623047,68.55999755859375,247031.0,70.30000305175781,70.41000366210938,2025-07-31,69.26000213623047
67.33000183105469,67.05000305175781,355819.0,69.3499984741211,69.58000183105469,2025-08-01,67.33000183105469
66.29000091552734,65.45999908447266,277375.0,66.8499984741211,67.73999786376953,2025-08-04,66.29000091552734
65.16000366210938,65.02999877929688,279030.0,66.20999908447266,66.38999938964844,2025-08-05,65.16000366210938
64.3499984741211,63.63999938964844,353827.0,65.1500015258789,66.75,2025-08-06,64.3499984741211
63.880001068115234,63.70000076293945,300518.0,64.36000061035156,65.11000061035156,2025-08-07,63.880001068115234
63.880001068115234,62.77000045776367,322939.0,63.849998474121094,64.58000183105469,2025-08-08,63.880001068115234
63.959999084472656,63.02000045776367,234807.0,63.47999954223633,64.44000244140625,2025-08-11,63.959999084472656
63.16999816894531,63.060001373291016,304441.0,64.0,64.33999633789062,2025-08-12,63.16999816894531
62.650001525878906,61.939998626708984,298939.0,63.06999969482422,63.380001068115234,2025-08-13,62.650001525878906
63.959999084472656,62.58000183105469,251652.0,62.790000915527344,64.0999984741211,2025-08-14,63.959999084472656
62.79999923706055,62.68000030517578,197390.0,63.90999984741211,64.1500015258789,2025-08-15,62.79999923706055
63.41999816894531,62.18000030517578,95113.0,63.0,63.790000915527344,2025-08-18,63.41999816894531
62.349998474121094,62.25,99484.0,63.27000045776367,63.38999938964844,2025-08-19,62.349998474121094
63.209999084472656,62.38999938964844,280663.0,62.599998474121094,63.54999923706055,2025-08-20,63.209999084472656
63.52000045776367,62.52000045776367,250166.0,62.849998474121094,63.66999816894531,2025-08-21,63.52000045776367
63.65999984741211,63.310001373291016,223169.0,63.5,63.93000030517578,2025-08-22,63.65999984741211
64.80000305175781,63.529998779296875,185270.0,63.880001068115234,65.0999984741211,2025-08-25,64.80000305175781
63.25,63.130001068115234,199101.0,64.75,64.76000213623047,2025-08-26,63.25
64.1500015258789,62.95000076293945,193476.0,63.310001373291016,64.2300033569336,2025-08-27,64.1500015258789
64.5999984741211,63.349998474121094,208931.0,63.869998931884766,64.69999694824219,2025-08-28,64.5999984741211
64.01000213623047,63.880001068115234,0.0,64.26000213623047,64.55000305175781,2025-08-29,64.01000213623047
65.58999633789062,63.65999984741211,320218.0,63.95000076293945,66.02999877929688,2025-09-02,65.58999633789062
63.970001220703125,63.720001220703125,298737.0,65.62000274658203,65.72000122070312,2025-09-03,63.970001220703125
63.47999954223633,62.720001220703125,251689.0,63.81999969482422,63.84000015258789,2025-09-04,63.47999954223633
61.869998931884766,61.45000076293945,294540.0,63.33000183105469,63.4900016784668,2025-09-05,61.869998931884766
62.2599983215332,61.849998474121094,237288.0,62.0,63.34000015258789,2025-09-08,62.2599983215332
62.630001068115234,62.369998931884766,268529.0,62.43000030517578,63.66999816894531,2025-09-09,62.630001068115234
63.66999816894531,62.720001220703125,260684.0,62.7400016784668,64.08000183105469,2025-09-10,63.66999816894531
62.369998931884766,62.209999084472656,222661.0,63.79999923706055,63.79999923706055,2025-09-11,62.369998931884766
62.689998626708984,61.689998626708984,313265.0,62.27000045776367,63.97999954223633,2025-09-12,62.689998626708984
63.29999923706055,62.52000045776367,205560.0,62.970001220703125,63.66999816894531,2025-09-15,63.29999923706055
64.5199966430664,62.88999938964844,234250.0,63.310001373291016,64.76000213623047,2025-09-16,64.5199966430664
64.05000305175781,63.689998626708984,165427.0,64.58999633789062,64.66999816894531,2025-09-17,64.05000305175781
63.56999969482422,63.33000183105469,82321.0,63.9900016784668,64.55000305175781,2025-09-18,63.56999969482422
62.68000030517578,62.599998474121094,87165.0,63.59000015258789,63.650001525878906,2025-09-19,62.68000030517578
62.63999938964844,61.97999954223633,223779.0,62.7400016784668,63.18000030517578,2025-09-22,62.63999938964844
63.40999984741211,61.849998474121094,265948.0,62.33000183105469,63.88999938964844,2025-09-23,63.40999984741211
64.98999786376953,63.25,282721.0,63.63999938964844,65.05000305175781,2025-09-24,64.98999786376953
64.9800033569336,64.05999755859375,258353.0,64.80000305175781,65.33999633789062,2025-09-25,64.9800033569336
65.72000122070312,64.66000366210938,284990.0,65.19999694824219,66.41999816894531,2025-09-26,65.72000122070312
63.45000076293945,62.97999954223633,294292.0,65.06999969482422,65.4000015258789,2025-09-29,63.45000076293945
62.369998931884766,62.029998779296875,271649.0,63.13999938964844,63.2599983215332,2025-09-30,62.369998931884766
61.779998779296875,61.400001525878906,274339.0,62.459999084472656,62.88999938964844,2025-10-01,61.779998779296875
60.47999954223633,60.400001525878906,290507.0,61.779998779296875,62.540000915527344,2025-10-02,60.47999954223633
60.880001068115234,60.54999923706055,240044.0,60.70000076293945,61.380001068115234,2025-10-03,60.880001068115234
61.689998626708984,61.040000915527344,224682.0,61.13999938964844,62.119998931884766,2025-10-06,61.689998626708984
61.72999954223633,60.720001220703125,245121.0,61.72999954223633,62.11000061035156,2025-10-07,61.72999954223633
62.54999923706055,62.04999923706055,273318.0,62.04999923706055,62.91999816894531,2025-10-08,62.54999923706055
61.5099983215332,61.25,259171.0,62.310001373291016,62.869998931884766,2025-10-09,61.5099983215332
58.900001525878906,58.220001220703125,339103.0,61.4900016784668,61.66999816894531,2025-10-10,58.900001525878906
59.4900016784668,59.0,339103.0,59.0,60.16999816894531,2025-10-13,59.4900016784668
58.70000076293945,57.68000030517578,259200.0,59.58000183105469,59.81999969482422,2025-10-14,58.70000076293945
58.27000045776367,58.20000076293945,224919.0,58.599998474121094,59.41999816894531,2025-10-15,58.27000045776367
57.459999084472656,57.2599983215332,203866.0,58.77000045776367,59.11000061035156,2025-10-16,57.459999084472656
57.540000915527344,56.599998474121094,108748.0,57.5,57.720001220703125,2025-10-17,57.540000915527344
57.52000045776367,56.349998474121094,108146.0,57.72999954223633,57.810001373291016,2025-10-20,57.52000045776367
57.81999969482422,56.9900016784668,314207.0,57.369998931884766,58.279998779296875,2025-10-21,57.81999969482422
58.5,57.34000015258789,378637.0,57.59000015258789,59.83000183105469,2025-10-22,58.5
61.790000915527344,59.63999938964844,735186.0,59.939998626708984,62.20000076293945,2025-10-23,61.790000915527344
61.5,61.209999084472656,373744.0,61.790000915527344,62.59000015258789,2025-10-24,61.5
61.310001373291016,60.66999816894531,272191.0,61.81999969482422,62.16999816894531,2025-10-27,61.310001373291016
60.150001525878906,59.7599983215332,307568.0,61.5,61.5,2025-10-28,60.150001525878906
60.47999954223633,59.70000076293945,276875.0,60.18000030517578,61.02000045776367,2025-10-29,60.47999954223633
60.56999969482422,59.63999938964844,247917.0,60.38999938964844,60.790000915527344,2025-10-30,60.56999969482422
60.97999954223633,59.9900016784668,278598.0,60.29999923706055,61.380001068115234,2025-10-31,60.97999954223633
61.04999923706055,60.5099983215332,0.0,61.400001525878906,61.5,2025-11-03,61.04999923706055
60.560001373291016,59.939998626708984,219300.0,61.029998779296875,61.029998779296875,2025-11-04,60.560001373291016
59.599998474121094,59.52000045776367,292518.0,60.43000030517578,61.09000015258789,2025-11-05,59.599998474121094
59.43000030517578,58.83000183105469,277768.0,59.68000030517578,60.5099983215332,2025-11-06,59.43000030517578
59.75,59.31999969482422,259446.0,59.650001525878906,60.459999084472656,2025-11-07,59.75
60.130001068115234,59.40999984741211,222879.0,59.869998931884766,60.47999954223633,2025-11-10,60.130001068115234
61.040000915527344,59.65999984741211,264427.0,60.06999969482422,61.279998779296875,2025-11-11,61.040000915527344
58.4900016784668,58.29999923706055,329517.0,61.04999923706055,61.060001373291016,2025-11-12,58.4900016784668
58.689998626708984,58.119998931884766,247349.0,58.470001220703125,59.209999084472656,2025-11-13,58.689998626708984
60.09000015258789,58.709999084472656,334116.0,58.709999084472656,60.650001525878906,2025-11-14,60.09000015258789
59.90999984741211,59.31999969482422,189638.0,59.79999923706055,60.439998626708984,2025-11-17,59.90999984741211
60.7400016784668,59.310001373291016,105325.0,59.7400016784668,60.93000030517578,2025-11-18,60.7400016784668
59.439998626708984,58.77000045776367,79622.0,60.619998931884766,60.790000915527344,2025-11-19,59.439998626708984
59.13999938964844,58.86000061035156,324282.0,59.630001068115234,60.33000183105469,2025-11-20,59.13999938964844
58.060001373291016,57.380001068115234,345014.0,58.79999923706055,58.79999923706055,2025-11-21,58.060001373291016
58.84000015258789,57.41999816894531,238138.0,58.04999923706055,59.060001373291016,2025-11-24,58.84000015258789
57.95000076293945,57.099998474121094,334442.0,58.88999938964844,58.959999084472656,2025-11-25,57.95000076293945
58.650001525878906,57.65999984741211,228285.0,58.04999923706055,58.720001220703125,2025-11-26,58.650001525878906
58.54999923706055,58.27000045776367,153758.0,58.58000183105469,59.63999938964844,2025-11-28,58.54999923706055
59.31999969482422,58.83000183105469,232770.0,58.959999084472656,59.970001220703125,2025-12-01,59.31999969482422
58.63999938964844,58.279998779296875,255513.0,59.52000045776367,59.66999816894531,2025-12-02,58.63999938964844
58.95000076293945,58.369998931884766,260974.0,58.650001525878906,59.63999938964844,2025-12-03,58.95000076293945
59.66999816894531,58.810001373291016,264993.0,59.09000015258789,60.02000045776367,2025-12-04,59.66999816894531
60.08000183105469,59.41999816894531,255075.0,59.70000076293945,60.5,2025-12-05,60.08000183105469
58.880001068115234,58.68000030517578,263009.0,60.150001525878906,60.29999923706055,2025-12-08,58.880001068115234
58.25,58.119998931884766,260206.0,58.869998931884766,59.16999816894531,2025-12-09,58.25
58.459999084472656,57.65999984741211,256508.0,58.369998931884766,59.04999923706055,2025-12-10,58.459999084472656
57.599998474121094,57.0099983215332,286808.0,58.90999984741211,58.939998626708984,2025-12-11,57.599998474121094
57.439998626708984,57.150001525878906,212806.0,57.88999938964844,58.189998626708984,2025-12-12,57.439998626708984
56.81999969482422,56.400001525878906,229310.0,57.5,57.79999923706055,2025-12-15,56.81999969482422
55.27000045776367,54.97999954223633,230933.0,56.68000030517578,56.70000076293945,2025-12-16,55.27000045776367
55.939998626708984,55.20000076293945,125608.0,55.22999954223633,56.97999954223633,2025-12-17,55.939998626708984
56.150001525878906,55.880001068115234,85735.0,56.900001525878906,57.029998779296875,2025-12-18,56.150001525878906
56.65999984741211,55.81999969482422,209264.0,56.029998779296875,56.900001525878906,2025-12-19,56.65999984741211
58.0099983215332,56.599998474121094,221576.0,56.630001068115234,58.130001068115234,2025-12-22,58.0099983215332
58.380001068115234,57.7400016784668,183633.0,57.95000076293945,58.560001373291016,2025-12-23,58.380001068115234
58.349998474121094,58.130001068115234,111762.0,58.470001220703125,58.75,2025-12-24,58.349998474121094
56.7400016784668,56.650001525878906,166669.0,58.349998474121094,58.880001068115234,2025-12-26,56.7400016784668
58.08000183105469,56.90999984741211,178590.0,57.040000915527344,58.29999923706055,2025-12-29,58.08000183105469
57.95000076293945,57.599998474121094,143802.0,57.810001373291016,58.470001220703125,2025-12-30,57.95000076293945
57.41999816894531,57.20000076293945,157160.0,57.95000076293945,58.54999923706055,2025-12-31,57.41999816894531
57.31999969482422,56.599998474121094,189503.0,57.40999984741211,57.93000030517578,2026-01-02,57.31999969482422
58.31999969482422,56.310001373291016,301483.0,57.470001220703125,58.5099983215332,2026-01-05,58.31999969482422
57.130001068115234,56.84000015258789,292067.0,58.34000015258789,58.869998931884766,2026-01-06,57.130001068115234
55.9900016784668,55.7599983215332,383128.0,57.0,57.16999816894531,2026-01-07,55.9900016784668
57.7599983215332,55.970001220703125,334134.0,56.41999816894531,58.7400016784668,2026-01-08,57.7599983215332
59.119998931884766,57.61000061035156,360309.0,58.400001525878906,59.77000045776367,2026-01-09,59.119998931884766
59.5,58.45000076293945,309700.0,59.0,59.90999984741211,2026-01-12,59.5
61.150001525878906,59.470001220703125,411190.0,59.95000076293945,61.5,2026-01-13,61.150001525878906
62.02000045776367,59.189998626708984,410261.0,61.119998931884766,62.36000061035156,2026-01-14,62.02000045776367
59.189998626708984,58.880001068115234,113642.0,61.060001373291016,61.13999938964844,2026-01-15,59.189998626708984
59.439998626708984,58.939998626708984,113794.0,59.2599983215332,60.18000030517578,2026-01-16,59.439998626708984
60.34000015258789,58.70000076293945,499595.0,59.0099983215332,60.68000030517578,2026-01-20,60.34000015258789
60.619998931884766,59.220001220703125,333062.0,59.56999969482422,60.88999938964844,2026-01-21,60.619998931884766
59.36000061035156,58.959999084472656,324349.0,60.68000030517578,60.81999969482422,2026-01-22,59.36000061035156
61.06999969482422,59.52000045776367,283419.0,59.65999984741211,61.36000061035156,2026-01-23,61.06999969482422
60.630001068115234,60.31999969482422,281062.0,61.220001220703125,61.709999084472656,2026-01-26,60.630001068115234
62.38999938964844,60.13999938964844,360208.0,60.779998779296875,62.630001068115234,2026-01-27,62.38999938964844
63.209999084472656,62.06999969482422,354864.0,62.58000183105469,63.56999969482422,2026-01-28,63.209999084472656
65.41999816894531,63.279998779296875,560007.0,63.5,66.4800033569336,2026-01-29,65.41999816894531
65.20999908447266,63.63999938964844,449325.0,65.5199966430664,66.11000061035156,2026-01-30,65.20999908447266
62.13999938964844,61.38999938964844,414083.0,64.72000122070312,64.73999786376953,2026-02-02,62.13999938964844
63.209999084472656,61.119998931884766,381144.0,62.279998779296875,64.20999908447266,2026-02-03,63.209999084472656
65.13999938964844,62.86000061035156,446588.0,63.79999923706055,65.52999877929688,2026-02-04,65.13999938964844
63.290000915527344,62.650001525878906,389763.0,64.48999786376953,64.66999816894531,2026-02-05,63.290000915527344
63.54999923706055,62.20000076293945,448924.0,63.099998474121094,64.58000183105469,2026-02-06,63.54999923706055
64.36000061035156,62.619998931884766,298005.0,62.9900016784668,64.87999725341797,2026-02-09,64.36000061035156
63.959999084472656,63.650001525878906,276292.0,64.44000244140625,64.70999908447266,2026-02-10,63.959999084472656
64.62999725341797,64.1500015258789,340194.0,64.19999694824219,65.83000183105469,2026-02-11,64.62999725341797
62.84000015258789,62.38999938964844,369303.0,64.87000274658203,65.0999984741211,2026-02-12,62.84000015258789
62.88999938964844,62.13999938964844,255793.0,62.9900016784668,63.2599983215332,2026-02-13,62.88999938964844
62.33000183105469,61.869998931884766,328727.0,63.29999923706055,64.13999938964844,2026-02-17,62.33000183105469
65.19000244140625,62.119998931884766,115379.0,62.29999923706055,65.55999755859375,2026-02-18,65.19000244140625
66.43000030517578,64.87999725341797,113408.0,65.0999984741211,66.9000015258789,2026-02-19,66.43000030517578
66.38999938964844,65.94000244140625,351351.0,66.66999816894531,67.05000305175781,2026-02-20,66.38999938964844
66.30999755859375,65.37999725341797,270365.0,65.88999938964844,67.27999877929688,2026-02-23,66.30999755859375
65.62999725341797,65.55000305175781,312124.0,66.30999755859375,67.1500015258789,2026-02-24,65.62999725341797
65.41999816894531,65.12000274658203,306780.0,66.06999969482422,66.5999984741211,2026-02-25,65.41999816894531
65.20999908447266,63.599998474121094,498542.0,65.6500015258789,66.70999908447266,2026-02-26,65.20999908447266
67.0199966430664,64.8499984741211,437053.0,65.3499984741211,67.83000183105469,2026-02-27,67.0199966430664
71.2300033569336,69.19999694824219,881329.0,75.0,75.33000183105469,2026-03-02,71.2300033569336
74.55999755859375,70.41000366210938,1009753.0,71.2300033569336,77.9800033569336,2026-03-03,74.55999755859375
74.66000366210938,73.27999877929688,617822.0,74.73999786376953,77.2300033569336,2026-03-04,74.66000366210938
81.01000213623047,74.97000122070312,707030.0,76.1500015258789,82.16000366210938,2026-03-05,81.01000213623047
90.9000015258789,78.23999786376953,996251.0,79.08000183105469,92.61000061035156,2026-03-06,90.9000015258789
94.7699966430664,81.19000244140625,1107193.0,98.0,119.4800033569336,2026-03-09,94.7699966430664
83.44999694824219,76.7300033569336,801564.0,85.75,91.4800033569336,2026-03-10,83.44999694824219
87.25,81.79000091552734,538020.0,86.88999938964844,88.98999786376953,2026-03-11,87.25
95.7300033569336,88.61000061035156,548999.0,89.31999969482422,97.19000244140625,2026-03-12,95.7300033569336
98.70999908447266,92.04000091552734,436700.0,96.73999786376953,99.31999969482422,2026-03-13,98.70999908447266
93.5,92.93000030517578,455454.0,100.93000030517578,102.44000244140625,2026-03-16,93.5
96.20999908447266,93.83000183105469,308425.0,94.41000366210938,98.41999816894531,2026-03-17,96.20999908447266
96.31999969482422,91.95999908447266,157222.0,96.0,100.55000305175781,2026-03-18,96.31999969482422
96.13999938964844,92.80000305175781,118719.0,99.12999725341797,101.4800033569336,2026-03-19,96.13999938964844
98.31999969482422,93.41999816894531,461845.0,95.0,99.66999816894531,2026-03-20,98.31999969482422
88.12999725341797,84.37000274658203,666790.0,100.51000213623047,101.66999816894531,2026-03-23,88.12999725341797
92.3499984741211,86.33999633789062,420067.0,88.77999877929688,93.36000061035156,2026-03-24,92.3499984741211
90.31999969482422,86.45999908447266,405170.0,88.48999786376953,91.7300033569336,2026-03-25,90.31999969482422
94.4800033569336,89.51000213623047,350768.0,91.37999725341797,95.44000244140625,2026-03-26,94.4800033569336
99.63999938964844,92.08000183105469,374920.0,93.30999755859375,101.23999786376953,2026-03-27,99.63999938964844
102.87999725341797,99.43000030517578,374075.0,102.5999984741211,105.36000061035156,2026-03-30,102.87999725341797
101.37999725341797,99.62000274658203,495395.0,105.06999969482422,106.86000061035156,2026-03-31,101.37999725341797
100.12000274658203,96.5,434561.0,101.72000122070312,103.30999755859375,2026-04-01,100.12000274658203
111.54000091552734,97.5,0.0,98.91999816894531,113.97000122070312,2026-04-02,111.54000091552734
112.41000366210938,108.88999938964844,271742.0,112.95999908447266,115.4800033569336,2026-04-06,112.41000366210938
112.94999694824219,109.19999694824219,429331.0,112.62000274658203,117.62999725341797,2026-04-07,112.94999694824219
94.41000366210938,91.05000305175781,599576.0,108.73999786376953,109.19000244140625,2026-04-08,94.41000366210938
97.87000274658203,95.25,427201.0,96.77999877929688,102.69999694824219,2026-04-09,97.87000274658203
96.56999969482422,95.51000213623047,314855.0,98.2300033569336,100.41999816894531,2026-04-10,96.56999969482422
99.08000183105469,97.02999877929688,344337.0,102.0,105.62999725341797,2026-04-13,99.08000183105469
91.27999877929688,91.05999755859375,315821.0,97.98999786376953,98.0,2026-04-14,91.27999877929688
91.29000091552734,86.95999908447266,240397.0,92.0199966430664,93.30000305175781,2026-04-15,91.29000091552734
94.69000244140625,90.5199966430664,194354.0,91.47000122070312,95.44000244140625,2026-04-16,94.69000244140625
83.8499984741211,80.55999755859375,116624.0,93.18000030517578,94.04000091552734,2026-04-17,83.8499984741211
89.61000061035156,87.0199966430664,115578.0,89.0,91.19999694824219,2026-04-20,89.61000061035156
92.12999725341797,87.76000213623047,383596.0,87.88999938964844,94.44999694824219,2026-04-21,92.12999725341797
92.95999908447266,87.63999938964844,299675.0,90.0,93.7300033569336,2026-04-22,92.95999908447266
95.8499984741211,92.30000305175781,365210.0,92.9000015258789,98.38999938964844,2026-04-23,95.8499984741211
94.4000015258789,92.68000030517578,330280.0,96.62000274658203,97.8499984741211,2026-04-24,94.4000015258789
96.37000274658203,94.58999633789062,219055.0,95.5999984741211,97.66999816894531,2026-04-27,96.37000274658203
99.93000030517578,96.23999786376953,281078.0,96.66999816894531,101.8499984741211,2026-04-28,99.93000030517578
106.87999725341797,98.41999816894531,318841.0,99.70999908447266,108.5999984741211,2026-04-29,106.87999725341797
105.06999969482422,103.33999633789062,341994.0,109.06999969482422,110.93000030517578,2026-04-30,105.06999969482422
101.94000244140625,99.30000305175781,268707.0,105.13999938964844,106.6500015258789,2026-05-01,101.94000244140625
106.41999816894531,99.11000061035156,342843.0,99.7300033569336,107.45999908447266,2026-05-04,106.41999816894531
102.2699966430664,101.08000183105469,241150.0,104.93000030517578,105.4800033569336,2026-05-05,102.2699966430664
95.08000183105469,88.66000366210938,423491.0,102.69999694824219,102.69999694824219,2026-05-06,95.08000183105469
94.80999755859375,89.8499984741211,392091.0,96.30000305175781,97.98999786376953,2026-05-07,94.80999755859375
95.41999816894531,93.81999969482422,243423.0,98.25,98.63999938964844,2026-05-08,95.41999816894531
98.06999969482422,96.12999725341797,256251.0,98.19000244140625,100.37000274658203,2026-05-11,98.06999969482422
102.18000030517578,98.0,231747.0,98.38999938964844,102.72000122070312,2026-05-12,102.18000030517578
101.0199966430664,100.55999755859375,212582.0,102.16000366210938,103.66999816894531,2026-05-13,101.0199966430664
101.16999816894531,99.38999938964844,173862.0,101.0199966430664,102.3499984741211,2026-05-14,101.16999816894531
105.41999816894531,101.4800033569336,96552.0,102.05999755859375,106.0,2026-05-15,105.41999816894531
108.66000366210938,102.6500015258789,117910.0,106.0,109.47000122070312,2026-05-18,108.66000366210938
107.7699966430664,106.76000213623047,206472.0,107.11000061035156,109.23999786376953,2026-05-19,107.7699966430664
98.26000213623047,96.94000244140625,320034.0,104.12000274658203,104.44999694824219,2026-05-20,98.26000213623047
96.3499984741211,95.76000213623047,345482.0,98.94999694824219,102.66000366210938,2026-05-21,96.3499984741211
96.5999984741211,94.7300033569336,261142.0,98.0,99.43000030517578,2026-05-22,96.5999984741211
93.88999938964844,89.41000366210938,358867.0,93.87999725341797,94.69999694824219,2026-05-26,93.88999938964844
88.68000030517578,87.7699966430664,290948.0,93.38999938964844,93.69000244140625,2026-05-27,88.68000030517578
88.9000015258789,87.11000061035156,235145.0,89.11000061035156,92.5199966430664,2026-05-28,88.9000015258789
87.36000061035156,86.3499984741211,267803.0,88.55000305175781,89.0199966430664,2026-05-29,87.36000061035156
92.16000366210938,88.44999694824219,322039.0,88.5,94.77999877929688,2026-06-01,92.16000366210938
93.76000213623047,90.12000274658203,238146.0,92.44999694824219,94.0,2026-06-02,93.76000213623047
96.0199966430664,93.44999694824219,260613.0,93.44999694824219,97.0,2026-06-03,96.0199966430664
93.04000091552734,91.91000366210938,219500.0,95.75,95.91000366210938,2026-06-04,93.04000091552734
90.54000091552734,89.68000030517578,252903.0,92.81999969482422,93.62999725341797,2026-06-05,90.54000091552734
91.30000305175781,90.38999938964844,278650.0,93.0,95.47000122070312,2026-06-08,91.30000305175781
88.19999694824219,85.94999694824219,306101.0,91.27999877929688,91.55000305175781,2026-06-09,88.19999694824219
90.02999877929688,87.38999938964844,291935.0,89.4000015258789,91.87000274658203,2026-06-10,90.02999877929688
87.70999908447266,85.73999786376953,317151.0,92.25,93.63999938964844,2026-06-11,87.70999908447266
84.87999725341797,83.19999694824219,233924.0,86.63999938964844,87.2300033569336,2026-06-12,84.87999725341797
80.75,79.69999694824219,208395.0,81.4000015258789,82.41999816894531,2026-06-15,80.75
76.05000305175781,75.5199966430664,205050.0,81.0999984741211,81.58000183105469,2026-06-16,76.05000305175781
76.79000091552734,74.58999633789062,100474.0,76.58999633789062,80.02999877929688,2026-06-17,76.79000091552734
76.5999984741211,73.58000183105469,97813.0,75.52999877929688,76.98999786376953,2026-06-18,76.5999984741211
74.81999969482422,74.44999694824219,315903.0,78.93000030517578,78.95999908447266,2026-06-22,74.81999969482422
73.20999908447266,72.4800033569336,203509.0,74.13999938964844,74.44999694824219,2026-06-23,73.20999908447266
70.33999633789062,69.62999725341797,251403.0,73.12999725341797,73.18000030517578,2026-06-24,70.33999633789062
71.91999816894531,68.9000015258789,228065.0,69.94999694824219,72.5,2026-06-25,71.91999816894531
69.2300033569336,68.55999755859375,249316.0,71.44000244140625,71.86000061035156,2026-06-26,69.2300033569336
70.75,69.31999969482422,170488.0,70.5,71.1500015258789,2026-06-29,70.75
69.5,69.22000122070312,194279.0,70.43000030517578,71.5999984741211,2026-06-30,69.5
68.58000183105469,67.91999816894531,200004.0,69.9800033569336,70.19000244140625,2026-07-01,68.58000183105469
68.69000244140625,67.04000091552734,183635.0,68.02999877929688,68.80000305175781,2026-07-02,68.69000244140625
68.55000305175781,67.81999969482422,229909.0,68.68000030517578,69.20999908447266,2026-07-06,68.55000305175781
70.44000244140625,68.58000183105469,264072.0,68.58000183105469,72.51000213623047,2026-07-07,70.44000244140625
73.5199966430664,71.75,445251.0,72.37999725341797,76.08000183105469,2026-07-08,73.5199966430664
72.08000183105469,71.41999816894531,264009.0,74.94999694824219,75.12999725341797,2026-07-09,72.08000183105469
71.41000366210938,70.7699966430664,219817.0,71.86000061035156,73.16000366210938,2026-07-10,71.41000366210938
78.13999938964844,72.61000061035156,327411.0,73.69000244140625,78.58000183105469,2026-07-13,78.13999938964844
79.33999633789062,77.83999633789062,409973.0,78.04000091552734,81.2699966430664,2026-07-14,79.33999633789062
79.5999984741211,78.19000244140625,239855.0,79.73999786376953,80.93000030517578,2026-07-15,79.5999984741211
78.94999694824219,78.58000183105469,188731.0,80.0,80.87000274658203,2026-07-16,78.94999694824219
82.48999786376953,78.61000061035156,96003.0,79.56999969482422,82.76000213623047,2026-07-17,82.48999786376953
83.2300033569336,80.2699966430664,99783.0,83.76000213623047,85.38999938964844,2026-07-20,83.2300033569336
84.91000366210938,82.25,298109.0,83.4800033569336,85.80000305175781,2026-07-21,84.91000366210938
86.83000183105469,84.44000244140625,358021.0,84.69000244140625,88.61000061035156,2026-07-22,86.83000183105469
92.19000244140625,87.31999969482422,401934.0,87.72000122070312,93.5,2026-07-23,92.19000244140625
89.30999755859375,87.68000030517578,365438.0,92.55000305175781,92.83000183105469,2026-07-24,89.30999755859375
82.61000061035156,81.62999725341797,352813.0,86.12000274658203,86.19999694824219,2026-07-27,82.61000061035156
79.26000213623047,77.77999877929688,368026.0,82.0,82.43000030517578,2026-07-28,79.26000213623047
84.45999908447266,79.91999816894531,327417.0,80.04000091552734,85.56999969482422,2026-07-29,84.45999908447266
83.58999633789062,82.97000122070312,235395.0,84.6500015258789,85.94000244140625,2026-07-30,83.58999633789062
84.66999816894531,81.05999755859375,257851.0,83.91999816894531,86.87000274658203,2026-07-31,84.66999816894531
80.33999633789062,78.43000030517578,294823.0,80.0999984741211,81.30000305175781,2026-08-03,80.33999633789062
75.7699966430664,75.11000061035156,362270.0,80.0999984741211,82.33000183105469,2026-08-04,75.7699966430664
75.22000122070312,74.23999786376953,259965.0,75.16999816894531,76.69999694824219,2026-08-05,75.22000122070312
77.29000091552734,74.56999969482422,246260.0,75.13999938964844,78.51000213623047,2026-08-06,77.29000091552734
78.18000030517578,76.52999877929688,241222.0,78.16999816894531,78.7699966430664,2026-08-07,78.18000030517578
82.12999725341797,77.79000091552734,241222.0,78.41999816894531,82.37999725341797,2026-08-10,82.12999725341797
83.19999694824219,81.2699966430664,283823.0,82.3499984741211,84.61000061035156,2026-08-11,83.19999694824219
83.2699966430664,82.4000015258789,250779.0,83.48999786376953,84.3499984741211,2026-08-12,83.2699966430664
81.25,80.08999633789062,245842.0,82.69999694824219,83.30000305175781,2026-08-13,81.25
82.4000015258789,80.70999908447266,192132.0,81.2699966430664,82.98999786376953,2026-08-14,82.4000015258789
84.5,81.5,180066.0,82.52999877929688,85.04000091552734,2026-08-17,84.5
84.94000244140625,84.56999969482422,90110.0,84.9800033569336,85.94000244140625,2026-08-18,84.94000244140625
85.83000183105469,84.31999969482422,98764.0,85.41999816894531,87.19000244140625,2026-08-19,85.83000183105469
87.83000183105469,85.5999984741211,262550.0,85.80000305175781,89.0,2026-08-20,87.83000183105469
87.05999755859375,85.80000305175781,228718.0,86.2699966430664,87.51000213623047,2026-08-21,87.05999755859375
85.01000213623047,84.36000061035156,219422.0,86.5,86.56999969482422,2026-08-24,85.01000213623047
82.36000061035156,80.2300033569336,282408.0,85.02999877929688,85.83999633789062,2026-08-25,82.36000061035156
82.2300033569336,79.62000274658203,255920.0,81.11000061035156,83.30999755859375,2026-08-26,82.2300033569336
83.52999877929688,80.6500015258789,220113.0,82.0,84.2699966430664,2026-08-27,83.52999877929688
83.4000015258789,82.25,167615.0,83.66999816894531,83.77999877929688,2026-08-28,83.4000015258789
85.76000213623047,84.11000061035156,235761.0,84.69000244140625,86.79000091552734,2026-08-31,85.76000213623047
90.22000122070312,86.12999725341797,331106.0,86.30999755859375,90.97000122070312,2026-09-01,90.22000122070312
91.01000213623047,88.97000122070312,283450.0,90.6500015258789,92.29000091552734,2026-09-02,91.01000213623047
91.30000305175781,89.56999969482422,324521.0,90.69999694824219,93.13999938964844,2026-09-03,91.30000305175781
91.4800033569336,88.72000122070312,273129.0,91.66999816894531,92.16999816894531,2026-09-04,91.4800033569336
93.02999877929688,90.87000274658203,435231.0,92.26000213623047,94.7300033569336,2026-09-08,93.02999877929688
96.05000305175781,93.76000213623047,325209.0,94.30999755859375,96.93000030517578,2026-09-09,96.05000305175781
102.4800033569336,95.37000274658203,437382.0,96.87999725341797,104.04000091552734,2026-09-10,102.4800033569336
100.05000305175781,98.4800033569336,399142.0,104.31999969482422,104.45999908447266,2026-09-11,100.05000305175781
101.38999938964844,100.52999877929688,413090.0,102.25,104.94999694824219,2026-09-14,101.38999938964844
105.83000183105469,101.20999908447266,371490.0,102.01000213623047,106.75,2026-09-15,105.83000183105469
102.43000030517578,100.97000122070312,301167.0,105.4800033569336,105.62999725341797,2026-09-16,102.43000030517578
101.91000366210938,99.0999984741211,265972.0,102.18000030517578,102.47000122070312,2026-09-17,101.91000366210938
100.30000305175781,99.19000244140625,112698.0,101.05999755859375,103.4800033569336,2026-09-18,100.30000305175781
95.77999877929688,94.22000122070312,76449.0,101.0,101.08000183105469,2026-09-21,95.77999877929688
94.58999633789062,92.4000015258789,422683.0,95.38999938964844,97.41999816894531,2026-09-22,94.58999633789062
92.16000366210938,88.70999908447266,370714.0,89.88999938964844,93.05999755859375,2026-09-23,92.16000366210938
94.61000061035156,91.2300033569336,410015.0,92.72000122070312,96.77999877929688,2026-09-24,94.61000061035156
92.41000366210938,91.51000213623047,345783.0,94.75,94.75,2026-09-25,92.41000366210938
92.5999984741211,91.25,370326.0,93.58000183105469,96.54000091552734,2026-09-28,92.5999984741211
89.37999725341797,88.77999877929688,335169.0,93.52999877929688,94.73999786376953,2026-09-29,89.37999725341797
90.41999816894531,88.58000183105469,285604.0,89.0,91.95999908447266,2026-09-30,90.41999816894531
92.87000274658203,88.79000091552734,337181.0,90.4000015258789,93.68000030517578,2026-10-01,92.87000274658203
91.11000061035156,88.05999755859375,355302.0,93.45999908447266,93.51000213623047,2026-10-02,91.11000061035156
89.43000030517578,88.73999786376953,274982.0,91.7699966430664,91.87999725341797,2026-10-05,89.43000030517578
89.44000244140625,86.86000061035156,265937.0,89.2699966430664,90.05000305175781,2026-10-06,89.44000244140625
88.27999877929688,87.95999908447266,295162.0,89.95999908447266,90.9800033569336,2026-10-07,88.27999877929688
91.48999786376953,88.7699966430664,295162.0,89.0,93.19999694824219,2026-10-08,91.48999786376953
