volume,low,open,close,high,date,adjclose
267400000,41993.3515625,42070.3203125,42512.0,42562.01171875,2024-10-09,42512.0
245570000,42308.0390625,42511.37109375,42454.12109375,42511.37109375,2024-10-10,42454.12109375
265330000,42507.53125,42507.53125,42863.859375,42899.75,2024-10-11,42863.859375
240050000,42707.140625,42800.890625,43065.21875,43139.0,2024-10-14,43065.21875
360880000,42703.171875,43240.171875,42740.421875,43277.78125,2024-10-15,42740.421875
297510000,42692.37109375,42706.48828125,43077.69921875,43100.83984375,2024-10-16,43077.69921875
267370000,43119.80859375,43119.80859375,43239.05078125,43289.76171875,2024-10-17,43239.05078125
295500000,43036.3515625,43187.12109375,43275.91015625,43325.08984375,2024-10-18,43275.91015625
273590000,42877.5703125,43222.2109375,42931.6015625,43310.87109375,2024-10-21,42931.6015625
335200000,42718.26171875,42876.83984375,42924.890625,43041.05078125,2024-10-22,42924.890625
356610000,42293.171875,42834.3984375,42514.94921875,42834.3984375,2024-10-23,42514.94921875
282680000,42191.828125,42522.55078125,42374.359375,42522.55078125,2024-10-24,42374.359375
314000000,42051.390625,42477.51171875,42114.3984375,42594.640625,2024-10-25,42114.3984375
284770000,42264.5390625,42264.5390625,42387.5703125,42476.4609375,2024-10-28,42387.5703125
373550000,42171.6484375,42323.48046875,42233.05078125,42491.859375,2024-10-29,42233.05078125
377420000,42141.5390625,42249.80859375,42141.5390625,42457.921875,2024-10-30,42141.5390625
497370000,41704.62890625,41956.33984375,41763.4609375,41991.91015625,2024-10-31,41763.4609375
531350000,41869.8203125,41869.8203125,42052.19140625,42326.30859375,2024-11-01,42052.19140625
341500000,41647.30078125,42004.66015625,41794.6015625,42035.87109375,2024-11-04,41794.6015625
283990000,41766.9609375,41835.48828125,42221.87890625,42258.83984375,2024-11-05,42221.87890625
550400000,42850.3984375,42850.3984375,43729.9296875,43778.78125,2024-11-06,43729.9296875
437510000,43641.921875,43718.921875,43729.33984375,43823.1015625,2024-11-07,43729.33984375
454570000,43733.859375,43768.53125,43988.98828125,44157.2890625,2024-11-08,43988.98828125
451940000,44057.6484375,44057.6484375,44293.12890625,44486.69921875,2024-11-11,44293.12890625
482720000,43887.26953125,44359.2109375,43910.98046875,44405.73046875,2024-11-12,43910.98046875
500190000,43829.98046875,43880.4609375,43958.19140625,44141.328125,2024-11-13,43958.19140625
545090000,43704.8203125,44032.37890625,43750.859375,44080.78125,2024-11-14,43750.859375
664320000,43350.4296875,43587.9296875,43444.98828125,43647.53125,2024-11-15,43444.98828125
527180000,43297.5703125,43431.890625,43389.6015625,43505.66015625,2024-11-18,43389.6015625
497970000,42938.87109375,43243.26953125,43268.94140625,43380.96875,2024-11-19,43268.94140625
559010000,43074.859375,43296.05078125,43408.46875,43465.76953125,2024-11-20,43408.46875
712120000,43345.578125,43538.69921875,43870.3515625,44020.30859375,2024-11-21,43870.3515625
533010000,43871.62890625,43871.62890625,44296.51171875,44323.94921875,2024-11-22,44296.51171875
826660000,44385.48828125,44385.48828125,44736.5703125,44815.671875,2024-11-25,44736.5703125
476170000,44426.66015625,44614.890625,44860.30859375,44903.01171875,2024-11-26,44860.30859375
451360000,44690.23046875,44837.75,44722.05859375,45003.05859375,2024-11-27,44722.05859375
319210000,44760.05078125,44760.05078125,44910.6484375,45071.2890625,2024-11-29,44910.6484375
439740000,44710.16015625,44925.859375,44782.0,45001.66015625,2024-12-02,44782.0
429130000,44574.78125,44769.578125,44705.53125,44914.6796875,2024-12-03,44705.53125
554420000,44799.73828125,44941.05078125,45014.0390625,45073.62890625,2024-12-04,45014.0390625
457340000,44747.140625,45038.44140625,44765.7109375,45059.94140625,2024-12-05,44765.7109375
466910000,44596.4609375,44824.2890625,44642.51953125,44923.73828125,2024-12-06,44642.51953125
503920000,44382.828125,44637.96875,44401.9296875,44728.51171875,2024-12-09,44401.9296875
482660000,44186.66015625,44291.5703125,44247.828125,44470.83984375,2024-12-10,44247.828125
512650000,44135.73828125,44300.41015625,44148.55859375,44376.1796875,2024-12-11,44148.55859375
396050000,43903.26953125,44168.66015625,43914.12109375,44208.6015625,2024-12-12,43914.12109375
455380000,43790.48046875,43929.1484375,43828.05859375,44054.23046875,2024-12-13,43828.05859375
579350000,43686.8515625,43825.76171875,43717.48046875,43951.578125,2024-12-16,43717.48046875
593670000,43336.21875,43656.46875,43449.8984375,43656.46875,2024-12-17,43449.8984375
627570000,42300.0390625,43459.71875,42326.87109375,43688.96875,2024-12-18,42326.87109375
560200000,42334.12890625,42464.12890625,42342.23828125,42787.8515625,2024-12-19,42342.23828125
1121300000,42146.328125,42296.26171875,42840.26171875,43216.03125,2024-12-20,42840.26171875
449390000,42516.87109375,42800.48828125,42906.94921875,42957.7890625,2024-12-23,42906.94921875
230410000,42871.76171875,42916.48046875,43297.03125,43297.6484375,2024-12-24,43297.03125
270350000,43115.08984375,43201.8515625,43325.80078125,43373.98046875,2024-12-26,43325.80078125
376960000,42761.55859375,43142.37109375,42992.2109375,43238.8515625,2024-12-27,42992.2109375
383300000,42263.51171875,42863.859375,42573.73046875,42863.859375,2024-12-30,42573.73046875
359210000,42421.2890625,42636.69921875,42544.21875,42779.69140625,2024-12-31,42544.21875
459850000,42174.80078125,42660.08984375,42392.26953125,42905.08984375,2025-01-02,42392.26953125
455810000,42436.921875,42495.76171875,42732.12890625,42782.76171875,2025-01-03,42732.12890625
557040000,42611.16015625,42835.51953125,42706.55859375,43115.30859375,2025-01-06,42706.55859375
621630000,42380.75,42809.7109375,42528.359375,42931.5390625,2025-01-07,42528.359375
463430000,42327.7890625,42542.1015625,42635.19921875,42656.21875,2025-01-08,42635.19921875
543810000,41877.30078125,42540.2890625,41938.44921875,42540.2890625,2025-01-10,41938.44921875
500190000,41844.890625,41924.6796875,42297.12109375,42319.6015625,2025-01-13,42297.12109375
454650000,42157.03125,42366.421875,42518.28125,42544.5703125,2025-01-14,42518.28125
479110000,42927.76171875,42927.76171875,43221.55078125,43323.48828125,2025-01-15,43221.55078125
504270000,43081.75,43290.25,43153.12890625,43294.80859375,2025-01-16,43153.12890625
554870000,43312.55078125,43312.55078125,43487.828125,43653.25,2025-01-17,43487.828125
592210000,43528.6484375,43528.6484375,44025.80859375,44050.12890625,2025-01-21,44025.80859375
588430000,44042.109375,44178.05859375,44156.73046875,44208.33984375,2025-01-22,44156.73046875
444180000,44113.55078125,44113.55078125,44565.0703125,44565.26171875,2025-01-23,44565.0703125
532230000,44332.21875,44533.75,44424.25,44545.51953125,2025-01-24,44424.25
1230150000,44026.26953125,44148.83984375,44713.578125,44727.8515625,2025-01-27,44713.578125
915110000,44621.9609375,44756.359375,44850.3515625,44976.3515625,2025-01-28,44850.3515625
695190000,44579.1015625,44819.55078125,44713.51953125,44962.578125,2025-01-29,44713.51953125
714080000,44548.69140625,44548.69140625,44882.12890625,45008.75,2025-01-30,44882.12890625
768530000,44507.21875,45054.359375,44544.66015625,45054.359375,2025-01-31,44544.66015625
712890000,43879.05859375,44268.1484375,44421.91015625,44594.5390625,2025-02-03,44421.91015625
561360000,44328.51953125,44469.4609375,44556.0390625,44597.7109375,2025-02-04,44556.0390625
552040000,44352.98828125,44563.62890625,44873.28125,44886.87890625,2025-02-05,44873.28125
542250000,44545.26953125,44949.19140625,44747.62890625,44966.62890625,2025-02-06,44747.62890625
552510000,44279.78125,44762.5703125,44303.3984375,44857.109375,2025-02-07,44303.3984375
494600000,44301.421875,44396.921875,44470.41015625,44622.19140625,2025-02-10,44470.41015625
453440000,44319.51171875,44401.37890625,44593.6484375,44640.6015625,2025-02-11,44593.6484375
444470000,44104.48046875,44357.69921875,44368.55859375,44467.2109375,2025-02-12,44368.55859375
513960000,44366.62109375,44425.94140625,44711.4296875,44768.26171875,2025-02-13,44711.4296875
474570000,44498.9609375,44720.98828125,44546.078125,44769.05078125,2025-02-14,44546.078125
551790000,44319.3203125,44583.91015625,44556.33984375,44602.01953125,2025-02-18,44556.33984375
438880000,44312.6484375,44478.12109375,44627.58984375,44636.19140625,2025-02-19,44627.58984375
448500000,43950.16015625,44561.109375,44176.6484375,44561.109375,2025-02-20,44176.6484375
622550000,43349.328125,43820.12890625,43428.01953125,43959.73046875,2025-02-21,43428.01953125
615500000,43343.671875,43493.12109375,43461.2109375,43699.1484375,2025-02-24,43461.2109375
641310000,43282.98046875,43509.73828125,43621.16015625,43767.73828125,2025-02-25,43621.16015625
590270000,43318.9296875,43635.421875,43433.12109375,43866.5,2025-02-26,43433.12109375
739620000,43224.53125,43516.44140625,43239.5,43884.19140625,2025-02-27,43239.5
782170000,43100.87109375,43259.83984375,43840.91015625,43873.55078125,2025-02-28,43840.91015625
731560000,42919.30859375,43900.48828125,43191.23828125,44033.78125,2025-03-03,43191.23828125
815780000,42347.75,43040.30078125,42520.98828125,43084.0,2025-03-04,42520.98828125
582350000,42418.73046875,42518.37109375,43006.58984375,43135.921875,2025-03-05,43006.58984375
643880000,42381.55859375,42848.48828125,42579.078125,42970.48828125,2025-03-06,42579.078125
763440000,42175.62109375,42503.0703125,42801.71875,42898.6796875,2025-03-07,42801.71875
840180000,41612.921875,42507.6484375,41911.7109375,42541.359375,2025-03-10,41911.7109375
828160000,41175.37109375,41837.94921875,41433.48046875,41868.26953125,2025-03-11,41433.48046875
712360000,41010.23828125,41577.5,41350.9296875,41721.359375,2025-03-12,41350.9296875
646770000,40661.76953125,41280.05078125,40813.5703125,41360.12109375,2025-03-13,40813.5703125
600240000,40929.5390625,41057.5703125,41488.19140625,41528.109375,2025-03-14,41488.19140625
564190000,41412.75,41460.21875,41841.62890625,42013.1015625,2025-03-17,41841.62890625
569810000,41415.4296875,41772.91015625,41581.30859375,41787.25,2025-03-18,41581.30859375
577530000,41613.19140625,41613.19140625,41964.62890625,42178.41015625,2025-03-19,41964.62890625
545240000,41695.609375,41795.26171875,41953.3203125,42250.2890625,2025-03-20,41953.3203125
1026600000,41433.859375,41763.3984375,41985.3515625,42011.3984375,2025-03-21,41985.3515625
548840000,42180.140625,42180.140625,42583.3203125,42638.8515625,2025-03-24,42583.3203125
452200000,42441.828125,42635.5390625,42587.5,42696.609375,2025-03-25,42587.5
592650000,42326.671875,42655.8515625,42454.7890625,42821.828125,2025-03-26,42454.7890625
484540000,42142.19140625,42432.9609375,42299.69921875,42523.83984375,2025-03-27,42299.69921875
532360000,41530.0,42245.8203125,41583.8984375,42258.1484375,2025-03-28,41583.8984375
732220000,41148.12890625,41382.51953125,42001.76171875,42147.37890625,2025-03-31,42001.76171875
514610000,41519.8984375,41879.75,41989.9609375,42140.66015625,2025-04-01,41989.9609375
492050000,41629.69921875,41736.078125,42225.3203125,42382.26953125,2025-04-02,42225.3203125
941940000,40513.109375,40986.51953125,40545.9296875,41173.62109375,2025-04-03,40545.9296875
1290100000,38264.87109375,40097.8984375,38314.859375,40097.8984375,2025-04-04,38314.859375
1363960000,36611.78125,37879.6484375,37965.6015625,39207.01953125,2025-04-07,37965.6015625
1051220000,37103.859375,38827.1015625,37645.58984375,39426.6015625,2025-04-08,37645.58984375
1412960000,37275.69140625,37387.91015625,40608.44921875,40778.69921875,2025-04-09,40608.44921875
1023490000,38427.69921875,39996.9296875,39593.66015625,39996.9296875,2025-04-10,39593.66015625
742800000,39255.2109375,39493.421875,40212.7109375,40404.26953125,2025-04-11,40212.7109375
667010000,40159.01953125,40546.1484375,40524.7890625,40778.2890625,2025-04-14,40524.7890625
529800000,40346.94140625,40527.8203125,40368.9609375,40791.1796875,2025-04-15,40368.9609375
737550000,39394.75,40179.48828125,39669.390625,40416.80078125,2025-04-16,39669.390625
657400000,38950.30859375,39745.578125,39142.23046875,39745.578125,2025-04-17,39142.23046875
604790000,37830.66015625,38906.0390625,38170.41015625,38906.0390625,2025-04-21,38170.41015625
582330000,38516.23046875,38516.23046875,39186.98046875,39272.03125,2025-04-22,39186.98046875
642550000,39487.140625,39815.01171875,39606.5703125,40376.109375,2025-04-23,39606.5703125
558120000,39371.87109375,39531.05078125,40093.3984375,40157.91015625,2025-04-24,40093.3984375
559040000,39718.6796875,40045.73046875,40113.5,40137.30859375,2025-04-25,40113.5
475930000,39869.1015625,40171.73828125,40227.58984375,40414.1796875,2025-04-28,40227.58984375
434830000,40222.1796875,40233.98046875,40527.62109375,40630.48828125,2025-04-29,40527.62109375
599760000,39745.62890625,40290.41015625,40669.359375,40777.16015625,2025-04-30,40669.359375
597270000,40705.62890625,40918.0390625,40752.9609375,41099.51953125,2025-05-01,40752.9609375
589870000,40960.421875,40960.421875,41317.4296875,41386.19140625,2025-05-02,41317.4296875
413440000,41063.44140625,41173.37890625,41218.828125,41445.91015625,2025-05-05,41218.828125
416110000,40759.41015625,41000.19140625,40829.0,41164.328125,2025-05-06,40829.0
533870000,40829.2890625,40956.078125,41113.96875,41266.91015625,2025-05-07,41113.96875
514850000,41167.76171875,41312.5703125,41368.44921875,41773.21875,2025-05-08,41368.44921875
373930000,41150.73046875,41405.48046875,41249.37890625,41512.4296875,2025-05-09,41249.37890625
653810000,41899.05078125,41899.05078125,42410.1015625,42418.05078125,2025-05-12,42410.1015625
729860000,42132.0390625,42507.328125,42140.4296875,42507.328125,2025-05-13,42140.4296875
660230000,41952.859375,42150.08984375,42051.05859375,42254.75,2025-05-14,42051.05859375
736430000,41777.98046875,41777.98046875,42322.75,42351.421875,2025-05-15,42322.75
621250000,42232.55859375,42356.19921875,42654.73828125,42663.6796875,2025-05-16,42654.73828125
536830000,42337.7109375,42542.80859375,42792.0703125,42842.0390625,2025-05-19,42792.0703125
441530000,42485.37109375,42735.109375,42677.23828125,42800.0390625,2025-05-20,42677.23828125
607900000,41785.21875,42354.4609375,41860.44140625,42439.26953125,2025-05-21,41860.44140625
476080000,41714.4296875,41763.6796875,41859.08984375,42090.421875,2025-05-22,41859.08984375
497060000,41354.08984375,41525.69921875,41603.0703125,41788.609375,2025-05-23,41603.0703125
501340000,41849.0390625,41849.0390625,42343.6484375,42350.66015625,2025-05-27,42343.6484375
518840000,42042.26171875,42361.62890625,42098.69921875,42448.71875,2025-05-28,42098.69921875
665310000,41828.3515625,42190.01953125,42215.73046875,42266.0,2025-05-29,42215.73046875
796200000,41906.16015625,42192.3515625,42270.0703125,42376.078125,2025-05-30,42270.0703125
454680000,41853.62109375,42199.94140625,42305.48046875,42317.0,2025-06-02,42305.48046875
504410000,42186.44140625,42304.5,42519.640625,42568.37890625,2025-06-03,42519.640625
409600000,42427.73828125,42574.12890625,42427.73828125,42645.0,2025-06-04,42427.73828125
532850000,42211.69140625,42487.890625,42319.73828125,42601.44921875,2025-06-05,42319.73828125
414540000,42582.55078125,42631.8203125,42762.87109375,42924.55859375,2025-06-06,42762.87109375
485780000,42567.55078125,42786.19140625,42761.76171875,42893.08984375,2025-06-09,42761.76171875
446850000,42710.08984375,42738.26953125,42866.87109375,42925.94140625,2025-06-10,42866.87109375
467260000,42738.62109375,42882.859375,42865.76953125,43115.69140625,2025-06-11,42865.76953125
455760000,42606.421875,42737.359375,42967.62109375,42970.3984375,2025-06-12,42967.62109375
485930000,42081.08984375,42579.48046875,42197.7890625,42602.48046875,2025-06-13,42197.7890625
467040000,42300.12890625,42300.12890625,42515.08984375,42707.73046875,2025-06-16,42515.08984375
423070000,42132.6484375,42358.62109375,42215.80078125,42530.828125,2025-06-17,42215.80078125
485440000,42118.23046875,42236.03125,42171.66015625,42510.0703125,2025-06-18,42171.66015625
859840000,42089.98828125,42291.08984375,42206.8203125,42432.19140625,2025-06-20,42206.8203125
496750000,41981.140625,42178.55078125,42581.78125,42609.46875,2025-06-23,42581.78125
516060000,42794.078125,42807.12890625,43089.01953125,43183.48046875,2025-06-24,43089.01953125
527460000,42871.5,43130.328125,42982.4296875,43130.328125,2025-06-25,42982.4296875
536710000,43084.0703125,43084.0703125,43386.83984375,43430.98828125,2025-06-26,43386.83984375
921330000,43505.6015625,43505.6015625,43819.26953125,43966.37109375,2025-06-27,43819.26953125
623630000,43889.16015625,44020.66015625,44094.76953125,44138.69140625,2025-06-30,44094.76953125
593600000,44013.5390625,44061.48828125,44494.94140625,44604.1484375,2025-07-01,44494.94140625
499870000,44354.01171875,44455.66015625,44484.421875,44557.8203125,2025-07-02,44484.421875
346620000,44550.421875,44565.75,44828.53125,44885.828125,2025-07-03,44828.53125
442350000,44160.3203125,44803.359375,44406.359375,44803.359375,2025-07-07,44406.359375
445670000,44201.37109375,44378.578125,44240.76171875,44436.9609375,2025-07-08,44240.76171875
531790000,44225.87890625,44327.12890625,44458.30078125,44556.6796875,2025-07-09,44458.30078125
452340000,44372.921875,44427.75,44650.640625,44775.46875,2025-07-10,44650.640625
474090000,44275.25,44480.76953125,44371.51171875,44480.76953125,2025-07-11,44371.51171875
410250000,44237.28125,44346.1484375,44459.6484375,44472.12890625,2025-07-14,44459.6484375
496270000,44002.390625,44459.83984375,44023.2890625,44504.26953125,2025-07-15,44023.2890625
450190000,43758.98046875,44152.73828125,44254.78125,44260.19140625,2025-07-16,44254.78125
455310000,44200.0390625,44229.87890625,44484.48828125,44558.05078125,2025-07-17,44484.48828125
497800000,44224.58984375,44571.6796875,44342.19140625,44571.6796875,2025-07-18,44342.19140625
446590000,44311.421875,44368.3984375,44323.0703125,44601.8515625,2025-07-21,44323.0703125
483560000,44272.6015625,44338.62109375,44502.44140625,44542.53125,2025-07-22,44502.44140625
446630000,44638.44140625,44661.12109375,45010.2890625,45016.7109375,2025-07-23,45010.2890625
453000000,44674.5703125,44776.41015625,44693.91015625,44912.26953125,2025-07-24,44693.91015625
369500000,44650.58984375,44757.28125,44901.921875,44944.4609375,2025-07-25,44901.921875
416510000,44739.9609375,44946.98046875,44837.55859375,44946.98046875,2025-07-28,44837.55859375
488780000,44568.828125,44833.73828125,44632.98828125,44883.66015625,2025-07-29,44632.98828125
456840000,44261.7109375,44677.8984375,44461.28125,44739.53125,2025-07-30,44461.28125
689040000,44049.01171875,44665.8203125,44130.98046875,44665.8203125,2025-07-31,44130.98046875
705150000,43340.6796875,43781.76953125,43588.578125,43781.76953125,2025-08-01,43588.578125
514180000,43724.01953125,43724.01953125,44173.640625,44188.359375,2025-08-04,44173.640625
455690000,43923.80859375,44200.0703125,44111.73828125,44308.5,2025-08-05,44111.73828125
518970000,44017.7109375,44196.609375,44193.12109375,44290.08984375,2025-08-06,44193.12109375
492480000,43799.19921875,44430.08984375,43968.640625,44498.4296875,2025-08-07,43968.640625
452500000,44028.94140625,44044.94921875,44175.609375,44272.75,2025-08-08,44175.609375
431510000,43911.30859375,44184.359375,43975.08984375,44273.03125,2025-08-11,43975.08984375
442850000,44050.53125,44050.53125,44458.609375,44497.58984375,2025-08-12,44458.609375
521430000,44571.53125,44571.53125,44922.26953125,44949.12109375,2025-08-13,44922.26953125
453530000,44690.5,44890.83984375,44911.26171875,44948.69921875,2025-08-14,44911.26171875
547270000,44897.98046875,45159.91015625,44946.12109375,45203.51953125,2025-08-15,44946.12109375
416460000,44868.3203125,44963.171875,44911.8203125,44998.828125,2025-08-18,44911.8203125
466010000,44816.5,44952.359375,44922.26953125,45207.390625,2025-08-19,44922.26953125
512550000,44767.96875,44922.69921875,44938.30859375,45033.75,2025-08-20,44938.30859375
407540000,44579.03125,44808.2109375,44785.5,44892.609375,2025-08-21,44785.5
484720000,44952.87890625,44952.87890625,45631.73828125,45757.83984375,2025-08-22,45631.73828125
393960000,45273.08984375,45605.25,45282.46875,45605.25,2025-08-25,45282.46875
490980000,45192.2890625,45236.828125,45418.0703125,45437.62109375,2025-08-26,45418.0703125
430980000,45372.78125,45417.4609375,45565.23046875,45621.078125,2025-08-27,45565.23046875
540880000,45442.6796875,45581.03125,45636.8984375,45682.828125,2025-08-28,45636.8984375
494870000,45377.2109375,45590.9609375,45544.87890625,45616.16015625,2025-08-29,45544.87890625
533180000,44948.16015625,45287.73046875,45295.80859375,45295.80859375,2025-09-02,45295.80859375
479210000,44980.359375,45309.4296875,45271.23046875,45309.4296875,2025-09-03,45271.23046875
457490000,45160.73828125,45204.87109375,45621.2890625,45632.390625,2025-09-04,45621.2890625
558920000,45211.78125,45656.48828125,45400.859375,45770.19921875,2025-09-05,45400.859375
472240000,45277.73046875,45430.609375,45514.94921875,45542.55859375,2025-09-08,45514.94921875
449650000,45433.51171875,45547.62109375,45711.33984375,45764.19921875,2025-09-09,45711.33984375
579920000,45380.05859375,45731.5,45490.921875,45731.5,2025-09-10,45490.921875
448340000,45577.08984375,45577.08984375,46108.0,46137.19921875,2025-09-11,46108.0
421730000,45813.9296875,46077.140625,45834.21875,46077.140625,2025-09-12,45834.21875
401500000,45771.87890625,45848.390625,45883.44921875,45978.4296875,2025-09-15,45883.44921875
443400000,45667.421875,45919.5390625,45757.8984375,45967.109375,2025-09-16,45757.8984375
509830000,45687.58984375,45778.3984375,46018.3203125,46261.94921875,2025-09-17,46018.3203125
489090000,45954.73046875,46056.55078125,46142.421875,46317.51953125,2025-09-18,46142.421875
972580000,46105.01953125,46211.16015625,46315.26953125,46396.46875,2025-09-19,46315.26953125
627450000,46035.828125,46206.69140625,46381.5390625,46447.12890625,2025-09-22,46381.5390625
541530000,46217.578125,46364.109375,46292.78125,46714.26953125,2025-09-23,46292.78125
421040000,46096.390625,46368.94140625,46121.28125,46453.0703125,2025-09-24,46121.28125
509180000,45785.171875,46097.4296875,45947.3203125,46122.421875,2025-09-25,45947.3203125
434270000,46051.921875,46101.44921875,46247.2890625,46353.03125,2025-09-26,46247.2890625
479740000,46149.05078125,46306.33984375,46316.0703125,46387.05859375,2025-09-29,46316.0703125
584780000,46103.390625,46282.62890625,46397.890625,46425.30078125,2025-09-30,46397.890625
552790000,46276.390625,46366.78125,46441.1015625,46528.78125,2025-10-01,46441.1015625
442010000,46283.5703125,46461.109375,46519.71875,46589.30859375,2025-10-02,46519.71875
425050000,46566.87109375,46583.94921875,46758.28125,47049.640625,2025-10-03,46758.28125
500000000,46426.9609375,46776.0390625,46694.96875,46846.44921875,2025-10-06,46694.96875
411280000,46448.01953125,46700.8984375,46602.98046875,46868.48828125,2025-10-07,46602.98046875
423510000,46498.390625,46649.3203125,46601.78125,46816.28125,2025-10-08,46601.78125
493080000,46271.3984375,46622.30859375,46358.421875,46684.41015625,2025-10-09,46358.421875
658100000,45470.71875,46394.87890625,45479.6015625,46641.73828125,2025-10-10,45479.6015625
414070000,45698.4609375,45698.4609375,46067.578125,46153.48828125,2025-10-13,46067.578125
515330000,45452.03125,45871.890625,46270.4609375,46522.671875,2025-10-14,46270.4609375
488700000,46027.23046875,46375.171875,46253.30859375,46693.33984375,2025-10-15,46253.30859375
481610000,45781.1796875,46289.08984375,45952.23828125,46422.33984375,2025-10-16,45952.23828125
492870000,45862.37109375,45862.3984375,46190.609375,46327.0703125,2025-10-17,46190.609375
444010000,46312.87890625,46312.87890625,46706.578125,46759.26953125,2025-10-20,46706.578125
430490000,46688.25,46707.078125,46924.73828125,47125.66015625,2025-10-21,46924.73828125
458450000,46461.51953125,46941.55859375,46590.41015625,46941.55859375,2025-10-22,46590.41015625
407570000,46490.05859375,46519.12890625,46734.609375,46802.1484375,2025-10-23,46734.609375
403500000,46811.51171875,46811.51171875,47207.12109375,47326.73046875,2025-10-24,47207.12109375
426790000,47375.9609375,47412.80078125,47544.58984375,47564.51953125,2025-10-27,47544.58984375
603670000,47675.69921875,47752.3515625,47706.37109375,47943.16015625,2025-10-28,47706.37109375
683470000,47448.58984375,47746.7890625,47632.0,48040.640625,2025-10-29,47632.0
593890000,47381.91015625,47446.87890625,47522.12109375,48014.921875,2025-10-30,47522.12109375
704620000,47347.28125,47659.9609375,47562.87109375,47718.37890625,2025-10-31,47562.87109375
571740000,47135.9609375,47697.328125,47336.6796875,47697.328125,2025-11-03,47336.6796875
514650000,46877.05859375,47148.0390625,47085.23828125,47274.8984375,2025-11-04,47085.23828125
469010000,47041.30859375,47097.30859375,47311.0,47460.359375,2025-11-05,47311.0
552150000,46787.44140625,47255.12109375,46912.30078125,47359.2890625,2025-11-06,46912.30078125
591090000,46495.62109375,46797.03125,46987.1015625,46996.7109375,2025-11-07,46987.1015625
490070000,46934.3515625,47095.05859375,47368.62890625,47412.890625,2025-11-10,47368.62890625
454970000,47384.51171875,47384.51171875,47927.9609375,47974.37109375,2025-11-11,47927.9609375
497550000,48015.7890625,48015.7890625,48254.8203125,48431.5703125,2025-11-12,48254.8203125
608110000,47411.1015625,48173.921875,47457.21875,48233.25,2025-11-13,47457.21875
552330000,46863.05078125,47222.37890625,47147.48046875,47380.0703125,2025-11-14,47147.48046875
503830000,46430.26953125,47068.05859375,46590.23828125,47202.55859375,2025-11-17,46590.23828125
596360000,45913.6015625,46382.921875,46091.73828125,46382.921875,2025-11-18,46091.73828125
555370000,45905.19140625,46138.6796875,46138.76953125,46299.12890625,2025-11-19,46138.76953125
721440000,45728.9296875,46567.51171875,45752.26171875,46856.75,2025-11-20,45752.26171875
790560000,45781.578125,45808.6484375,46245.41015625,46577.5,2025-11-21,46245.41015625
743580000,46108.01171875,46351.9296875,46448.26953125,46587.7109375,2025-11-24,46448.26953125
648860000,46341.3515625,46482.359375,47112.44921875,47182.8984375,2025-11-25,47112.44921875
454980000,47196.1484375,47196.1484375,47427.12109375,47571.3984375,2025-11-26,47427.12109375
272500000,47475.609375,47482.25,47716.421875,47750.76953125,2025-11-28,47716.421875
482190000,47271.109375,47580.8515625,47289.328125,47676.03125,2025-12-01,47289.328125
510900000,47263.921875,47416.91015625,47474.4609375,47597.109375,2025-12-02,47474.4609375
490380000,47371.62109375,47371.62109375,47882.8984375,47969.640625,2025-12-03,47882.8984375
498740000,47692.9609375,47888.16015625,47850.94140625,48049.71875,2025-12-04,47850.94140625
456100000,47871.51171875,47879.6015625,47954.98828125,48133.5390625,2025-12-05,47954.98828125
505490000,47611.9296875,47971.51171875,47739.3203125,47971.51171875,2025-12-08,47739.3203125
425470000,47533.6015625,47724.51953125,47560.2890625,47957.7890625,2025-12-09,47560.2890625
545610000,47462.94140625,47573.9609375,48057.75,48197.30078125,2025-12-10,48057.75
493950000,48082.8984375,48082.8984375,48704.01171875,48756.33984375,2025-12-11,48704.01171875
495830000,48334.1015625,48714.75,48458.05078125,48886.859375,2025-12-12,48458.05078125
516630000,48283.26953125,48594.359375,48416.55859375,48679.140625,2025-12-15,48416.55859375
457400000,47946.25,48380.171875,48114.26171875,48452.171875,2025-12-16,48114.26171875
534260000,47856.7890625,48128.05078125,47885.96875,48387.328125,2025-12-17,47885.96875
521430000,47849.48046875,48101.1796875,47951.8515625,48365.9296875,2025-12-18,47951.8515625
1227520000,47974.8203125,47974.8203125,48134.890625,48289.62890625,2025-12-19,48134.890625
427050000,48199.12890625,48211.87890625,48362.6796875,48457.46875,2025-12-22,48362.6796875
418920000,48254.30859375,48320.58984375,48442.41015625,48527.5,2025-12-23,48442.41015625
206740000,48386.58984375,48424.7109375,48731.16015625,48771.3203125,2025-12-24,48731.16015625
288770000,48589.0703125,48712.46875,48710.96875,48782.0,2025-12-26,48710.96875
321850000,48390.91015625,48636.62890625,48461.9296875,48704.828125,2025-12-29,48461.9296875
282570000,48297.26171875,48434.87890625,48367.05859375,48471.69921875,2025-12-30,48367.05859375
336060000,48050.87890625,48371.51953125,48063.2890625,48394.51171875,2025-12-31,48063.2890625
465060000,47853.0390625,48105.98046875,48382.390625,48404.05859375,2026-01-02,48382.390625
578580000,48449.62109375,48475.80859375,48977.1796875,49209.94921875,2026-01-05,48977.1796875
541220000,48923.828125,48987.359375,49462.078125,49509.921875,2026-01-06,49462.078125
506140000,48951.98828125,49512.71875,48996.078125,49621.4296875,2026-01-07,48996.078125
515070000,48792.33984375,48850.171875,49266.109375,49357.73828125,2026-01-08,49266.109375
444480000,49197.05859375,49234.80859375,49504.0703125,49571.41015625,2026-01-09,49504.0703125
516430000,49011.30859375,49499.671875,49590.19921875,49633.3515625,2026-01-12,49590.19921875
549950000,49056.30859375,49616.94921875,49191.98828125,49616.94921875,2026-01-13,49191.98828125
530670000,48851.98046875,49088.25,49149.62890625,49195.1015625,2026-01-14,49149.62890625
541520000,49201.1015625,49201.1015625,49442.44140625,49581.1796875,2026-01-15,49442.44140625
992970000,49246.23828125,49466.69921875,49359.328125,49616.69921875,2026-01-16,49359.328125
676030000,48428.12890625,49005.01171875,48488.58984375,49005.01171875,2026-01-20,48488.58984375
600840000,48546.03125,48546.03125,49077.23046875,49295.03125,2026-01-21,49077.23046875
455130000,49201.80859375,49201.80859375,49384.01171875,49607.2890625,2026-01-22,49384.01171875
461030000,48963.05078125,49264.5390625,49098.7109375,49265.4609375,2026-01-23,49098.7109375
454370000,49137.6484375,49137.6484375,49412.3984375,49488.80859375,2026-01-26,49412.3984375
533780000,48862.51953125,49103.578125,49003.41015625,49157.80078125,2026-01-27,49003.41015625
470990000,48901.48828125,49024.6796875,49015.6015625,49150.33984375,2026-01-28,49015.6015625
693040000,48597.21875,48938.26953125,49071.55859375,49292.80859375,2026-01-29,49071.55859375
761990000,48459.87890625,48991.62109375,48892.46875,49047.6796875,2026-01-30,48892.46875
632100000,48673.578125,48777.76953125,49407.66015625,49484.94921875,2026-02-02,49407.66015625
741310000,48832.78125,49358.58984375,49240.98828125,49653.12890625,2026-02-03,49240.98828125
742920000,49112.4296875,49323.58984375,49501.30078125,49649.859375,2026-02-04,49501.30078125
710270000,48829.1015625,49313.0390625,48908.71875,49340.8984375,2026-02-05,48908.71875
775490000,49032.19140625,49032.19140625,50115.671875,50169.6484375,2026-02-06,50115.671875
623640000,49837.44921875,50047.7890625,50135.87109375,50219.3984375,2026-02-09,50135.87109375
532700000,50115.03125,50193.48828125,50188.140625,50512.7890625,2026-02-10,50188.140625
569380000,49901.609375,50243.1484375,50121.3984375,50499.0390625,2026-02-11,50121.3984375
765340000,49420.28125,50170.26953125,49451.98046875,50447.01171875,2026-02-12,49451.98046875
597100000,49084.3515625,49439.578125,49500.9296875,49743.98046875,2026-02-13,49500.9296875
558570000,49169.83984375,49525.37109375,49533.19140625,49732.37109375,2026-02-17,49533.19140625
493390000,49469.05859375,49571.921875,49662.66015625,49897.30859375,2026-02-18,49662.66015625
439980000,49197.53125,49576.21875,49395.16015625,49606.171875,2026-02-19,49395.16015625
574810000,49158.28125,49323.0,49625.96875,49712.55859375,2026-02-20,49625.96875
574610000,48731.4609375,49536.5390625,48804.05859375,49695.609375,2026-02-23,48804.05859375
524270000,48752.73828125,48827.80078125,49174.5,49295.2109375,2026-02-24,49174.5
541620000,49206.87109375,49357.62890625,49482.1484375,49517.359375,2026-02-25,49482.1484375
684630000,49237.37890625,49544.578125,49499.19921875,49815.21875,2026-02-26,49499.19921875
811800000,48678.78125,49253.5703125,48977.921875,49253.5703125,2026-02-27,48977.921875
552340000,48377.9609375,48794.421875,48904.78125,49064.671875,2026-03-02,48904.78125
533540000,47626.8515625,48493.109375,48501.26953125,48695.359375,2026-03-03,48501.26953125
511380000,48354.37109375,48589.76953125,48739.41015625,48854.05078125,2026-03-04,48739.41015625
625110000,47577.109375,48526.73046875,47954.73828125,48526.73046875,2026-03-05,47954.73828125
541850000,47009.01171875,47634.55078125,47501.55078125,47634.55078125,2026-03-06,47501.55078125
560020000,46615.51953125,47371.28125,47740.80078125,47876.05859375,2026-03-09,47740.80078125
490360000,47444.23046875,47771.4296875,47706.51171875,48220.5390625,2026-03-10,47706.51171875
419500000,47185.890625,47690.76171875,47417.26953125,47711.26171875,2026-03-11,47417.26953125
535900000,46662.23046875,47242.51953125,46677.8515625,47242.51953125,2026-03-12,46677.8515625
453250000,46494.62890625,46689.23828125,46558.46875,47123.98828125,2026-03-13,46558.46875
514980000,46707.3984375,46707.3984375,46946.41015625,47176.140625,2026-03-16,46946.41015625
479900000,46975.51953125,47085.53125,46993.26171875,47428.12109375,2026-03-17,46993.26171875
472020000,46193.05859375,46913.9296875,46225.1484375,46913.9296875,2026-03-18,46225.1484375
482890000,45733.69921875,46134.87109375,46021.4296875,46247.21875,2026-03-19,46021.4296875
1044540000,45369.390625,45975.6484375,45577.46875,46068.30859375,2026-03-20,45577.46875
530140000,45803.8203125,45803.8203125,46208.46875,46712.328125,2026-03-23,46208.46875
474450000,45769.69140625,46099.859375,46124.05859375,46400.8203125,2026-03-24,46124.05859375
462990000,46196.91015625,46314.23828125,46429.48828125,46718.421875,2026-03-25,46429.48828125
505010000,45910.75,46344.640625,45960.109375,46547.58984375,2026-03-26,45960.109375
555090000,45063.328125,45904.25,45166.640625,45904.25,2026-03-27,45166.640625
540680000,45057.28125,45283.05859375,45216.140625,45625.76171875,2026-03-30,45216.140625
639410000,45480.30078125,45541.76171875,46341.51171875,46383.3984375,2026-03-31,46341.51171875
604140000,46396.12109375,46396.12109375,46565.73828125,46803.359375,2026-04-01,46565.73828125
446710000,45897.23828125,46469.359375,46504.671875,46754.71875,2026-04-02,46504.671875
339870000,46354.94921875,46472.19921875,46669.87890625,46701.1015625,2026-04-06,46669.87890625
450740000,46214.76953125,46744.76171875,46584.4609375,46744.76171875,2026-04-07,46584.4609375
523710000,46978.171875,46978.171875,47909.921875,48017.08984375,2026-04-08,47909.921875
445240000,47690.26953125,47840.62890625,48185.80078125,48323.94921875,2026-04-09,48185.80078125
477060000,47856.1796875,48199.390625,47916.5703125,48235.05859375,2026-04-10,47916.5703125
455850000,47505.96875,47718.2109375,48218.25,48221.37109375,2026-04-13,48218.25
527910000,48192.30078125,48272.03125,48535.98828125,48592.2890625,2026-04-14,48535.98828125
529870000,48281.62109375,48549.140625,48463.71875,48709.01171875,2026-04-15,48463.71875
456610000,48337.37890625,48557.8203125,48578.71875,48683.44921875,2026-04-16,48578.71875
585650000,48788.80859375,48788.80859375,49447.4296875,49717.98046875,2026-04-17,49447.4296875
411270000,49245.6015625,49422.37109375,49442.55859375,49489.62890625,2026-04-20,49442.55859375
476630000,49046.5390625,49688.37109375,49149.37890625,49848.69140625,2026-04-21,49149.37890625
426410000,49271.5,49271.5,49490.03125,49624.48046875,2026-04-22,49490.03125
455470000,48861.30859375,49284.8515625,49310.3203125,49522.94140625,2026-04-23,49310.3203125
536950000,49085.75,49320.2890625,49230.7109375,49393.33984375,2026-04-24,49230.7109375
514570000,49029.46875,49112.19921875,49167.7890625,49353.69140625,2026-04-27,49167.7890625
508210000,49077.75,49276.80078125,49141.9296875,49381.328125,2026-04-28,49141.9296875
453280000,48708.5703125,49163.78125,48861.80859375,49163.78125,2026-04-29,48861.80859375
733120000,48762.9296875,48762.9296875,49652.140625,49753.26171875,2026-04-30,49652.140625
465300000,49496.46875,49832.5703125,49499.26953125,49988.55859375,2026-05-01,49499.26953125
439460000,48913.05859375,49416.66015625,48941.8984375,49441.4296875,2026-05-04,48941.8984375
395600000,49009.109375,49037.12109375,49298.25,49365.21875,2026-05-05,49298.25
552640000,49442.19140625,49442.19140625,49910.58984375,50011.53125,2026-05-06,49910.58984375
482010000,49487.96875,50002.390625,49596.96875,50130.19921875,2026-05-07,49596.96875
456510000,49486.9609375,49581.08984375,49609.16015625,49830.69921875,2026-05-08,49609.16015625
493230000,49475.78125,49549.0703125,49704.46875,49771.23828125,2026-05-11,49704.46875
498360000,49307.66015625,49739.62109375,49760.55859375,49823.94140625,2026-05-12,49760.55859375
485990000,49451.0,49674.578125,49693.19921875,49747.609375,2026-05-13,49693.19921875
504090000,49843.578125,49843.578125,50063.4609375,50200.5390625,2026-05-14,50063.4609375
587920000,49503.5703125,49930.26171875,49526.171875,49930.26171875,2026-05-15,49526.171875
461520000,49352.55859375,49481.0390625,49686.12109375,49761.16015625,2026-05-18,49686.12109375
494840000,49245.109375,49696.53125,49363.87890625,49696.53125,2026-05-19,49363.87890625
513230000,49235.73828125,49348.828125,50009.3515625,50067.21875,2026-05-20,50009.3515625
560940000,49697.46875,49983.80078125,50285.66015625,50381.41015625,2026-05-21,50285.66015625
463470000,50434.6484375,50434.6484375,50579.69921875,50830.23828125,2026-05-22,50579.69921875
530360000,50356.640625,50686.1484375,50461.6796875,50785.6796875,2026-05-26,50461.6796875
503580000,50487.16015625,50487.16015625,50644.28125,50830.41015625,2026-05-27,50644.28125
505090000,50314.33984375,50660.98046875,50668.96875,50764.0390625,2026-05-28,50668.96875
894700000,50698.26953125,50773.91015625,51032.4609375,51094.1796875,2026-05-29,51032.4609375
625190000,50767.3203125,51161.1015625,51078.87890625,51161.1015625,2026-06-01,51078.87890625
548760000,50829.55078125,50912.83984375,51307.7890625,51369.609375,2026-06-02,51307.7890625
546850000,50687.0703125,51220.921875,50687.0703125,51220.921875,2026-06-03,50687.0703125
520670000,50986.1015625,50986.1015625,51561.9296875,51657.890625,2026-06-04,51561.9296875
638680000,50781.44921875,51610.01953125,50866.78125,51660.3984375,2026-06-05,50866.78125
477180000,50732.3515625,50997.23046875,50786.01171875,51277.1484375,2026-06-08,50786.01171875
566610000,50211.12109375,50814.421875,50872.109375,51260.921875,2026-06-09,50872.109375
503790000,49909.0703125,50760.12109375,49918.78125,50769.26171875,2026-06-10,49918.78125
516860000,49972.0703125,49972.0703125,50848.75,50968.94921875,2026-06-11,50848.75
427710000,50827.83984375,51148.73046875,51202.26171875,51409.69921875,2026-06-12,51202.26171875
509660000,51364.55078125,51364.55078125,51671.03125,51945.890625,2026-06-15,51671.03125
447100000,51712.62890625,51712.62890625,51999.671875,52190.2890625,2026-06-16,51999.671875
496040000,51392.578125,51937.55859375,51492.55078125,52281.19140625,2026-06-17,51492.55078125
985370000,51554.53125,51571.8515625,51564.69921875,51949.26171875,2026-06-18,51564.69921875
529120000,51555.19140625,51555.19140625,51712.7109375,51887.8515625,2026-06-22,51712.7109375
548870000,51301.76953125,51735.640625,51666.83984375,51872.55859375,2026-06-23,51666.83984375
560270000,51617.73046875,51660.75,51848.8984375,52248.69140625,2026-06-24,51848.8984375
639230000,51857.78125,52009.01953125,51920.62109375,52655.66015625,2026-06-25,51920.62109375
1297680000,51614.73828125,51803.76953125,51876.109375,52130.0703125,2026-06-26,51876.109375
580440000,51949.5390625,51995.140625,52182.73828125,52311.62890625,2026-06-29,52182.73828125
622980000,52033.12890625,52168.1796875,52319.19921875,52387.44921875,2026-06-30,52319.19921875
622970000,52026.640625,52231.1796875,52305.23828125,52742.66015625,2026-07-01,52305.23828125
548820000,52395.21875,52395.21875,52900.0703125,52903.8515625,2026-07-02,52900.0703125
467390000,52648.69140625,52828.44921875,53055.91015625,53060.1015625,2026-07-06,53055.91015625
442010000,52774.171875,53104.05859375,52925.1484375,53289.30078125,2026-07-07,52925.1484375
454130000,52069.87109375,52758.46875,52348.390625,52758.46875,2026-07-08,52348.390625
456760000,52249.44140625,52249.44140625,52487.41015625,52574.890625,2026-07-09,52487.41015625
408090000,52266.80859375,52622.921875,52637.01171875,52709.75,2026-07-10,52637.01171875
399240000,52351.12109375,52676.53125,52498.640625,52846.51171875,2026-07-13,52498.640625
464870000,52046.359375,52046.359375,52508.26953125,52695.05859375,2026-07-14,52508.26953125
506020000,52428.5390625,52604.19921875,52658.640625,52823.94921875,2026-07-15,52658.640625
528320000,52367.421875,52924.859375,52552.96875,52924.859375,2026-07-16,52552.96875
549690000,51986.73828125,52426.4609375,52146.421875,52610.96875,2026-07-17,52146.421875
397690000,51781.8984375,52154.5703125,51839.26171875,52411.8984375,2026-07-20,51839.26171875
404610000,51890.1015625,51916.7890625,52224.640625,52370.6484375,2026-07-21,52224.640625
449100000,52148.87109375,52287.140625,52218.578125,52511.2109375,2026-07-22,52218.578125
496570000,51542.05859375,51755.5390625,51711.6484375,51885.140625,2026-07-23,51711.6484375
437530000,51682.359375,51791.37109375,51947.25,52118.19140625,2026-07-24,51947.25
487490000,51985.37890625,52173.421875,52210.078125,52607.78125,2026-07-27,52210.078125
544740000,52443.51953125,52492.87890625,52747.3203125,52901.87109375,2026-07-28,52747.3203125
531850000,51551.1796875,52674.2109375,51594.140625,52674.2109375,2026-07-29,51594.140625
631410000,51655.51953125,52114.26953125,52208.05859375,52266.44921875,2026-07-30,52208.05859375
697510000,51996.3203125,52235.03125,52485.03125,52623.140625,2026-07-31,52485.03125
598420000,52759.05859375,52759.05859375,53178.41015625,53230.078125,2026-08-03,53178.41015625
580350000,53641.2109375,53641.2109375,54085.87890625,54272.6015625,2026-08-04,54085.87890625
519020000,54266.12109375,54266.12109375,54349.12109375,54744.328125,2026-08-05,54349.12109375
416810000,53835.01953125,54426.8515625,53885.1015625,54502.87109375,2026-08-06,53885.1015625
378680000,53807.94140625,53849.26171875,54036.9296875,54094.6484375,2026-08-07,54036.9296875
413890000,53850.19140625,54072.66015625,53975.98046875,54072.66015625,2026-08-10,53975.98046875
379390000,53746.4296875,53961.6015625,53791.8515625,54222.8515625,2026-08-11,53791.8515625
410990000,53731.9609375,53797.46875,53770.26953125,53969.359375,2026-08-12,53770.26953125
417340000,53622.4609375,53828.55078125,53839.98828125,54049.140625,2026-08-13,53839.98828125
319610000,53673.46875,53842.80078125,53732.41015625,53890.83984375,2026-08-14,53732.41015625
436700000,53395.23046875,53663.109375,53459.78125,53663.109375,2026-08-17,53459.78125
427990000,53256.33984375,53354.4296875,53343.3984375,53478.76171875,2026-08-18,53343.3984375
451460000,53399.53125,53463.46875,53463.05078125,53710.05859375,2026-08-19,53463.05078125
434340000,52754.8984375,53381.21875,52759.2109375,53381.21875,2026-08-20,52759.2109375
424060000,52768.87109375,52768.87109375,53277.01171875,53355.921875,2026-08-21,53277.01171875
416030000,53261.94921875,53261.94921875,53417.16015625,53508.1796875,2026-08-24,53417.16015625
392910000,53386.37109375,53594.921875,53577.3984375,53675.3203125,2026-08-25,53577.3984375
426130000,53379.3984375,53547.6796875,53463.87890625,53639.75,2026-08-26,53463.87890625
640810000,53345.62109375,53613.66015625,53569.44140625,53707.62109375,2026-08-27,53569.44140625
507510000,53489.41015625,53611.94140625,53559.98828125,53819.6484375,2026-08-28,53559.98828125
489140000,53123.62109375,53462.6015625,53185.8984375,53462.6015625,2026-08-31,53185.8984375
403940000,52691.30859375,53083.578125,52766.87890625,53176.6015625,2026-09-01,52766.87890625
414520000,52829.578125,52829.578125,53061.94921875,53227.5,2026-09-02,53061.94921875
410260000,53286.1484375,53309.171875,53686.109375,53746.5,2026-09-03,53686.109375
381130000,53289.87890625,53584.890625,53414.25,53635.3515625,2026-09-04,53414.25
417970000,52721.62109375,53110.44921875,52786.0703125,53110.44921875,2026-09-08,52786.0703125
403100000,52314.609375,52707.8984375,52380.66015625,52707.8984375,2026-09-09,52380.66015625
397900000,51962.7109375,52291.8515625,52064.1015625,52291.8515625,2026-09-10,52064.1015625
354460000,52204.4609375,52204.4609375,52573.2890625,52720.23828125,2026-09-11,52573.2890625
442650000,52278.890625,52750.87890625,52421.19921875,52750.87890625,2026-09-14,52421.19921875
374460000,51875.6484375,52303.23828125,52093.109375,52336.609375,2026-09-15,52093.109375
395270000,51186.671875,52115.3984375,51461.8984375,52173.69921875,2026-09-16,51461.8984375
406100000,51607.6484375,51882.53125,51778.0390625,51935.96875,2026-09-17,51778.0390625
846980000,51497.46875,51826.78125,51682.640625,51826.78125,2026-09-18,51682.640625
444350000,51747.6796875,51936.76171875,52048.828125,52128.578125,2026-09-21,52048.828125
444770000,51726.078125,52301.921875,51863.69140625,52319.01171875,2026-09-22,51863.69140625
428070000,51477.53125,51771.41015625,51511.58984375,51846.80859375,2026-09-23,51511.58984375
390410000,51124.01953125,51415.75,51349.98046875,51485.96875,2026-09-24,51349.98046875
387540000,51339.23828125,51359.69921875,51828.62109375,51874.94140625,2026-09-25,51828.62109375
455450000,51409.6484375,51648.48046875,51481.51171875,51780.5,2026-09-28,51481.51171875
386240000,51129.1796875,51416.9609375,51349.921875,51505.19140625,2026-09-29,51349.921875
487860000,50906.05078125,51424.83984375,50906.05078125,51473.9296875,2026-09-30,50906.05078125
476440000,50546.5390625,51008.359375,50926.55859375,51179.78125,2026-10-01,50926.55859375
548950000,50950.609375,51241.1796875,51176.9609375,51382.87890625,2026-10-02,51176.9609375
472440000,50862.8515625,51199.25,51267.8984375,51404.859375,2026-10-05,51267.8984375
404910000,51422.8984375,51444.1015625,51521.28125,51672.25,2026-10-06,51521.28125
361940000,50917.421875,51406.44140625,51179.87109375,51406.44140625,2026-10-07,51179.87109375
449590000,50939.0,51105.0390625,51231.640625,51245.28125,2026-10-08,51231.640625
