open,high,low,volume,close,date,adjclose
102.48999786376953,102.94000244140625,102.45999908447266,0.0,102.93000030517578,2024-10-09,102.93000030517578
102.87999725341797,103.18000030517578,102.72000122070312,0.0,102.98999786376953,2024-10-10,102.98999786376953
102.87999725341797,102.98999786376953,102.7699966430664,0.0,102.88999938964844,2024-10-11,102.88999938964844
102.93000030517578,103.36000061035156,102.93000030517578,0.0,103.30000305175781,2024-10-14,103.30000305175781
103.20999908447266,103.3499984741211,103.02999877929688,0.0,103.26000213623047,2024-10-15,103.26000213623047
103.26000213623047,103.61000061035156,103.16999816894531,0.0,103.58999633789062,2024-10-16,103.58999633789062
103.55999755859375,103.87000274658203,103.44000244140625,0.0,103.83000183105469,2024-10-17,103.83000183105469
103.80999755859375,103.80999755859375,103.45999908447266,0.0,103.48999786376953,2024-10-18,103.48999786376953
103.45999908447266,104.0199966430664,103.41999816894531,0.0,104.01000213623047,2024-10-21,104.01000213623047
103.97000122070312,104.12999725341797,103.81999969482422,0.0,104.08000183105469,2024-10-22,104.08000183105469
104.08999633789062,104.56999969482422,104.08999633789062,0.0,104.43000030517578,2024-10-23,104.43000030517578
104.43000030517578,104.45999908447266,104.01000213623047,0.0,104.05999755859375,2024-10-24,104.05999755859375
104.05000305175781,104.33999633789062,103.94000244140625,0.0,104.26000213623047,2024-10-25,104.26000213623047
104.31999969482422,104.56999969482422,104.12000274658203,0.0,104.31999969482422,2024-10-28,104.31999969482422
104.30999755859375,104.63999938964844,104.20999908447266,0.0,104.27999877929688,2024-10-29,104.27999877929688
104.25,104.44000244140625,103.9800033569336,0.0,103.98999786376953,2024-10-30,103.98999786376953
104.08999633789062,104.22000122070312,103.81999969482422,0.0,103.9800033569336,2024-10-31,103.9800033569336
103.86000061035156,104.3499984741211,103.68000030517578,0.0,104.27999877929688,2024-11-01,104.27999877929688
103.97000122070312,103.97000122070312,103.58000183105469,0.0,103.88999938964844,2024-11-04,103.88999938964844
103.91000366210938,103.95999908447266,103.37000274658203,0.0,103.41999816894531,2024-11-05,103.41999816894531
104.04000091552734,105.44000244140625,104.04000091552734,0.0,105.08999633789062,2024-11-06,105.08999633789062
105.16000366210938,105.25,104.19000244140625,0.0,104.51000213623047,2024-11-07,104.51000213623047
104.44999694824219,105.20999908447266,104.33999633789062,0.0,105.0,2024-11-08,105.0
104.94999694824219,105.70999908447266,104.93000030517578,0.0,105.54000091552734,2024-11-11,105.54000091552734
105.48999786376953,106.18000030517578,105.48999786376953,0.0,106.0199966430664,2024-11-12,106.0199966430664
106.0199966430664,106.54000091552734,105.72000122070312,0.0,106.4800033569336,2024-11-13,106.4800033569336
106.5,107.05999755859375,106.37999725341797,0.0,106.66999816894531,2024-11-14,106.66999816894531
106.9000015258789,106.95999908447266,106.33000183105469,0.0,106.69000244140625,2024-11-15,106.69000244140625
106.66999816894531,106.80999755859375,106.12999725341797,0.0,106.27999877929688,2024-11-18,106.27999877929688
106.26000213623047,106.62999725341797,106.11000061035156,0.0,106.20999908447266,2024-11-19,106.20999908447266
106.12000274658203,106.91999816894531,106.11000061035156,0.0,106.68000030517578,2024-11-20,106.68000030517578
106.58999633789062,107.16000366210938,106.45999908447266,0.0,106.97000122070312,2024-11-21,106.97000122070312
107.05999755859375,108.06999969482422,106.91999816894531,0.0,107.48999786376953,2024-11-22,107.48999786376953
107.25,107.25,106.58000183105469,0.0,106.81999969482422,2024-11-25,106.81999969482422
107.48999786376953,107.5,106.48999786376953,0.0,107.01000213623047,2024-11-26,107.01000213623047
106.81999969482422,106.91999816894531,105.86000061035156,0.0,106.08000183105469,2024-11-27,106.08000183105469
105.94999694824219,106.12999725341797,105.62000274658203,0.0,105.73999786376953,2024-11-29,105.73999786376953
105.81999969482422,106.7300033569336,105.81999969482422,0.0,106.44999694824219,2024-12-02,106.44999694824219
106.4800033569336,106.5999984741211,106.08999633789062,0.0,106.37000274658203,2024-12-03,106.37000274658203
106.43000030517578,106.72000122070312,106.08999633789062,0.0,106.33999633789062,2024-12-04,106.33999633789062
106.33999633789062,106.37000274658203,105.69999694824219,0.0,105.70999908447266,2024-12-05,105.70999908447266
105.79000091552734,106.16000366210938,105.41999816894531,0.0,105.97000122070312,2024-12-06,105.97000122070312
105.97000122070312,106.20999908447266,105.80000305175781,0.0,106.1500015258789,2024-12-09,106.1500015258789
106.18000030517578,106.63999938964844,106.04000091552734,0.0,106.4000015258789,2024-12-10,106.4000015258789
106.37000274658203,106.80999755859375,106.2699966430664,0.0,106.70999908447266,2024-12-11,106.70999908447266
106.56999969482422,107.04000091552734,106.3499984741211,0.0,106.95999908447266,2024-12-12,106.95999908447266
106.97000122070312,107.19000244140625,106.72000122070312,0.0,107.0,2024-12-13,107.0
106.94999694824219,107.16999816894531,106.75,0.0,106.86000061035156,2024-12-16,106.86000061035156
106.81999969482422,107.08000183105469,106.69999694824219,0.0,106.95999908447266,2024-12-17,106.95999908447266
106.93000030517578,108.2699966430664,106.81999969482422,0.0,108.02999877929688,2024-12-18,108.02999877929688
108.0999984741211,108.48999786376953,107.81999969482422,0.0,108.41000366210938,2024-12-19,108.41000366210938
108.4800033569336,108.54000091552734,107.58999633789062,0.0,107.62000274658203,2024-12-20,107.62000274658203
107.81999969482422,108.27999877929688,107.68000030517578,0.0,108.04000091552734,2024-12-23,108.04000091552734
108.16000366210938,108.30000305175781,107.91999816894531,0.0,108.26000213623047,2024-12-24,108.26000213623047
108.16999816894531,108.30000305175781,108.02999877929688,0.0,108.12999725341797,2024-12-26,108.12999725341797
108.08000183105469,108.19999694824219,107.87000274658203,0.0,108.0,2024-12-27,108.0
108.01000213623047,108.37999725341797,107.73999786376953,0.0,108.12999725341797,2024-12-30,108.12999725341797
108.08999633789062,108.58000183105469,107.87000274658203,0.0,108.48999786376953,2024-12-31,108.48999786376953
108.52999877929688,109.52999877929688,108.2699966430664,0.0,109.38999938964844,2025-01-02,109.38999938964844
109.19999694824219,109.22000122070312,108.9000015258789,0.0,108.94999694824219,2025-01-03,108.94999694824219
108.91999816894531,109.06999969482422,107.75,0.0,108.26000213623047,2025-01-06,108.26000213623047
108.33999633789062,108.69999694824219,107.8499984741211,0.0,108.54000091552734,2025-01-07,108.54000091552734
108.62000274658203,109.37999725341797,108.55000305175781,0.0,109.08999633789062,2025-01-08,109.08999633789062
109.08999633789062,109.37999725341797,108.94000244140625,0.0,109.18000030517578,2025-01-09,109.18000030517578
109.2300033569336,109.97000122070312,109.08000183105469,0.0,109.6500015258789,2025-01-10,109.6500015258789
109.63999938964844,110.18000030517578,109.41000366210938,0.0,109.95999908447266,2025-01-13,109.95999908447266
109.56999969482422,109.76000213623047,109.18000030517578,0.0,109.2699966430664,2025-01-14,109.2699966430664
109.2300033569336,109.37999725341797,108.5999984741211,0.0,109.08999633789062,2025-01-15,109.08999633789062
109.06999969482422,109.37999725341797,108.83000183105469,0.0,108.95999908447266,2025-01-16,108.95999908447266
108.93000030517578,109.41999816894531,108.83000183105469,0.0,109.3499984741211,2025-01-17,109.3499984741211
107.9800033569336,108.79000091552734,107.91999816894531,0.0,108.05999755859375,2025-01-21,108.05999755859375
107.98999786376953,108.2699966430664,107.75,0.0,108.16999816894531,2025-01-22,108.16999816894531
108.25,108.51000213623047,107.91999816894531,0.0,108.05000305175781,2025-01-23,108.05000305175781
108.08999633789062,108.19000244140625,107.22000122070312,0.0,107.44000244140625,2025-01-24,107.44000244140625
107.47000122070312,107.80999755859375,106.97000122070312,0.0,107.33999633789062,2025-01-27,107.33999633789062
107.70999908447266,108.05000305175781,107.69000244140625,0.0,107.87000274658203,2025-01-28,107.87000274658203
107.88999938964844,108.30000305175781,107.75,0.0,108.0,2025-01-29,108.0
107.86000061035156,108.23999786376953,107.5,0.0,107.80000305175781,2025-01-30,107.80000305175781
108.16000366210938,108.56999969482422,107.79000091552734,0.0,108.37000274658203,2025-01-31,108.37000274658203
108.5,109.87999725341797,108.33999633789062,0.0,108.98999786376953,2025-02-03,108.98999786376953
108.68000030517578,109.04000091552734,107.91999816894531,0.0,107.95999908447266,2025-02-04,107.95999908447266
108.01000213623047,108.01000213623047,107.30000305175781,0.0,107.58000183105469,2025-02-05,107.58000183105469
107.62000274658203,108.0999984741211,107.54000091552734,0.0,107.69000244140625,2025-02-06,107.69000244140625
107.69999694824219,108.31999969482422,107.5199966430664,0.0,108.04000091552734,2025-02-07,108.04000091552734
108.0999984741211,108.44000244140625,108.08999633789062,0.0,108.31999969482422,2025-02-10,108.31999969482422
108.33999633789062,108.45999908447266,107.77999877929688,0.0,107.95999908447266,2025-02-11,107.95999908447266
108.01000213623047,108.5199966430664,107.62999725341797,0.0,107.94000244140625,2025-02-12,107.94000244140625
107.91999816894531,108.0,107.02999877929688,0.0,107.30999755859375,2025-02-13,107.30999755859375
107.12000274658203,107.18000030517578,106.56999969482422,0.0,106.56999969482422,2025-02-14,106.56999969482422
106.81999969482422,107.12000274658203,106.80999755859375,0.0,107.05000305175781,2025-02-18,107.05000305175781
107.02999877929688,107.37999725341797,106.87999725341797,0.0,107.16999816894531,2025-02-19,107.16999816894531
107.12000274658203,107.1500015258789,106.33999633789062,0.0,106.33999633789062,2025-02-20,106.33999633789062
106.45999908447266,106.75,106.37999725341797,0.0,106.61000061035156,2025-02-21,106.61000061035156
106.63999938964844,106.75,106.12999725341797,0.0,106.5999984741211,2025-02-24,106.5999984741211
106.7699966430664,106.79000091552734,106.19000244140625,0.0,106.30999755859375,2025-02-25,106.30999755859375
106.16999816894531,106.6500015258789,106.16000366210938,0.0,106.41999816894531,2025-02-26,106.41999816894531
106.52999877929688,107.30999755859375,106.5199966430664,0.0,107.23999786376953,2025-02-27,107.23999786376953
107.25,107.66000366210938,107.18000030517578,0.0,107.61000061035156,2025-02-28,107.61000061035156
107.55999755859375,107.55999755859375,106.47000122070312,0.0,106.75,2025-03-03,106.75
106.55999755859375,106.6500015258789,105.52999877929688,0.0,105.73999786376953,2025-03-04,105.73999786376953
105.62000274658203,105.7699966430664,104.26000213623047,0.0,105.73999786376953,2025-03-05,105.73999786376953
104.31999969482422,104.38999938964844,103.76000213623047,0.0,104.05999755859375,2025-03-06,104.05999755859375
104.11000061035156,104.23999786376953,103.45999908447266,0.0,103.83999633789062,2025-03-07,103.83999633789062
103.91000366210938,104.05999755859375,103.55999755859375,0.0,103.91000366210938,2025-03-10,103.91000366210938
103.83999633789062,103.91999816894531,103.22000122070312,0.0,103.44000244140625,2025-03-11,103.44000244140625
103.41999816894531,103.77999877929688,103.3499984741211,0.0,103.61000061035156,2025-03-12,103.61000061035156
103.61000061035156,104.08000183105469,103.51000213623047,0.0,103.83000183105469,2025-03-13,103.83000183105469
103.83999633789062,104.08999633789062,103.56999969482422,0.0,103.72000122070312,2025-03-14,103.72000122070312
103.73999786376953,103.80999755859375,103.30000305175781,0.0,103.37000274658203,2025-03-17,103.37000274658203
103.44000244140625,103.68000030517578,103.19999694824219,0.0,103.23999786376953,2025-03-18,103.23999786376953
103.2699966430664,103.91000366210938,103.25,0.0,103.43000030517578,2025-03-19,103.43000030517578
103.43000030517578,104.12999725341797,103.31999969482422,0.0,103.8499984741211,2025-03-20,103.8499984741211
103.77999877929688,104.22000122070312,103.76000213623047,0.0,104.08999633789062,2025-03-21,104.08999633789062
104.1500015258789,104.44000244140625,103.83999633789062,0.0,104.26000213623047,2025-03-24,104.26000213623047
104.33000183105469,104.47000122070312,103.94000244140625,0.0,104.18000030517578,2025-03-25,104.18000030517578
104.25,104.68000030517578,104.18000030517578,0.0,104.55000305175781,2025-03-26,104.55000305175781
104.6500015258789,104.6500015258789,104.06999969482422,0.0,104.06999969482422,2025-03-27,104.06999969482422
104.27999877929688,104.5,103.9000015258789,0.0,104.04000091552734,2025-03-28,104.04000091552734
104.01000213623047,104.38999938964844,103.75,0.0,104.20999908447266,2025-03-31,104.20999908447266
104.18000030517578,104.37000274658203,104.0199966430664,0.0,104.26000213623047,2025-04-01,104.26000213623047
104.19999694824219,104.30999755859375,103.37000274658203,0.0,103.80999755859375,2025-04-02,103.80999755859375
103.1500015258789,103.37999725341797,101.2699966430664,0.0,102.06999969482422,2025-04-03,102.06999969482422
101.98999786376953,103.18000030517578,101.54000091552734,0.0,103.0199966430664,2025-04-04,103.0199966430664
103.06999969482422,103.54000091552734,102.18000030517578,0.0,103.26000213623047,2025-04-07,103.26000213623047
103.43000030517578,103.44000244140625,102.75,0.0,102.95999908447266,2025-04-08,102.95999908447266
102.75,103.33000183105469,101.83999633789062,0.0,102.9000015258789,2025-04-09,102.9000015258789
102.98999786376953,103.02999877929688,100.69999694824219,0.0,100.87000274658203,2025-04-10,100.87000274658203
100.77999877929688,100.77999877929688,99.01000213623047,0.0,99.77999877929688,2025-04-11,99.77999877929688
100.0199966430664,100.16000366210938,99.20999908447266,0.0,99.63999938964844,2025-04-14,99.63999938964844
99.80999755859375,100.27999877929688,99.4800033569336,0.0,100.22000122070312,2025-04-15,100.22000122070312
100.05999755859375,100.0999984741211,99.16999816894531,0.0,99.37999725341797,2025-04-16,99.37999725341797
99.2300033569336,99.75,99.22000122070312,0.0,99.37999725341797,2025-04-17,99.37999725341797
99.08000183105469,99.20999908447266,97.91999816894531,0.0,98.27999877929688,2025-04-21,98.27999877929688
98.30000305175781,99.3499984741211,98.01000213623047,0.0,98.91999816894531,2025-04-22,98.91999816894531
99.4800033569336,99.94000244140625,98.86000061035156,0.0,99.83999633789062,2025-04-23,99.83999633789062
99.75,99.83999633789062,99.22000122070312,0.0,99.29000091552734,2025-04-24,99.29000091552734
99.41000366210938,99.88999938964844,99.4000015258789,0.0,99.47000122070312,2025-04-25,99.47000122070312
99.61000061035156,99.83999633789062,98.9000015258789,0.0,99.01000213623047,2025-04-28,99.01000213623047
99.04000091552734,99.37000274658203,98.94999694824219,0.0,99.23999786376953,2025-04-29,99.23999786376953
99.16999816894531,99.70999908447266,99.13999938964844,0.0,99.47000122070312,2025-04-30,99.47000122070312
99.6500015258789,100.37999725341797,99.61000061035156,0.0,100.25,2025-05-01,100.25
100.18000030517578,100.33000183105469,99.4000015258789,0.0,100.0,2025-05-02,100.0
100.0,100.05000305175781,99.45999908447266,0.0,99.83000183105469,2025-05-05,99.83000183105469
99.83000183105469,100.0999984741211,99.16999816894531,0.0,99.23999786376953,2025-05-06,99.23999786376953
99.5,99.97000122070312,99.29000091552734,0.0,99.61000061035156,2025-05-07,99.61000061035156
99.8499984741211,100.76000213623047,99.61000061035156,0.0,100.63999938964844,2025-05-08,100.63999938964844
100.63999938964844,100.86000061035156,100.08999633789062,0.0,100.33999633789062,2025-05-09,100.33999633789062
100.69000244140625,101.9800033569336,100.51000213623047,0.0,101.79000091552734,2025-05-12,101.79000091552734
101.7300033569336,101.76000213623047,100.91000366210938,0.0,101.0,2025-05-13,101.0
100.94999694824219,101.13999938964844,100.2699966430664,0.0,101.04000091552734,2025-05-14,101.04000091552734
100.97000122070312,101.05999755859375,100.58999633789062,0.0,100.87999725341797,2025-05-15,100.87999725341797
100.7699966430664,101.26000213623047,100.5199966430664,0.0,101.08999633789062,2025-05-16,101.08999633789062
100.91000366210938,100.91000366210938,100.05999755859375,0.0,100.43000030517578,2025-05-19,100.43000030517578
100.43000030517578,100.58000183105469,100.01000213623047,0.0,100.12000274658203,2025-05-20,100.12000274658203
99.98999786376953,99.98999786376953,99.33999633789062,0.0,99.55999755859375,2025-05-21,99.55999755859375
99.63999938964844,100.12000274658203,99.44000244140625,0.0,99.95999908447266,2025-05-22,99.95999908447266
99.87999725341797,99.94000244140625,99.05000305175781,0.0,99.11000061035156,2025-05-23,99.11000061035156
99.08999633789062,99.16000366210938,98.69000244140625,0.0,98.93000030517578,2025-05-26,98.93000030517578
98.95999908447266,99.62000274658203,98.77999877929688,0.0,99.5199966430664,2025-05-27,99.5199966430664
99.52999877929688,99.95999908447266,99.44000244140625,0.0,99.87999725341797,2025-05-28,99.87999725341797
100.54000091552734,100.54000091552734,99.22000122070312,0.0,99.27999877929688,2025-05-29,99.27999877929688
99.25,99.66999816894531,99.12999725341797,0.0,99.33000183105469,2025-05-30,99.33000183105469
99.41000366210938,99.41999816894531,98.61000061035156,0.0,98.69999694824219,2025-06-02,98.69999694824219
98.58999633789062,99.33000183105469,98.58000183105469,0.0,99.25,2025-06-03,99.25
99.18000030517578,99.38999938964844,98.66999816894531,0.0,98.79000091552734,2025-06-04,98.79000091552734
98.80000305175781,98.94000244140625,98.3499984741211,0.0,98.73999786376953,2025-06-05,98.73999786376953
98.69999694824219,99.36000061035156,98.66000366210938,0.0,99.19000244140625,2025-06-06,99.19000244140625
99.19999694824219,99.2300033569336,98.81999969482422,0.0,98.94000244140625,2025-06-09,98.94000244140625
98.9800033569336,99.38999938964844,98.86000061035156,0.0,99.05000305175781,2025-06-10,99.05000305175781
98.95999908447266,99.22000122070312,98.52999877929688,0.0,98.62999725341797,2025-06-11,98.62999725341797
98.45999908447266,98.5199966430664,97.5999984741211,0.0,97.91999816894531,2025-06-12,97.91999816894531
97.80999755859375,98.58999633789062,97.62000274658203,0.0,98.18000030517578,2025-06-13,98.18000030517578
98.26000213623047,98.37000274658203,97.69000244140625,0.0,98.0,2025-06-16,98.0
98.19000244140625,98.87000274658203,98.0199966430664,0.0,98.81999969482422,2025-06-17,98.81999969482422
98.87000274658203,99.01000213623047,98.4800033569336,0.0,98.91000366210938,2025-06-18,98.91000366210938
98.66999816894531,98.88999938964844,98.54000091552734,0.0,98.70999908447266,2025-06-20,98.70999908447266
99.08999633789062,99.41999816894531,98.3499984741211,0.0,98.41999816894531,2025-06-23,98.41999816894531
98.16000366210938,98.27999877929688,97.70999908447266,0.0,97.86000061035156,2025-06-24,97.86000061035156
97.94000244140625,98.19999694824219,97.6500015258789,0.0,97.68000030517578,2025-06-25,97.68000030517578
97.55000305175781,97.61000061035156,97.0,0.0,97.1500015258789,2025-06-26,97.1500015258789
97.33000183105469,97.5,97.0,0.0,97.4000015258789,2025-06-27,97.4000015258789
97.19000244140625,97.31999969482422,96.7699966430664,0.0,96.87999725341797,2025-06-30,96.87999725341797
96.77999877929688,96.94999694824219,96.37999725341797,0.0,96.81999969482422,2025-07-01,96.81999969482422
96.63999938964844,97.1500015258789,96.62000274658203,0.0,96.77999877929688,2025-07-02,96.77999877929688
96.75,97.41999816894531,96.69000244140625,0.0,97.18000030517578,2025-07-03,97.18000030517578
96.95999908447266,97.66999816894531,96.88999938964844,0.0,97.4800033569336,2025-07-07,97.4800033569336
97.36000061035156,97.83999633789062,97.18000030517578,0.0,97.51000213623047,2025-07-08,97.51000213623047
97.55000305175781,97.75,97.45999908447266,0.0,97.47000122070312,2025-07-09,97.47000122070312
97.44000244140625,97.91999816894531,97.2699966430664,0.0,97.6500015258789,2025-07-10,97.6500015258789
97.56999969482422,97.95999908447266,97.55999755859375,0.0,97.8499984741211,2025-07-11,97.8499984741211
97.95999908447266,98.13999938964844,97.7699966430664,0.0,98.08000183105469,2025-07-14,98.08000183105469
98.13999938964844,98.69999694824219,97.93000030517578,0.0,98.62000274658203,2025-07-15,98.62000274658203
98.58000183105469,98.91000366210938,97.70999908447266,0.0,98.38999938964844,2025-07-16,98.38999938964844
98.3499984741211,98.94999694824219,98.33999633789062,0.0,98.7300033569336,2025-07-17,98.7300033569336
98.48999786376953,98.58000183105469,98.0999984741211,0.0,98.4800033569336,2025-07-18,98.4800033569336
98.36000061035156,98.51000213623047,97.69999694824219,0.0,97.8499984741211,2025-07-21,97.8499984741211
97.87000274658203,97.98999786376953,97.30999755859375,0.0,97.38999938964844,2025-07-22,97.38999938964844
97.47000122070312,97.61000061035156,97.19000244140625,0.0,97.20999908447266,2025-07-23,97.20999908447266
97.18000030517578,97.55000305175781,97.11000061035156,0.0,97.37999725341797,2025-07-24,97.37999725341797
97.44999694824219,97.91000366210938,97.43000030517578,0.0,97.6500015258789,2025-07-25,97.6500015258789
97.58000183105469,98.69000244140625,97.48999786376953,0.0,98.66000366210938,2025-07-28,98.66000366210938
98.63999938964844,99.13999938964844,98.58000183105469,0.0,98.91000366210938,2025-07-29,98.91000366210938
98.91999816894531,99.9800033569336,98.69999694824219,0.0,99.94000244140625,2025-07-30,99.94000244140625
99.80000305175781,100.0999984741211,99.5199966430664,0.0,100.02999877929688,2025-07-31,100.02999877929688
100.01000213623047,100.26000213623047,98.61000061035156,0.0,98.69000244140625,2025-08-01,98.69000244140625
98.6500015258789,98.9800033569336,98.58999633789062,0.0,98.77999877929688,2025-08-04,98.77999877929688
98.62000274658203,99.06999969482422,98.58999633789062,0.0,98.77999877929688,2025-08-05,98.77999877929688
98.75,98.83999633789062,98.12999725341797,0.0,98.18000030517578,2025-08-06,98.18000030517578
98.19000244140625,98.47000122070312,97.94999694824219,0.0,98.4000015258789,2025-08-07,98.4000015258789
97.9800033569336,98.3499984741211,97.95999908447266,0.0,98.18000030517578,2025-08-08,98.18000030517578
98.23999786376953,99.31999969482422,98.02999877929688,0.0,98.5199966430664,2025-08-11,98.5199966430664
98.51000213623047,98.62000274658203,97.9000015258789,0.0,98.0999984741211,2025-08-12,98.0999984741211
98.04000091552734,98.12999725341797,97.62999725341797,0.0,97.83999633789062,2025-08-13,97.83999633789062
97.75,98.31999969482422,97.62999725341797,0.0,98.25,2025-08-14,98.25
98.18000030517578,98.20999908447266,97.7300033569336,0.0,97.8499984741211,2025-08-15,97.8499984741211
97.79000091552734,98.19000244140625,97.77999877929688,0.0,98.16999816894531,2025-08-18,98.16999816894531
98.1500015258789,98.31999969482422,97.94000244140625,0.0,98.2699966430664,2025-08-19,98.2699966430664
98.29000091552734,98.44000244140625,98.08000183105469,0.0,98.22000122070312,2025-08-20,98.22000122070312
98.25,98.68000030517578,98.18000030517578,0.0,98.62000274658203,2025-08-21,98.62000274658203
98.5999984741211,98.83000183105469,97.55999755859375,0.0,97.72000122070312,2025-08-22,97.72000122070312
97.7300033569336,98.54000091552734,97.70999908447266,0.0,98.43000030517578,2025-08-25,98.43000030517578
98.47000122070312,98.55999755859375,98.08999633789062,0.0,98.2300033569336,2025-08-26,98.2300033569336
98.25,98.7300033569336,98.16000366210938,0.0,98.2300033569336,2025-08-27,98.2300033569336
98.12000274658203,98.2300033569336,97.73999786376953,0.0,97.80999755859375,2025-08-28,97.80999755859375
97.87000274658203,98.12999725341797,97.69000244140625,0.0,97.7699966430664,2025-08-29,97.7699966430664
97.6500015258789,98.5999984741211,97.62000274658203,0.0,98.4000015258789,2025-09-02,98.4000015258789
98.4000015258789,98.63999938964844,98.01000213623047,0.0,98.13999938964844,2025-09-03,98.13999938964844
98.1500015258789,98.44000244140625,98.08000183105469,0.0,98.3499984741211,2025-09-04,98.3499984741211
98.23999786376953,98.26000213623047,97.43000030517578,0.0,97.7699966430664,2025-09-05,97.7699966430664
97.79000091552734,97.94000244140625,97.41999816894531,0.0,97.44999694824219,2025-09-08,97.44999694824219
97.37999725341797,97.81999969482422,97.25,0.0,97.79000091552734,2025-09-09,97.79000091552734
97.83000183105469,97.93000030517578,97.5999984741211,0.0,97.77999877929688,2025-09-10,97.77999877929688
97.79000091552734,98.08999633789062,97.47000122070312,0.0,97.54000091552734,2025-09-11,97.54000091552734
97.5199966430664,97.86000061035156,97.48999786376953,0.0,97.55000305175781,2025-09-12,97.55000305175781
97.62999725341797,97.69999694824219,97.2699966430664,0.0,97.30000305175781,2025-09-15,97.30000305175781
97.33999633789062,97.38999938964844,96.55999755859375,0.0,96.62999725341797,2025-09-16,96.62999725341797
96.62000274658203,97.06999969482422,96.22000122070312,0.0,96.87000274658203,2025-09-17,96.87000274658203
96.93000030517578,97.5999984741211,96.83999633789062,0.0,97.3499984741211,2025-09-18,97.3499984741211
97.33999633789062,97.80999755859375,97.2699966430664,0.0,97.63999938964844,2025-09-19,97.63999938964844
97.6500015258789,97.81999969482422,97.30999755859375,0.0,97.33000183105469,2025-09-22,97.33000183105469
97.31999969482422,97.45999908447266,97.19999694824219,0.0,97.26000213623047,2025-09-23,97.26000213623047
97.23999786376953,97.91999816894531,97.22000122070312,0.0,97.87000274658203,2025-09-24,97.87000274658203
97.81999969482422,98.61000061035156,97.73999786376953,0.0,98.55000305175781,2025-09-25,98.55000305175781
98.5,98.52999877929688,98.12999725341797,0.0,98.1500015258789,2025-09-26,98.1500015258789
98.16999816894531,98.18000030517578,97.7699966430664,0.0,97.91000366210938,2025-09-29,97.91000366210938
97.91000366210938,98.05000305175781,97.62999725341797,0.0,97.7699966430664,2025-09-30,97.7699966430664
97.81999969482422,97.87999725341797,97.45999908447266,0.0,97.70999908447266,2025-10-01,97.70999908447266
97.69999694824219,98.12999725341797,97.5199966430664,0.0,97.8499984741211,2025-10-02,97.8499984741211
97.8499984741211,97.94999694824219,97.5999984741211,0.0,97.72000122070312,2025-10-03,97.72000122070312
97.95999908447266,98.5,97.95999908447266,0.0,98.11000061035156,2025-10-06,98.11000061035156
98.08999633789062,98.66000366210938,98.08999633789062,0.0,98.58000183105469,2025-10-07,98.58000183105469
98.61000061035156,99.05999755859375,98.58999633789062,0.0,98.8499984741211,2025-10-08,98.8499984741211
98.83999633789062,99.55999755859375,98.69999694824219,0.0,99.54000091552734,2025-10-09,99.54000091552734
99.38999938964844,99.43000030517578,98.80999755859375,0.0,98.9800033569336,2025-10-10,98.9800033569336
98.94000244140625,99.3499984741211,98.83000183105469,0.0,99.2699966430664,2025-10-13,99.2699966430664
99.30000305175781,99.4800033569336,98.98999786376953,0.0,99.05000305175781,2025-10-14,99.05000305175781
99.05000305175781,99.08000183105469,98.66000366210938,0.0,98.79000091552734,2025-10-15,98.79000091552734
98.66999816894531,98.69999694824219,98.30000305175781,0.0,98.38999938964844,2025-10-16,98.38999938964844
98.26000213623047,98.55000305175781,98.02999877929688,0.0,98.43000030517578,2025-10-17,98.43000030517578
98.66999816894531,98.66999816894531,98.38999938964844,0.0,98.58999633789062,2025-10-20,98.58999633789062
98.61000061035156,98.9800033569336,98.51000213623047,0.0,98.93000030517578,2025-10-21,98.93000030517578
98.97000122070312,99.13999938964844,98.79000091552734,0.0,98.9000015258789,2025-10-22,98.9000015258789
98.91999816894531,99.13999938964844,98.91000366210938,0.0,98.94000244140625,2025-10-23,98.94000244140625
98.94000244140625,99.0999984741211,98.7300033569336,0.0,98.94999694824219,2025-10-24,98.94999694824219
98.83999633789062,99.0,98.7300033569336,0.0,98.77999877929688,2025-10-27,98.77999877929688
98.75,98.94999694824219,98.56999969482422,0.0,98.69000244140625,2025-10-28,98.69000244140625
98.73999786376953,99.36000061035156,98.62000274658203,0.0,99.22000122070312,2025-10-29,99.22000122070312
99.13999938964844,99.72000122070312,98.91999816894531,0.0,99.52999877929688,2025-10-30,99.52999877929688
99.48999786376953,99.83999633789062,99.41999816894531,0.0,99.80000305175781,2025-10-31,99.80000305175781
99.75,99.98999786376953,99.70999908447266,0.0,99.87000274658203,2025-11-03,99.87000274658203
99.9800033569336,100.26000213623047,99.73999786376953,0.0,100.22000122070312,2025-11-04,100.22000122070312
100.18000030517578,100.36000061035156,100.05999755859375,0.0,100.19999694824219,2025-11-05,100.19999694824219
100.11000061035156,100.11000061035156,99.66999816894531,0.0,99.7300033569336,2025-11-06,99.7300033569336
99.76000213623047,99.87000274658203,99.4000015258789,0.0,99.5999984741211,2025-11-07,99.5999984741211
99.62999725341797,99.73999786376953,99.45999908447266,0.0,99.62000274658203,2025-11-10,99.62000274658203
99.66000366210938,99.73999786376953,99.29000091552734,0.0,99.45999908447266,2025-11-11,99.45999908447266
99.45999908447266,99.70999908447266,99.41999816894531,0.0,99.4800033569336,2025-11-12,99.4800033569336
99.5199966430664,99.58999633789062,98.98999786376953,0.0,99.18000030517578,2025-11-13,99.18000030517578
99.26000213623047,99.4000015258789,98.98999786376953,0.0,99.2699966430664,2025-11-14,99.2699966430664
99.2699966430664,99.5999984741211,99.25,0.0,99.58999633789062,2025-11-17,99.58999633789062
99.55999755859375,99.66000366210938,99.4000015258789,0.0,99.55000305175781,2025-11-18,99.55000305175781
99.58000183105469,100.23999786376953,99.48999786376953,0.0,100.2300033569336,2025-11-19,100.2300033569336
100.16999816894531,100.36000061035156,100.02999877929688,0.0,100.16000366210938,2025-11-20,100.16000366210938
100.16000366210938,100.4000015258789,99.98999786376953,0.0,100.18000030517578,2025-11-21,100.18000030517578
100.19999694824219,100.30000305175781,100.01000213623047,0.0,100.13999938964844,2025-11-24,100.13999938964844
100.20999908447266,100.26000213623047,99.6500015258789,0.0,99.66000366210938,2025-11-25,99.66000366210938
99.83999633789062,99.95999908447266,99.55999755859375,0.0,99.5999984741211,2025-11-26,99.5999984741211
99.56999969482422,99.81999969482422,99.37999725341797,0.0,99.45999908447266,2025-11-28,99.45999908447266
99.4800033569336,99.51000213623047,99.01000213623047,0.0,99.41000366210938,2025-12-01,99.41000366210938
99.44999694824219,99.56999969482422,99.31999969482422,0.0,99.36000061035156,2025-12-02,99.36000061035156
99.27999877929688,99.29000091552734,98.81999969482422,0.0,98.8499984741211,2025-12-03,98.8499984741211
98.91999816894531,99.08000183105469,98.7699966430664,0.0,98.98999786376953,2025-12-04,98.98999786376953
99.04000091552734,99.12999725341797,98.80999755859375,0.0,98.98999786376953,2025-12-05,98.98999786376953
98.97000122070312,99.2300033569336,98.79000091552734,0.0,99.08999633789062,2025-12-08,99.08999633789062
99.05000305175781,99.30999755859375,98.94999694824219,0.0,99.22000122070312,2025-12-09,99.22000122070312
99.22000122070312,99.26000213623047,98.58999633789062,0.0,98.79000091552734,2025-12-10,98.79000091552734
98.55999755859375,98.76000213623047,98.12999725341797,0.0,98.3499984741211,2025-12-11,98.3499984741211
98.31999969482422,98.52999877929688,98.30000305175781,0.0,98.4000015258789,2025-12-12,98.4000015258789
98.4000015258789,98.4800033569336,98.13999938964844,0.0,98.1500015258789,2025-12-15,98.1500015258789
98.2699966430664,98.31999969482422,97.87000274658203,0.0,98.1500015258789,2025-12-16,98.1500015258789
98.20999908447266,98.63999938964844,98.18000030517578,0.0,98.37000274658203,2025-12-17,98.37000274658203
98.37999725341797,98.55999755859375,98.16999816894531,0.0,98.43000030517578,2025-12-18,98.43000030517578
98.45999908447266,98.75,98.41999816894531,0.0,98.5999984741211,2025-12-19,98.5999984741211
98.66999816894531,98.7300033569336,98.19999694824219,0.0,98.29000091552734,2025-12-22,98.29000091552734
98.19999694824219,98.19999694824219,97.8499984741211,0.0,97.94000244140625,2025-12-23,97.94000244140625
97.88999938964844,98.01000213623047,97.75,0.0,97.9800033569336,2025-12-24,97.9800033569336
97.91999816894531,98.12999725341797,97.86000061035156,0.0,98.0199966430664,2025-12-26,98.0199966430664
98.05000305175781,98.18000030517578,97.91999816894531,0.0,98.04000091552734,2025-12-29,98.04000091552734
98.01000213623047,98.2699966430664,97.94000244140625,0.0,98.23999786376953,2025-12-30,98.23999786376953
98.25,98.5,98.18000030517578,0.0,98.27999877929688,2025-12-31,98.27999877929688
98.23999786376953,98.48999786376953,98.1500015258789,0.0,98.41999816894531,2026-01-02,98.41999816894531
98.4800033569336,98.86000061035156,98.25,0.0,98.2699966430664,2026-01-05,98.2699966430664
98.41000366210938,98.62999725341797,98.16000366210938,0.0,98.58000183105469,2026-01-06,98.58000183105469
98.58000183105469,98.75,98.5,0.0,98.68000030517578,2026-01-07,98.68000030517578
98.73999786376953,98.9800033569336,98.68000030517578,0.0,98.93000030517578,2026-01-08,98.93000030517578
98.91000366210938,99.26000213623047,98.9000015258789,0.0,99.12999725341797,2026-01-09,99.12999725341797
99.16999816894531,99.25,98.66999816894531,0.0,98.86000061035156,2026-01-12,98.86000061035156
98.9000015258789,99.2300033569336,98.8499984741211,0.0,99.12999725341797,2026-01-13,99.12999725341797
99.19000244140625,99.25,98.93000030517578,0.0,99.12999725341797,2026-01-14,99.12999725341797
99.12999725341797,99.48999786376953,99.08999633789062,0.0,99.31999969482422,2026-01-15,99.31999969482422
99.37000274658203,99.4800033569336,99.16000366210938,0.0,99.38999938964844,2026-01-16,99.38999938964844
99.13999938964844,99.13999938964844,98.25,0.0,98.63999938964844,2026-01-20,98.63999938964844
98.61000061035156,98.87000274658203,98.37999725341797,0.0,98.76000213623047,2026-01-21,98.76000213623047
98.79000091552734,98.83000183105469,98.27999877929688,0.0,98.36000061035156,2026-01-22,98.36000061035156
98.33000183105469,98.4800033569336,97.43000030517578,0.0,97.5999984741211,2026-01-23,97.5999984741211
97.02999877929688,97.33000183105469,96.80999755859375,0.0,97.04000091552734,2026-01-26,97.04000091552734
97.05000305175781,97.29000091552734,95.55000305175781,0.0,96.22000122070312,2026-01-27,96.22000122070312
95.97000122070312,96.79000091552734,95.86000061035156,0.0,96.44999694824219,2026-01-28,96.44999694824219
96.16000366210938,96.66000366210938,96.0199966430664,0.0,96.27999877929688,2026-01-29,96.27999877929688
96.31999969482422,97.1500015258789,96.31999969482422,0.0,96.98999786376953,2026-01-30,96.98999786376953
97.19000244140625,97.7300033569336,97.01000213623047,0.0,97.61000061035156,2026-02-02,97.61000061035156
97.5199966430664,97.69000244140625,97.30000305175781,0.0,97.44000244140625,2026-02-03,97.44000244140625
97.43000030517578,97.7300033569336,97.30999755859375,0.0,97.62000274658203,2026-02-04,97.62000274658203
97.66999816894531,97.98999786376953,97.61000061035156,0.0,97.81999969482422,2026-02-05,97.81999969482422
97.94999694824219,97.94999694824219,97.55999755859375,0.0,97.62999725341797,2026-02-06,97.62999725341797
97.69999694824219,97.76000213623047,96.79000091552734,0.0,96.81999969482422,2026-02-09,96.81999969482422
97.0,97.01000213623047,96.61000061035156,0.0,96.80000305175781,2026-02-10,96.80000305175781
96.91000366210938,97.2699966430664,96.48999786376953,0.0,96.83000183105469,2026-02-11,96.83000183105469
96.95999908447266,97.06999969482422,96.73999786376953,0.0,96.93000030517578,2026-02-12,96.93000030517578
96.94000244140625,97.16000366210938,96.80000305175781,0.0,96.87999725341797,2026-02-13,96.87999725341797
97.12000274658203,97.55000305175781,97.06999969482422,0.0,97.16000366210938,2026-02-17,97.16000366210938
97.13999938964844,97.73999786376953,97.12000274658203,0.0,97.69999694824219,2026-02-18,97.69999694824219
97.7300033569336,98.06999969482422,97.56999969482422,0.0,97.93000030517578,2026-02-19,97.93000030517578
97.9000015258789,98.08000183105469,97.58999633789062,0.0,97.80000305175781,2026-02-20,97.80000305175781
97.69999694824219,97.8499984741211,97.36000061035156,0.0,97.69999694824219,2026-02-23,97.69999694824219
97.69999694824219,97.98999786376953,97.69999694824219,0.0,97.87999725341797,2026-02-24,97.87999725341797
97.8499984741211,98.0,97.62000274658203,0.0,97.69999694824219,2026-02-25,97.69999694824219
97.58999633789062,97.9800033569336,97.48999786376953,0.0,97.79000091552734,2026-02-26,97.79000091552734
97.75,97.8499984741211,97.55999755859375,0.0,97.61000061035156,2026-02-27,97.61000061035156
97.87000274658203,98.75,97.7699966430664,0.0,98.37999725341797,2026-03-02,98.37999725341797
98.55999755859375,99.68000030517578,98.44000244140625,0.0,99.05000305175781,2026-03-03,99.05000305175781
99.11000061035156,99.33000183105469,98.69999694824219,0.0,98.7699966430664,2026-03-04,98.7699966430664
98.7699966430664,99.41000366210938,98.66999816894531,0.0,99.31999969482422,2026-03-05,99.31999969482422
99.01000213623047,99.44000244140625,98.83999633789062,0.0,98.98999786376953,2026-03-06,98.98999786376953
98.86000061035156,99.69999694824219,98.72000122070312,0.0,99.18000030517578,2026-03-09,99.18000030517578
98.80000305175781,98.94999694824219,98.48999786376953,0.0,98.83000183105469,2026-03-10,98.83000183105469
98.94000244140625,99.30000305175781,98.69999694824219,0.0,99.2300033569336,2026-03-11,99.2300033569336
99.44999694824219,99.76000213623047,99.25,0.0,99.73999786376953,2026-03-12,99.73999786376953
99.69000244140625,100.54000091552734,99.58999633789062,0.0,100.36000061035156,2026-03-13,100.36000061035156
100.43000030517578,100.4800033569336,99.66000366210938,0.0,99.70999908447266,2026-03-16,99.70999908447266
99.86000061035156,100.12000274658203,99.5,0.0,99.58000183105469,2026-03-17,99.58000183105469
99.55000305175781,100.30999755859375,99.47000122070312,0.0,100.08999633789062,2026-03-18,100.08999633789062
100.2300033569336,100.30999755859375,98.9800033569336,0.0,99.2300033569336,2026-03-19,99.2300033569336
99.29000091552734,99.79000091552734,99.25,0.0,99.6500015258789,2026-03-20,99.6500015258789
99.68000030517578,100.1500015258789,98.87999725341797,0.0,98.94999694824219,2026-03-23,98.94999694824219
99.13999938964844,99.62000274658203,99.05999755859375,0.0,99.43000030517578,2026-03-24,99.43000030517578
99.19999694824219,99.66999816894531,99.06999969482422,0.0,99.5999984741211,2026-03-25,99.5999984741211
99.62999725341797,100.01000213623047,99.55999755859375,0.0,99.9000015258789,2026-03-26,99.9000015258789
99.87000274658203,100.20999908447266,99.80000305175781,0.0,100.1500015258789,2026-03-27,100.1500015258789
100.22000122070312,100.61000061035156,100.05000305175781,0.0,100.51000213623047,2026-03-30,100.51000213623047
100.58999633789062,100.63999938964844,99.80999755859375,0.0,99.95999908447266,2026-03-31,99.95999908447266
99.79000091552734,99.87999725341797,99.30000305175781,0.0,99.6500015258789,2026-04-01,99.6500015258789
99.54000091552734,100.26000213623047,99.44999694824219,0.0,100.02999877929688,2026-04-02,100.02999877929688
100.18000030517578,100.29000091552734,99.76000213623047,0.0,99.9800033569336,2026-04-06,99.9800033569336
100.01000213623047,100.16000366210938,99.5999984741211,0.0,99.63999938964844,2026-04-07,99.63999938964844
98.94999694824219,99.18000030517578,98.52999877929688,0.0,99.12999725341797,2026-04-08,99.12999725341797
99.05999755859375,99.16000366210938,98.62999725341797,0.0,98.81999969482422,2026-04-09,98.81999969482422
98.87000274658203,99.01000213623047,98.54000091552734,0.0,98.6500015258789,2026-04-10,98.6500015258789
99.05000305175781,99.18000030517578,98.36000061035156,0.0,98.37000274658203,2026-04-13,98.37000274658203
98.37000274658203,98.41000366210938,97.97000122070312,0.0,98.12000274658203,2026-04-14,98.12000274658203
98.06999969482422,98.29000091552734,98.01000213623047,0.0,98.05999755859375,2026-04-15,98.05999755859375
98.01000213623047,98.29000091552734,97.83000183105469,0.0,98.22000122070312,2026-04-16,98.22000122070312
98.19000244140625,98.29000091552734,97.62999725341797,0.0,98.0999984741211,2026-04-17,98.0999984741211
98.27999877929688,98.4000015258789,98.01000213623047,0.0,98.05000305175781,2026-04-20,98.05000305175781
98.05999755859375,98.56999969482422,98.05999755859375,0.0,98.41000366210938,2026-04-21,98.41000366210938
98.4000015258789,98.63999938964844,98.20999908447266,0.0,98.58999633789062,2026-04-22,98.58999633789062
98.62000274658203,98.94000244140625,98.52999877929688,0.0,98.80000305175781,2026-04-23,98.80000305175781
98.81999969482422,98.91999816894531,98.48999786376953,0.0,98.51000213623047,2026-04-24,98.51000213623047
99.33000183105469,99.33999633789062,98.20999908447266,0.0,98.4800033569336,2026-04-27,98.4800033569336
98.47000122070312,98.87000274658203,98.43000030517578,0.0,98.62000274658203,2026-04-28,98.62000274658203
98.61000061035156,99.05000305175781,98.56999969482422,0.0,98.91999816894531,2026-04-29,98.91999816894531
98.8499984741211,99.08999633789062,98.01000213623047,0.0,98.08000183105469,2026-04-30,98.08000183105469
98.12999725341797,98.23999786376953,97.72000122070312,0.0,98.20999908447266,2026-05-01,98.20999908447266
98.05000305175781,98.54000091552734,97.97000122070312,0.0,98.47000122070312,2026-05-04,98.47000122070312
98.47000122070312,98.58000183105469,98.30999755859375,0.0,98.4800033569336,2026-05-05,98.4800033569336
98.30999755859375,98.33999633789062,97.62999725341797,0.0,98.0199966430664,2026-05-06,98.0199966430664
98.02999877929688,98.27999877929688,97.81999969482422,0.0,98.25,2026-05-07,98.25
98.25,98.27999877929688,97.83000183105469,0.0,97.83999633789062,2026-05-08,97.83999633789062
98.04000091552734,98.1500015258789,97.8499984741211,0.0,97.94000244140625,2026-05-11,97.94000244140625
97.95999908447266,98.45999908447266,97.94999694824219,0.0,98.29000091552734,2026-05-12,98.29000091552734
98.30999755859375,98.5999984741211,98.26000213623047,0.0,98.4800033569336,2026-05-13,98.4800033569336
98.45999908447266,98.91000366210938,98.41999816894531,0.0,98.87999725341797,2026-05-14,98.87999725341797
98.93000030517578,99.31999969482422,98.91999816894531,0.0,99.2699966430664,2026-05-15,99.2699966430664
99.27999877929688,99.41000366210938,98.94999694824219,0.0,98.97000122070312,2026-05-18,98.97000122070312
98.97000122070312,99.43000030517578,98.97000122070312,0.0,99.30000305175781,2026-05-19,99.30000305175781
99.2699966430664,99.47000122070312,98.97000122070312,0.0,99.11000061035156,2026-05-20,99.11000061035156
99.12000274658203,99.5199966430664,99.05999755859375,0.0,99.19000244140625,2026-05-21,99.19000244140625
99.19999694824219,99.41000366210938,99.16999816894531,0.0,99.31999969482422,2026-05-22,99.31999969482422
98.98999786376953,99.25,98.98999786376953,0.0,99.16999816894531,2026-05-26,99.16999816894531
99.08000183105469,99.26000213623047,98.97000122070312,0.0,99.20999908447266,2026-05-27,99.20999908447266
99.2699966430664,99.54000091552734,98.94999694824219,0.0,99.0199966430664,2026-05-28,99.0199966430664
99.0,99.19000244140625,98.75,0.0,98.91000366210938,2026-05-29,98.91000366210938
98.95999908447266,99.38999938964844,98.91999816894531,0.0,99.19999694824219,2026-06-01,99.19999694824219
99.16999816894531,99.33000183105469,99.05000305175781,0.0,99.22000122070312,2026-06-02,99.22000122070312
99.29000091552734,99.55000305175781,99.19000244140625,0.0,99.52999877929688,2026-06-03,99.52999877929688
99.45999908447266,99.52999877929688,99.18000030517578,0.0,99.41000366210938,2026-06-04,99.41000366210938
99.43000030517578,100.11000061035156,99.16000366210938,0.0,100.06999969482422,2026-06-05,100.06999969482422
100.1500015258789,100.20999908447266,99.81999969482422,0.0,100.05000305175781,2026-06-08,100.05000305175781
100.02999877929688,100.08000183105469,99.68000030517578,0.0,99.91000366210938,2026-06-09,99.91000366210938
100.01000213623047,100.05000305175781,99.72000122070312,0.0,99.94999694824219,2026-06-10,99.94999694824219
100.12000274658203,100.30999755859375,99.58999633789062,0.0,99.86000061035156,2026-06-11,99.86000061035156
99.66999816894531,99.91000366210938,99.63999938964844,0.0,99.75,2026-06-12,99.75
99.54000091552734,99.70999908447266,99.37999725341797,0.0,99.62999725341797,2026-06-15,99.62999725341797
99.63999938964844,99.79000091552734,99.45999908447266,0.0,99.54000091552734,2026-06-16,99.54000091552734
99.5199966430664,100.56999969482422,99.48999786376953,0.0,100.08999633789062,2026-06-17,100.08999633789062
100.33999633789062,100.91999816894531,100.20999908447266,0.0,100.8499984741211,2026-06-18,100.8499984741211
100.83999633789062,101.08000183105469,100.76000213623047,0.0,101.0199966430664,2026-06-22,101.0199966430664
101.01000213623047,101.43000030517578,100.94999694824219,0.0,101.41000366210938,2026-06-23,101.41000366210938
101.37000274658203,101.80000305175781,101.36000061035156,0.0,101.61000061035156,2026-06-24,101.61000061035156
101.5999984741211,101.75,101.30999755859375,0.0,101.43000030517578,2026-06-25,101.43000030517578
101.5,101.56999969482422,101.05000305175781,0.0,101.36000061035156,2026-06-26,101.36000061035156
101.37000274658203,101.38999938964844,101.06999969482422,0.0,101.11000061035156,2026-06-29,101.11000061035156
101.12000274658203,101.43000030517578,101.05000305175781,0.0,101.19000244140625,2026-06-30,101.19000244140625
101.22000122070312,101.5999984741211,101.19000244140625,0.0,101.38999938964844,2026-07-01,101.38999938964844
101.4000015258789,101.43000030517578,100.55999755859375,0.0,100.86000061035156,2026-07-02,100.86000061035156
100.86000061035156,101.1500015258789,100.83000183105469,0.0,100.8499984741211,2026-07-06,100.8499984741211
100.83999633789062,101.1500015258789,100.80000305175781,0.0,101.13999938964844,2026-07-07,101.13999938964844
101.16000366210938,101.27999877929688,100.94999694824219,0.0,101.05000305175781,2026-07-08,101.05000305175781
101.04000091552734,101.04000091552734,100.79000091552734,0.0,100.94000244140625,2026-07-09,100.94000244140625
100.91000366210938,101.0,100.5999984741211,0.0,100.97000122070312,2026-07-10,100.97000122070312
101.04000091552734,101.33000183105469,100.79000091552734,0.0,101.27999877929688,2026-07-13,101.27999877929688
101.27999877929688,101.31999969482422,100.61000061035156,0.0,100.94000244140625,2026-07-14,100.94000244140625
100.91999816894531,101.02999877929688,100.3499984741211,0.0,100.5,2026-07-15,100.5
100.47000122070312,100.83000183105469,100.44000244140625,0.0,100.7300033569336,2026-07-16,100.7300033569336
100.70999908447266,100.87000274658203,100.6500015258789,0.0,100.75,2026-07-17,100.75
100.80999755859375,101.02999877929688,100.6500015258789,0.0,100.98999786376953,2026-07-20,100.98999786376953
100.9800033569336,101.20999908447266,100.86000061035156,0.0,101.18000030517578,2026-07-21,101.18000030517578
101.19000244140625,101.19999694824219,101.0199966430664,0.0,101.13999938964844,2026-07-22,101.13999938964844
101.12000274658203,101.54000091552734,100.94000244140625,0.0,101.43000030517578,2026-07-23,101.43000030517578
101.44000244140625,101.52999877929688,101.25,0.0,101.47000122070312,2026-07-24,101.47000122070312
101.31999969482422,101.54000091552734,101.12000274658203,0.0,101.51000213623047,2026-07-27,101.51000213623047
101.5199966430664,101.63999938964844,101.26000213623047,0.0,101.37999725341797,2026-07-28,101.37999725341797
101.41999816894531,101.5,100.76000213623047,0.0,100.80000305175781,2026-07-29,100.80000305175781
100.81999969482422,101.06999969482422,99.86000061035156,0.0,100.01000213623047,2026-07-30,100.01000213623047
100.0199966430664,100.45999908447266,99.69000244140625,0.0,99.80000305175781,2026-07-31,99.80000305175781
99.69000244140625,100.0199966430664,99.41999816894531,0.0,99.95999908447266,2026-08-03,99.95999908447266
99.97000122070312,100.05999755859375,99.83000183105469,0.0,99.88999938964844,2026-08-04,99.88999938964844
99.87000274658203,99.9000015258789,99.62999725341797,0.0,99.69000244140625,2026-08-05,99.69000244140625
99.66000366210938,100.0199966430664,99.63999938964844,0.0,99.97000122070312,2026-08-06,99.97000122070312
99.94000244140625,100.0,99.4000015258789,0.0,99.5999984741211,2026-08-07,99.5999984741211
99.58999633789062,99.83000183105469,99.58000183105469,0.0,99.80999755859375,2026-08-10,99.80999755859375
99.80000305175781,99.9000015258789,99.7300033569336,0.0,99.81999969482422,2026-08-11,99.81999969482422
99.80999755859375,100.0199966430664,99.61000061035156,0.0,100.01000213623047,2026-08-12,100.01000213623047
99.95999908447266,100.08000183105469,99.80000305175781,0.0,99.95999908447266,2026-08-13,99.95999908447266
99.93000030517578,99.94000244140625,99.4800033569336,0.0,99.66999816894531,2026-08-14,99.66999816894531
99.66000366210938,99.66999816894531,99.29000091552734,0.0,99.63999938964844,2026-08-17,99.63999938964844
99.54000091552734,99.69000244140625,99.5199966430664,0.0,99.6500015258789,2026-08-18,99.6500015258789
99.66999816894531,99.69000244140625,98.7699966430664,0.0,98.83000183105469,2026-08-19,98.83000183105469
98.83999633789062,98.93000030517578,98.55999755859375,0.0,98.9000015258789,2026-08-20,98.9000015258789
98.80000305175781,98.91000366210938,98.55999755859375,0.0,98.80000305175781,2026-08-21,98.80000305175781
98.86000061035156,99.05999755859375,98.76000213623047,0.0,99.0,2026-08-24,99.0
98.98999786376953,99.12000274658203,98.86000061035156,0.0,98.91999816894531,2026-08-25,98.91999816894531
98.91999816894531,99.2300033569336,98.9000015258789,0.0,99.16999816894531,2026-08-26,99.16999816894531
99.12000274658203,99.26000213623047,99.06999969482422,0.0,99.16000366210938,2026-08-27,99.16000366210938
99.11000061035156,99.7300033569336,99.0999984741211,0.0,99.69999694824219,2026-08-28,99.69999694824219
99.69999694824219,99.70999908447266,99.38999938964844,0.0,99.43000030517578,2026-08-31,99.43000030517578
99.41999816894531,99.72000122070312,99.3499984741211,0.0,99.66999816894531,2026-09-01,99.66999816894531
99.66999816894531,99.86000061035156,99.44000244140625,0.0,99.55999755859375,2026-09-02,99.55999755859375
99.5999984741211,99.61000061035156,98.83000183105469,0.0,99.0,2026-09-03,99.0
99.02999877929688,99.38999938964844,98.91999816894531,0.0,99.16000366210938,2026-09-04,99.16000366210938
98.8499984741211,99.0199966430664,98.72000122070312,0.0,98.83999633789062,2026-09-08,98.83999633789062
98.80999755859375,98.9000015258789,98.5999984741211,0.0,98.7699966430664,2026-09-09,98.7699966430664
98.76000213623047,99.19999694824219,98.70999908447266,0.0,99.08999633789062,2026-09-10,99.08999633789062
99.0999984741211,99.37000274658203,98.97000122070312,0.0,99.12000274658203,2026-09-11,99.12000274658203
99.0999984741211,99.73999786376953,99.06999969482422,0.0,99.45999908447266,2026-09-14,99.45999908447266
99.4800033569336,99.69000244140625,99.4800033569336,0.0,99.6500015258789,2026-09-15,99.6500015258789
99.69999694824219,100.3499984741211,99.54000091552734,0.0,100.30999755859375,2026-09-16,100.30999755859375
100.2699966430664,100.37000274658203,100.0199966430664,0.0,100.22000122070312,2026-09-17,100.22000122070312
100.23999786376953,100.55999755859375,100.16999816894531,0.0,100.22000122070312,2026-09-18,100.22000122070312
100.25,100.44999694824219,100.18000030517578,0.0,100.43000030517578,2026-09-21,100.43000030517578
100.41999816894531,100.69999694824219,100.30999755859375,0.0,100.5999984741211,2026-09-22,100.5999984741211
100.55999755859375,101.2300033569336,100.54000091552734,0.0,101.0999984741211,2026-09-23,101.0999984741211
101.11000061035156,101.4000015258789,101.0,0.0,101.29000091552734,2026-09-24,101.29000091552734
101.2699966430664,101.30999755859375,100.87000274658203,0.0,100.97000122070312,2026-09-25,100.97000122070312
101.0999984741211,101.30999755859375,100.9800033569336,0.0,101.19999694824219,2026-09-28,101.19999694824219
101.19000244140625,101.61000061035156,101.18000030517578,0.0,101.37000274658203,2026-09-29,101.37000274658203
101.41000366210938,101.52999877929688,101.02999877929688,0.0,101.44999694824219,2026-09-30,101.44999694824219
101.47000122070312,102.20999908447266,101.45999908447266,0.0,102.0999984741211,2026-10-01,102.0999984741211
102.0199966430664,102.12999725341797,101.66999816894531,0.0,101.93000030517578,2026-10-02,101.93000030517578
101.91999816894531,102.54000091552734,101.86000061035156,0.0,102.16999816894531,2026-10-05,102.16999816894531
102.13999938964844,102.29000091552734,101.75,0.0,101.83000183105469,2026-10-06,101.83000183105469
101.88999938964844,102.5,101.88999938964844,0.0,102.23999786376953,2026-10-07,102.23999786376953
102.2300033569336,102.47000122070312,102.02999877929688,0.0,102.13999938964844,2026-10-08,102.13999938964844
102.12799835205078,102.33499908447266,101.91999816894531,0.0,102.22699737548828,2026-10-09,102.22699737548828
