open,close,low,high,volume,date,adjclose
191.88999938964844,183.33999633789062,178.0,192.1999969482422,15937500,2024-10-10,183.33999633789062
188.5,212.58999633789062,187.41000366210938,212.80999755859375,29933800,2024-10-11,212.58999633789062
224.47999572753906,201.6699981689453,201.42999267578125,227.14999389648438,31736600,2024-10-14,201.6699981689453
206.72999572753906,194.30999755859375,189.6999969482422,211.16000366210938,23114600,2024-10-15,194.30999755859375
199.89999389648438,194.08999633789062,191.9600067138672,200.6199951171875,12434600,2024-10-16,194.08999633789062
192.8000030517578,193.4199981689453,185.80999755859375,198.8800048828125,11414300,2024-10-17,193.4199981689453
197.58999633789062,215.86000061035156,197.10000610351562,218.64999389648438,22814800,2024-10-18,215.86000061035156
214.49000549316406,219.0500030517578,208.4499969482422,223.14999389648438,18028600,2024-10-21,219.0500030517578
216.2100067138672,219.6999969482422,212.0800018310547,221.39999389648438,13758100,2024-10-22,219.6999969482422
215.0800018310547,213.9499969482422,204.91000366210938,222.85000610351562,17025500,2024-10-23,213.9499969482422
220.08999633789062,235.88999938964844,218.25,236.2899932861328,23221500,2024-10-24,235.88999938964844
236.38999938964844,234.33999633789062,227.75,245.57000732421875,25093200,2024-10-25,234.33999633789062
244.63999938964844,255.33999633789062,242.77000427246094,259.5,23182000,2024-10-28,255.33999633789062
264.25,258.239990234375,251.24000549316406,267.8900146484375,25958500,2024-10-29,258.239990234375
246.5,247.30999755859375,239.0,255.8000030517578,20593300,2024-10-30,247.30999755859375
251.1199951171875,244.5,237.0,252.8800048828125,21954100,2024-10-31,244.5
245.3300018310547,229.7100067138672,225.92999267578125,255.75,26258900,2024-11-01,229.7100067138672
226.97000122070312,222.99000549316406,220.82000732421875,231.67999267578125,13438800,2024-11-04,222.99000549316406
233.33999633789062,227.8000030517578,225.42999267578125,243.4600067138672,17993900,2024-11-05,227.8000030517578
260.0,257.80999755859375,242.69000244140625,261.20001220703125,26270400,2024-11-06,257.80999755859375
256.79998779296875,270.80999755859375,252.6999969482422,280.79998779296875,23931700,2024-11-07,270.80999755859375
275.5799865722656,270.4200134277344,262.6000061035156,279.3800048828125,18764200,2024-11-08,270.4200134277344
297.0,340.0,293.29998779296875,351.7300109863281,47315700,2024-11-11,340.0
334.7699890136719,356.5899963378906,325.5,360.8900146484375,39705800,2024-11-12,356.5899963378906
366.9800109863281,328.3800048828125,321.70001220703125,383.3999938964844,46238500,2024-11-13,328.3800048828125
341.7699890136719,327.6700134277344,318.6199951171875,348.0,26605700,2024-11-14,327.6700134277344
336.6000061035156,340.6499938964844,324.1000061035156,349.94000244140625,25842000,2024-11-15,340.6499938964844
345.4200134277344,384.7900085449219,339.3800048828125,388.489990234375,32612800,2024-11-18,384.7900085449219
389.5,430.5400085449219,381.0,449.0,50954500,2024-11-19,430.5400085449219
463.3999938964844,473.8299865722656,457.29998779296875,504.8299865722656,70212600,2024-11-20,473.8299865722656
535.6300048828125,397.2799987792969,371.8399963378906,543.0,100444000,2024-11-21,397.2799987792969
403.6000061035156,421.8800048828125,393.1000061035156,453.0,55935000,2024-11-22,421.8800048828125
440.75,403.45001220703125,383.79998779296875,440.75,40180400,2024-11-25,403.45001220703125
382.7799987792969,353.69000244140625,338.6700134277344,403.0,47891000,2024-11-26,353.69000244140625
384.2900085449219,388.8399963378906,372.5,397.6600036621094,34921200,2024-11-27,388.8399963378906
405.75,387.4700012207031,381.0,417.6199951171875,21987600,2024-11-29,387.4700012207031
393.6400146484375,380.29998779296875,374.3599853515625,398.7900085449219,23404300,2024-12-02,380.29998779296875
367.8500061035156,373.42999267578125,362.6700134277344,393.1199951171875,22817500,2024-12-03,373.42999267578125
380.0,406.0,365.6000061035156,409.9700012207031,29862200,2024-12-04,406.0
440.1199951171875,386.3999938964844,379.3500061035156,444.94000244140625,46189800,2024-12-05,386.3999938964844
395.2900085449219,395.010009765625,384.0199890136719,405.0,26206200,2024-12-06,395.010009765625
394.0,365.3399963378906,363.44000244140625,399.79998779296875,22606100,2024-12-09,365.3399963378906
373.3699951171875,377.32000732421875,356.04998779296875,379.79998779296875,20139900,2024-12-10,377.32000732421875
385.6600036621094,411.3999938964844,385.5,412.67999267578125,27594400,2024-12-11,411.3999938964844
413.7099914550781,392.19000244140625,386.1099853515625,415.79998779296875,21074300,2024-12-12,392.19000244140625
400.07000732421875,408.6700134277344,388.8800048828125,409.7099914550781,21536900,2024-12-13,408.6700134277344
424.8699951171875,408.5,406.4599914550781,437.6099853515625,31099400,2024-12-16,408.5
413.45001220703125,386.4200134277344,386.010009765625,415.67999267578125,21822000,2024-12-17,386.4200134277344
386.0,349.6400146484375,338.0,390.32000732421875,24422900,2024-12-18,349.6400146484375
365.44000244140625,326.4599914550781,323.4800109863281,367.5,26922900,2024-12-19,326.4599914550781
319.3699951171875,364.20001220703125,317.0,364.8800048828125,44889900,2024-12-20,364.20001220703125
358.0,332.2300109863281,329.0799865722656,359.739990234375,21742500,2024-12-23,332.2300109863281
343.5,358.17999267578125,342.70001220703125,361.0,16377800,2024-12-24,358.17999267578125
350.30999755859375,341.04998779296875,340.0,351.79998779296875,13249000,2024-12-26,341.04998779296875
342.29998779296875,330.0,323.20001220703125,342.7099914550781,13778500,2024-12-27,330.0
319.3999938964844,302.9599914550781,301.75,320.010009765625,25771200,2024-12-30,302.9599914550781
316.9599914550781,289.6199951171875,285.010009765625,317.9100036621094,22486100,2024-12-31,289.6199951171875
300.1099853515625,300.010009765625,292.32000732421875,310.79998779296875,17933900,2025-01-02,300.010009765625
303.0,339.6600036621094,301.7699890136719,343.3999938964844,25039000,2025-01-03,339.6600036621094
349.8500061035156,379.0899963378906,335.5,383.0199890136719,26707300,2025-01-06,379.0899963378906
366.4700012207031,341.42999267578125,335.29998779296875,371.2799987792969,24736800,2025-01-07,341.42999267578125
335.25,331.70001220703125,317.2200012207031,344.3900146484375,18274800,2025-01-08,331.70001220703125
330.30999755859375,327.9100036621094,317.9100036621094,337.0,16478700,2025-01-10,327.9100036621094
309.95001220703125,328.3999938964844,303.79998779296875,329.6000061035156,15914500,2025-01-13,328.3999938964844
343.0,342.1700134277344,331.29998779296875,354.8999938964844,17889500,2025-01-14,342.1700134277344
357.80999755859375,360.6199951171875,353.010009765625,368.4200134277344,19941300,2025-01-15,360.6199951171875
357.8900146484375,367.0,345.79998779296875,370.260009765625,14826600,2025-01-16,367.0
383.2799987792969,396.5,380.1499938964844,398.67999267578125,24339100,2025-01-17,396.5
395.4599914550781,389.1000061035156,367.760009765625,404.4200134277344,26215800,2025-01-21,389.1000061035156
384.9100036621094,377.30999755859375,371.04998779296875,390.3500061035156,16000300,2025-01-22,377.30999755859375
371.75,373.1199951171875,370.70001220703125,390.20001220703125,23306500,2025-01-23,373.1199951171875
377.6700134277344,353.6700134277344,351.0,378.1099853515625,22943800,2025-01-24,353.6700134277344
340.5,347.9200134277344,322.29998779296875,356.8800048828125,21224400,2025-01-27,347.9200134277344
344.67999267578125,335.92999267578125,333.0899963378906,348.9200134277344,11461400,2025-01-28,335.92999267578125
338.20001220703125,341.25,329.3299865722656,343.6300048828125,11716800,2025-01-29,341.25
345.8299865722656,340.0899963378906,338.5199890136719,356.1099853515625,12607800,2025-01-30,340.0899963378906
340.1099853515625,334.7900085449219,332.0,352.7099914550781,15533300,2025-01-31,334.7900085449219
310.0,347.0899963378906,308.8999938964844,348.8500061035156,18207300,2025-02-03,347.0899963378906
341.20001220703125,348.30999755859375,340.45001220703125,353.7900085449219,12486000,2025-02-04,348.30999755859375
349.0,336.70001220703125,333.54998779296875,352.3599853515625,10874100,2025-02-05,336.70001220703125
338.70001220703125,325.4599914550781,320.7099914550781,344.5,12795200,2025-02-06,325.4599914550781
335.0,327.55999755859375,327.0,344.3999938964844,15049700,2025-02-07,327.55999755859375
333.5,334.6199951171875,328.29998779296875,340.3800048828125,10104100,2025-02-10,334.6199951171875
332.9800109863281,319.4599914550781,318.70001220703125,338.5,12017200,2025-02-11,319.4599914550781
315.9599914550781,326.82000732421875,314.19000244140625,331.1700134277344,9837900,2025-02-12,326.82000732421875
325.5,324.9200134277344,317.3500061035156,330.5899963378906,9848100,2025-02-13,324.9200134277344
325.1499938964844,337.7300109863281,323.7099914550781,344.8900146484375,13912800,2025-02-14,337.7300109863281
337.3500061035156,333.9700012207031,326.7900085449219,340.489990234375,10179800,2025-02-18,333.9700012207031
337.29998779296875,318.6700134277344,317.2200012207031,340.19000244140625,17043100,2025-02-19,318.6700134277344
323.7300109863281,323.9200134277344,314.95001220703125,327.8299865722656,12291700,2025-02-20,323.9200134277344
327.92999267578125,299.69000244140625,299.0400085449219,329.0,17930800,2025-02-21,299.69000244140625
304.0,282.760009765625,276.3999938964844,304.0400085449219,17974900,2025-02-24,282.760009765625
268.1000061035156,250.50999450683594,243.6999969482422,270.2900085449219,31379600,2025-02-25,250.50999450683594
245.38999938964844,263.2699890136719,244.00999450683594,264.4599914550781,19876900,2025-02-26,263.2699890136719
267.42999267578125,240.0500030517578,239.47999572753906,271.4599914550781,18520300,2025-02-27,240.0500030517578
238.32000732421875,255.42999267578125,231.9199981689453,257.5,22662600,2025-02-28,255.42999267578125
293.1499938964844,250.9199981689453,246.10000610351562,295.1000061035156,30575700,2025-03-03,250.9199981689453
240.27999877929688,275.1499938964844,237.00999450683594,293.0400085449219,30130200,2025-03-04,275.1499938964844
278.30999755859375,308.54998779296875,271.7699890136719,311.2799987792969,26199800,2025-03-05,308.54998779296875
298.95001220703125,304.1099853515625,292.1700134277344,320.94000244140625,25309500,2025-03-06,304.1099853515625
298.1499938964844,287.17999267578125,281.44000244140625,310.44000244140625,22764500,2025-03-07,287.17999267578125
268.0,239.27000427246094,231.6199951171875,272.0,31478300,2025-03-10,239.27000427246094
245.0,260.5899963378906,231.50999450683594,263.1000061035156,22076100,2025-03-11,260.5899963378906
264.6000061035156,262.54998779296875,248.22000122070312,269.7699890136719,14328600,2025-03-12,262.54998779296875
262.0,263.260009765625,253.75999450683594,270.3999938964844,13804700,2025-03-13,263.260009765625
273.989990234375,297.489990234375,272.6199951171875,298.70001220703125,23714000,2025-03-14,297.489990234375
292.1499938964844,294.2699890136719,281.6000061035156,296.80999755859375,12998700,2025-03-17,294.2699890136719
283.20001220703125,283.19000244140625,272.5,290.989990234375,15398200,2025-03-18,283.19000244140625
290.29998779296875,304.2300109863281,287.1199951171875,309.0799865722656,19378800,2025-03-19,304.2300109863281
298.7900085449219,302.07000732421875,293.3999938964844,309.3999938964844,15058100,2025-03-20,302.07000732421875
295.70001220703125,304.0,293.04998779296875,306.3900146484375,21774000,2025-03-21,304.0
316.1400146484375,335.7200012207031,311.3599853515625,336.7699890136719,23099700,2025-03-24,335.7200012207031
333.4800109863281,341.80999755859375,329.5,343.5899963378906,15053700,2025-03-25,341.80999755859375
336.5,329.30999755859375,319.7300109863281,340.3399963378906,16732400,2025-03-26,329.30999755859375
322.5299987792969,324.5899963378906,318.0,333.489990234375,13838300,2025-03-27,324.5899963378906
318.3800048828125,289.4100036621094,289.25,320.79998779296875,21058900,2025-03-28,289.4100036621094
281.8699951171875,288.2699890136719,272.79998779296875,294.8900146484375,14866300,2025-03-31,288.2699890136719
293.5299987792969,306.0199890136719,280.6499938964844,307.6000061035156,16780100,2025-04-01,306.0199890136719
297.8599853515625,312.5400085449219,296.9800109863281,319.4700012207031,16293800,2025-04-02,312.5400085449219
286.75,282.2799987792969,276.0299987792969,299.2200012207031,18223000,2025-04-03,282.2799987792969
285.0199890136719,293.6099853515625,265.29998779296875,299.1400146484375,24847100,2025-04-04,293.6099853515625
260.1400146484375,268.1400146484375,252.60000610351562,297.6000061035156,28449300,2025-04-07,268.1400146484375
278.1499938964844,237.9499969482422,235.92999267578125,282.8399963378906,22952700,2025-04-08,237.9499969482422
242.02000427246094,296.8599853515625,241.69000244140625,302.3399963378906,38346400,2025-04-09,296.8599853515625
282.5,272.3399963378906,261.3699951171875,288.30999755859375,19237800,2025-04-10,272.3399963378906
281.29998779296875,299.9800109863281,276.29998779296875,304.1499938964844,21334100,2025-04-11,299.9800109863281
309.79998779296875,311.45001220703125,300.1000061035156,314.6000061035156,15635400,2025-04-14,311.45001220703125
312.2200012207031,310.7200012207031,306.80999755859375,319.75,11217800,2025-04-15,310.7200012207031
306.05999755859375,311.6600036621094,304.0,318.6000061035156,12847200,2025-04-16,311.6600036621094
313.8900146484375,317.20001220703125,306.0,320.0,13511100,2025-04-17,317.20001220703125
324.989990234375,317.760009765625,309.0,330.989990234375,16053200,2025-04-21,317.760009765625
328.7099914550781,343.0299987792969,327.010009765625,348.9599914550781,24036500,2025-04-22,343.0299987792969
354.70001220703125,345.7300109863281,339.0,355.8299865722656,16690700,2025-04-23,345.7300109863281
344.9700012207031,350.3399963378906,343.239990234375,351.0299987792969,10781400,2025-04-24,350.3399963378906
354.0,368.7099914550781,353.1199951171875,373.2300109863281,19338600,2025-04-25,368.7099914550781
373.2900085449219,369.25,354.5299987792969,373.6600036621094,11490900,2025-04-28,369.25
369.0199890136719,381.45001220703125,366.79998779296875,383.95001220703125,13038800,2025-04-29,381.45001220703125
373.7799987792969,380.1099853515625,362.3900146484375,384.0,13762900,2025-04-30,380.1099853515625
392.2900085449219,381.6000061035156,381.0299987792969,403.8999938964844,16944100,2025-05-01,381.6000061035156
393.8800048828125,394.3699951171875,387.510009765625,401.70001220703125,15948000,2025-05-02,394.3699951171875
383.3299865722656,386.5299987792969,374.20001220703125,391.92999267578125,14424100,2025-05-05,386.5299987792969
378.55999755859375,385.6000061035156,377.7699890136719,387.8599853515625,9695600,2025-05-06,385.6000061035156
393.79998779296875,392.4800109863281,388.260009765625,396.3500061035156,10555300,2025-05-07,392.4800109863281
408.1700134277344,414.3800048828125,404.5,423.1099853515625,22135600,2025-05-08,414.3800048828125
420.0,416.0299987792969,406.2200012207031,430.3500061035156,17161800,2025-05-09,416.0299987792969
420.9200134277344,404.8999938964844,400.8299865722656,422.0400085449219,16245500,2025-05-12,404.8999938964844
412.54998779296875,421.6099853515625,404.1199951171875,422.54998779296875,12925000,2025-05-13,421.6099853515625
420.3999938964844,416.75,410.4100036621094,425.94000244140625,10722700,2025-05-14,416.75
411.70001220703125,397.0299987792969,394.1400146484375,415.3599853515625,14674700,2025-05-15,397.0299987792969
399.0,399.79998779296875,389.010009765625,406.8999938964844,12461100,2025-05-16,399.79998779296875
392.80999755859375,413.4200134277344,392.6199951171875,414.5899963378906,12822000,2025-05-19,413.4200134277344
413.5,416.9200134277344,406.1000061035156,417.8500061035156,11532200,2025-05-20,416.9200134277344
415.9200134277344,402.69000244140625,395.5299987792969,423.3399963378906,18698500,2025-05-21,402.69000244140625
413.20001220703125,399.4599914550781,398.9100036621094,426.32000732421875,16511400,2025-05-22,399.4599914550781
391.510009765625,369.510009765625,367.30999755859375,392.19000244140625,21448800,2025-05-23,369.510009765625
381.1199951171875,372.20001220703125,364.17999267578125,381.29998779296875,14116000,2025-05-27,372.20001220703125
368.5299987792969,364.25,358.5,370.6499938964844,9936800,2025-05-28,364.25
370.7900085449219,370.6300048828125,362.739990234375,373.8599853515625,10175500,2025-05-29,370.6300048828125
369.0,369.05999755859375,359.1600036621094,372.55999755859375,12564000,2025-05-30,369.05999755859375
367.8900146484375,372.2699890136719,367.0199890136719,378.42999267578125,8102800,2025-06-02,372.2699890136719
379.3999938964844,387.42999267578125,371.3699951171875,391.010009765625,11351800,2025-06-03,387.42999267578125
385.79998779296875,378.1000061035156,375.6600036621094,386.1199951171875,8472200,2025-06-04,378.1000061035156
383.8500061035156,368.7900085449219,364.29998779296875,385.3800048828125,11871400,2025-06-05,368.7900085449219
377.3999938964844,374.4700012207031,369.7099914550781,380.6000061035156,9384200,2025-06-06,374.4700012207031
380.67999267578125,392.1199951171875,377.6000061035156,394.7900085449219,10924600,2025-06-09,392.1199951171875
393.239990234375,391.17999267578125,383.6000061035156,394.0,7074800,2025-06-10,391.17999267578125
391.2300109863281,387.1099853515625,380.5,392.7699890136719,6812200,2025-06-11,387.1099853515625
378.3999938964844,379.760009765625,373.9800109863281,391.2200012207031,9423900,2025-06-12,379.760009765625
375.2300109863281,382.8699951171875,370.6199951171875,383.55999755859375,9378900,2025-06-13,382.8699951171875
387.6099853515625,382.25,377.3999938964844,388.1499938964844,8105200,2025-06-16,382.25
375.260009765625,375.17999267578125,367.0,378.4800109863281,11218500,2025-06-17,375.17999267578125
371.42999267578125,369.0299987792969,367.4200134277344,374.9100036621094,9200500,2025-06-18,369.0299987792969
372.75,369.70001220703125,365.1099853515625,376.1000061035156,12821800,2025-06-20,369.70001220703125
362.4800109863281,367.17999267578125,358.79998779296875,370.29998779296875,10614700,2025-06-23,367.17999267578125
373.67999267578125,377.0199890136719,371.0,384.3599853515625,10174900,2025-06-24,377.0199890136719
384.8299865722656,388.6700134277344,379.30999755859375,389.489990234375,10606600,2025-06-25,388.6700134277344
386.3500061035156,386.44000244140625,384.1499938964844,392.6700134277344,10202300,2025-06-26,386.44000244140625
385.2300109863281,383.8800048828125,383.4100036621094,397.989990234375,18694400,2025-06-27,383.8800048828125
389.7799987792969,404.2300109863281,384.25,407.3900146484375,13752900,2025-06-30,404.2300109863281
395.70001220703125,373.29998779296875,372.9100036621094,397.8699951171875,17289600,2025-07-01,373.29998779296875
383.3399963378906,402.2799987792969,379.8800048828125,405.29998779296875,17454400,2025-07-02,402.2799987792969
400.8699951171875,403.989990234375,400.3999938964844,414.6000061035156,10013900,2025-07-03,403.989990234375
402.6400146484375,395.6700134277344,395.20001220703125,405.6400146484375,8848200,2025-07-07,395.6700134277344
399.69000244140625,396.94000244140625,393.2099914550781,402.20001220703125,7022700,2025-07-08,396.94000244140625
401.6000061035156,415.4100036621094,395.95001220703125,416.3399963378906,13065400,2025-07-09,415.4100036621094
412.57000732421875,421.739990234375,411.20001220703125,422.3999938964844,13208600,2025-07-10,421.739990234375
430.5400085449219,434.5799865722656,423.5,438.8399963378906,18448500,2025-07-11,434.5799865722656
447.20001220703125,451.0199890136719,440.6499938964844,456.45001220703125,17952500,2025-07-14,451.0199890136719
445.2200012207031,442.30999755859375,441.0199890136719,456.6600036621094,14315400,2025-07-15,442.30999755859375
448.30999755859375,455.8999938964844,445.55999755859375,457.2200012207031,10575400,2025-07-16,455.8999938964844
451.67999267578125,451.3399963378906,446.5799865722656,456.0,8901400,2025-07-17,451.3399963378906
451.7200012207031,423.2200012207031,422.2200012207031,454.3299865722656,19105400,2025-07-18,423.2200012207031
430.1000061035156,426.2799987792969,425.0199890136719,437.0,9984500,2025-07-21,426.2799987792969
428.8500061035156,426.3999938964844,413.6000061035156,433.94000244140625,10524200,2025-07-22,426.3999938964844
422.8299865722656,412.6700134277344,406.1000061035156,424.0,12990000,2025-07-23,412.6700134277344
414.5799865722656,414.9200134277344,406.1700134277344,419.95001220703125,7407300,2025-07-24,414.9200134277344
405.6700134277344,405.8900146484375,402.20001220703125,410.95001220703125,8380200,2025-07-25,405.8900146484375
416.95001220703125,403.79998779296875,403.4599914550781,417.010009765625,6996500,2025-07-28,403.79998779296875
405.9599914550781,394.6600036621094,390.4100036621094,407.0,10580000,2025-07-29,394.6600036621094
396.7799987792969,395.0400085449219,392.5899963378906,404.3900146484375,7543800,2025-07-30,395.0400085449219
399.1300048828125,401.8599853515625,397.0799865722656,410.80999755859375,10467500,2025-07-31,401.8599853515625
390.4100036621094,366.6300048828125,365.70001220703125,392.6400146484375,21808900,2025-08-01,366.6300048828125
372.7699890136719,389.239990234375,366.20001220703125,390.0199890136719,12362400,2025-08-04,389.239990234375
384.17999267578125,375.4599914550781,373.3500061035156,388.30999755859375,8467100,2025-08-05,375.4599914550781
374.75,383.4100036621094,373.0,384.4200134277344,7242600,2025-08-06,383.4100036621094
388.3999938964844,402.010009765625,387.1400146484375,406.239990234375,13051200,2025-08-07,402.010009765625
397.6000061035156,395.1300048828125,389.0299987792969,409.6499938964844,11200100,2025-08-08,395.1300048828125
403.9200134277344,400.25,398.9200134277344,414.3599853515625,10394400,2025-08-11,400.25
400.5,394.3900146484375,390.1400146484375,401.6700134277344,8333600,2025-08-12,394.3900146484375
397.7300109863281,389.8999938964844,383.54998779296875,399.44000244140625,10884900,2025-08-13,389.8999938964844
380.0,372.94000244140625,365.0,381.0,16461700,2025-08-14,372.94000244140625
372.2099914550781,366.32000732421875,360.0299987792969,372.6199951171875,13125300,2025-08-15,366.32000732421875
359.95001220703125,363.6000061035156,358.010009765625,367.57000732421875,9002000,2025-08-18,363.6000061035156
363.19000244140625,336.57000732421875,333.3999938964844,364.6300048828125,18254600,2025-08-19,336.57000732421875
339.3800048828125,344.3699951171875,325.55999755859375,345.5,13807200,2025-08-20,344.3699951171875
340.0,337.5799865722656,334.8500061035156,343.2699890136719,8398500,2025-08-21,337.5799865722656
335.20001220703125,358.1300048828125,332.6099853515625,359.5299987792969,17386900,2025-08-22,358.1300048828125
344.9100036621094,343.20001220703125,339.2099914550781,351.510009765625,10983400,2025-08-25,343.20001220703125
341.80999755859375,351.3599853515625,340.67999267578125,351.989990234375,9144200,2025-08-26,351.3599853515625
348.67999267578125,342.05999755859375,341.8399963378906,351.7699890136719,8454300,2025-08-27,342.05999755859375
346.1600036621094,338.8399963378906,336.6499938964844,348.1700134277344,8116100,2025-08-28,338.8399963378906
334.6000061035156,334.4100036621094,332.6400146484375,339.6300048828125,10162300,2025-08-29,334.4100036621094
334.92999267578125,341.6199951171875,331.57000732421875,348.6000061035156,11123000,2025-09-02,341.6199951171875
341.7699890136719,330.260009765625,327.6099853515625,344.5,9180200,2025-09-03,330.260009765625
330.0,327.5899963378906,317.75,332.55999755859375,10530000,2025-09-04,327.5899963378906
334.80999755859375,335.8699951171875,320.0,337.20001220703125,14047600,2025-09-05,335.8699951171875
328.1099853515625,329.8999938964844,321.5,333.1000061035156,9954500,2025-09-08,329.8999938964844
330.2300109863281,328.5299987792969,324.45001220703125,331.9599914550781,6587800,2025-09-09,328.5299987792969
332.79998779296875,326.45001220703125,321.9599914550781,340.010009765625,9741400,2025-09-10,326.45001220703125
326.8699951171875,326.0199890136719,322.7699890136719,329.75,7506900,2025-09-11,326.0199890136719
329.1499938964844,331.44000244140625,327.6000061035156,336.1300048828125,10809900,2025-09-12,331.44000244140625
329.3999938964844,327.7900085449219,320.45001220703125,331.3299865722656,9527700,2025-09-15,327.7900085449219
329.2300109863281,335.0899963378906,324.8399963378906,335.44000244140625,8651300,2025-09-16,335.0899963378906
335.6600036621094,329.7099914550781,323.2099914550781,340.1099853515625,9691000,2025-09-17,329.7099914550781
335.8599853515625,349.1199951171875,334.6300048828125,358.25,19697300,2025-09-18,349.1199951171875
347.45001220703125,344.75,337.07000732421875,352.9200134277344,17699700,2025-09-19,344.75
337.0199890136719,335.92999267578125,329.0,341.5899963378906,10053500,2025-09-22,335.92999267578125
337.05999755859375,327.7799987792969,327.7699890136719,339.0,9468800,2025-09-23,327.7799987792969
330.6300048828125,323.30999755859375,323.1400146484375,337.05999755859375,9153100,2025-09-24,323.30999755859375
316.6099853515625,300.70001220703125,292.3599853515625,317.0,22087000,2025-09-25,300.70001220703125
301.29998779296875,309.05999755859375,297.7099914550781,310.0,11693400,2025-09-26,309.05999755859375
313.7300109863281,326.4200134277344,311.0,327.989990234375,12652000,2025-09-29,326.4200134277344
320.8299865722656,322.2099914550781,316.19000244140625,324.5,7798800,2025-09-30,322.2099914550781
332.4700012207031,338.4100036621094,331.20001220703125,343.7300109863281,13994800,2025-10-01,338.4100036621094
348.57000732421875,352.3299865722656,341.1499938964844,353.2200012207031,13666800,2025-10-02,352.3299865722656
350.8699951171875,351.6300048828125,344.3999938964844,358.5400085449219,12107900,2025-10-03,351.6300048828125
362.95001220703125,359.69000244140625,354.70001220703125,365.2099914550781,9551000,2025-10-06,359.69000244140625
358.8800048828125,328.3999938964844,328.1600036621094,359.44000244140625,19584100,2025-10-07,328.3999938964844
335.6199951171875,330.79998779296875,322.29998779296875,336.3599853515625,12996300,2025-10-08,330.79998779296875
327.3999938964844,320.2900085449219,318.2200012207031,328.989990234375,11213200,2025-10-09,320.2900085449219
323.17999267578125,304.7900085449219,303.57000732421875,323.42999267578125,13643700,2025-10-10,304.7900085449219
306.6700134277344,315.4700012207031,300.5899963378906,315.95001220703125,11575000,2025-10-13,315.4700012207031
301.0,300.6700134277344,297.3399963378906,312.7099914550781,11480500,2025-10-14,300.6700134277344
303.6000061035156,296.760009765625,294.6199951171875,308.8800048828125,10625600,2025-10-15,296.760009765625
299.8999938964844,283.8399963378906,282.19000244140625,301.5799865722656,13817900,2025-10-16,283.8399963378906
279.2699890136719,289.8699951171875,279.0,292.79998779296875,13110700,2025-10-17,289.8699951171875
297.2099914550781,296.6099853515625,294.3999938964844,306.1600036621094,9679700,2025-10-20,296.6099853515625
293.95001220703125,301.9100036621094,291.5199890136719,305.989990234375,7902800,2025-10-21,301.9100036621094
293.0199890136719,280.80999755859375,276.6000061035156,297.9599914550781,15129500,2025-10-22,280.80999755859375
285.4700012207031,284.9200134277344,278.0,289.07000732421875,9082100,2025-10-23,284.9200134277344
290.42999267578125,289.0799865722656,286.1099853515625,292.1499938964844,7881700,2025-10-24,289.0799865722656
299.5,295.6300048828125,293.0,299.79998779296875,8135900,2025-10-27,295.6300048828125
295.1400146484375,284.6400146484375,284.25,297.20001220703125,7996800,2025-10-28,284.6400146484375
284.3800048828125,275.3599853515625,274.0,286.17999267578125,10184100,2025-10-29,275.3599853515625
269.989990234375,254.57000732421875,254.0,271.3699951171875,15564200,2025-10-30,254.57000732421875
269.9800109863281,269.510009765625,263.0,276.32000732421875,14071800,2025-10-31,269.510009765625
264.19000244140625,264.6700134277344,259.8500061035156,270.3599853515625,11074600,2025-11-03,264.6700134277344
255.16000366210938,246.99000549316406,245.86000061035156,258.2099914550781,15735100,2025-11-04,246.99000549316406
250.1999969482422,255.0,247.02000427246094,255.36000061035156,9676200,2025-11-05,255.0
252.13999938964844,237.1999969482422,235.02999877929688,252.33999633789062,14468300,2025-11-06,237.1999969482422
222.66000366210938,241.92999267578125,219.67999267578125,243.72999572753906,16976100,2025-11-07,241.92999267578125
249.67999267578125,238.8800048828125,234.60000610351562,249.9600067138672,9527200,2025-11-10,238.8800048828125
236.4600067138672,231.35000610351562,230.5500030517578,239.24000549316406,8340300,2025-11-11,231.35000610351562
233.89999389648438,224.61000061035156,219.8000030517578,234.83999633789062,10800400,2025-11-12,224.61000061035156
223.8000030517578,208.5399932861328,207.02999877929688,226.0,16474500,2025-11-13,208.5399932861328
200.5800018310547,199.75,194.55999755859375,208.83999633789062,23233800,2025-11-14,199.75
197.02999877929688,195.4199981689453,189.52999877929688,204.14999389648438,19545000,2025-11-17,195.4199981689453
196.36000061035156,206.8000030517578,196.0,213.8300018310547,22049500,2025-11-18,206.8000030517578
202.36000061035156,186.5,181.72999572753906,203.9499969482422,28025400,2025-11-19,186.5
192.44000244140625,177.1300048828125,171.47999572753906,193.52999877929688,27684400,2025-11-20,177.1300048828125
172.74000549316406,170.5,166.30999755859375,181.19000244140625,29651300,2025-11-21,170.5
171.6199951171875,179.0399932861328,166.00999450683594,179.83999633789062,23282600,2025-11-24,179.0399932861328
173.7100067138672,172.19000244140625,166.77999877929688,176.75999450683594,19112700,2025-11-25,172.19000244140625
173.69000244140625,175.63999938964844,169.6999969482422,180.6300048828125,20016500,2025-11-26,175.63999938964844
182.99000549316406,177.17999267578125,175.0500030517578,187.2899932861328,15114300,2025-11-28,177.17999267578125
168.25999450683594,171.4199981689453,155.61000061035156,172.17999267578125,42940200,2025-12-01,171.4199981689453
177.75,181.3300018310547,176.88999938964844,188.3699951171875,31285600,2025-12-02,181.3300018310547
183.39999389648438,188.38999938964844,177.82000732421875,190.44000244140625,26686100,2025-12-03,188.38999938964844
186.02000427246094,186.00999450683594,182.35000610351562,191.0,16474400,2025-12-04,186.00999450683594
183.33999633789062,178.99000549316406,176.3000030517578,185.38999938964844,20750700,2025-12-05,178.99000549316406
182.10000610351562,183.69000244140625,178.0,185.58999633789062,16328100,2025-12-08,183.69000244140625
181.49000549316406,188.99000549316406,179.9199981689453,198.39999389648438,24269600,2025-12-09,188.99000549316406
189.32000732421875,184.63999938964844,182.1999969482422,191.07000732421875,22459000,2025-12-10,184.63999938964844
179.7899932861328,183.3000030517578,171.41000366210938,183.5,19542400,2025-12-11,183.3000030517578
182.97000122070312,176.4499969482422,176.22000122070312,185.25,14532100,2025-12-12,176.4499969482422
176.0,162.0800018310547,160.5399932861328,176.5,25393400,2025-12-15,162.0800018310547
164.97000122070312,167.5,161.9499969482422,171.49000549316406,21181000,2025-12-16,167.5
167.75,160.3800048828125,160.30999755859375,171.16000366210938,19144900,2025-12-17,160.3800048828125
167.80999755859375,158.24000549316406,157.42999267578125,169.50999450683594,17534700,2025-12-18,158.24000549316406
163.39999389648438,164.82000732421875,161.6300048828125,167.75,22062400,2025-12-19,164.82000732421875
168.82000732421875,164.32000732421875,163.69000244140625,170.6699981689453,19234500,2025-12-22,164.32000732421875
162.25,157.8800048828125,156.5,162.72999572753906,15891200,2025-12-23,157.8800048828125
157.1999969482422,158.7100067138672,155.10000610351562,159.27999877929688,7097600,2025-12-24,158.7100067138672
159.88999938964844,158.80999755859375,154.1199951171875,159.91000366210938,12298200,2025-12-26,158.80999755859375
157.9499969482422,155.38999938964844,155.32000732421875,162.92999267578125,14073500,2025-12-29,155.38999938964844
155.82000732421875,155.61000061035156,154.1300048828125,159.3800048828125,12740200,2025-12-30,155.61000061035156
156.24000549316406,151.9499969482422,151.4199981689453,156.8000030517578,15918100,2025-12-31,151.9499969482422
154.58999633789062,157.16000366210938,149.75,160.7899932861328,20185600,2026-01-02,157.16000366210938
163.4199981689453,164.72000122070312,160.9600067138672,167.6999969482422,22859000,2026-01-05,164.72000122070312
166.8800048828125,157.97000122070312,154.0500030517578,167.13999938964844,22627800,2026-01-06,157.97000122070312
163.4499969482422,161.8300018310547,158.4499969482422,170.16000366210938,28406900,2026-01-07,161.8300018310547
158.6300048828125,166.97000122070312,156.1699981689453,170.6199951171875,25159400,2026-01-08,166.97000122070312
166.75,157.3300018310547,155.4600067138672,167.1999969482422,27962600,2026-01-09,157.3300018310547
156.27000427246094,162.22999572753906,154.69000244140625,163.82000732421875,16182000,2026-01-12,162.22999572753906
164.4499969482422,172.99000549316406,159.92999267578125,173.75999450683594,27656200,2026-01-13,172.99000549316406
178.63999938964844,179.3300018310547,176.1199951171875,190.1999969482422,40257000,2026-01-14,179.3300018310547
179.1300048828125,170.91000366210938,170.08999633789062,179.25,21486500,2026-01-15,170.91000366210938
171.92999267578125,173.7100067138672,167.58999633789062,173.8800048828125,19462500,2026-01-16,173.7100067138672
165.1699981689453,160.22999572753906,158.85000610351562,165.72000122070312,25666700,2026-01-20,160.22999572753906
161.27000427246094,163.80999755859375,156.00999450683594,165.72000122070312,18440800,2026-01-21,163.80999755859375
163.72999572753906,160.97999572753906,159.44000244140625,164.63999938964844,11116000,2026-01-22,160.97999572753906
160.94000244140625,163.11000061035156,158.72000122070312,168.9600067138672,14879300,2026-01-23,163.11000061035156
159.41000366210938,160.5800018310547,158.6199951171875,163.9199981689453,14516500,2026-01-26,160.5800018310547
160.30999755859375,161.5800018310547,156.97999572753906,161.6699981689453,13962200,2026-01-27,161.5800018310547
164.4499969482422,158.4499969482422,157.0,165.72000122070312,14082600,2026-01-28,158.4499969482422
155.9499969482422,143.19000244140625,139.36000061035156,156.0,34618500,2026-01-29,143.19000244140625
140.0,149.7100067138672,139.89999389648438,151.14999389648438,22768000,2026-01-30,149.7100067138672
139.77000427246094,139.6300048828125,138.0,147.8800048828125,27171500,2026-02-02,139.6300048828125
140.13999938964844,133.25999450683594,126.73999786376953,140.22999572753906,26169000,2026-02-03,133.25999450683594
130.00999450683594,129.08999633789062,121.19000244140625,130.82000732421875,25775600,2026-02-04,129.08999633789062
120.25,106.98999786376953,104.16999816894531,122.0,60129700,2026-02-05,106.98999786376953
114.94999694824219,134.92999267578125,114.68000030517578,135.6699981689453,57771000,2026-02-06,134.92999267578125
127.37000274658203,138.44000244140625,125.12999725341797,139.5800018310547,34291600,2026-02-09,138.44000244140625
133.66000366210938,133.0,132.67999267578125,139.16000366210938,23002100,2026-02-10,133.0
133.69000244140625,126.06999969482422,123.91999816894531,133.91000366210938,25837800,2026-02-11,126.06999969482422
127.56999969482422,123.0,120.63999938964844,128.99000549316406,20960700,2026-02-12,123.0
127.0,133.8800048828125,125.76000213623047,135.25,24573900,2026-02-13,133.8800048828125
129.00999450683594,128.6699981689453,125.91000366210938,132.1199951171875,18881000,2026-02-17,128.6699981689453
127.62999725341797,125.19999694824219,123.62000274658203,132.25,17307700,2026-02-18,125.19999694824219
123.48999786376953,129.4499969482422,121.87000274658203,130.0399932861328,15457200,2026-02-19,129.4499969482422
130.50999450683594,131.0500030517578,129.41000366210938,136.13999938964844,17625400,2026-02-20,131.0500030517578
127.9000015258789,123.70999908447266,122.83000183105469,130.3800048828125,18858900,2026-02-23,123.70999908447266
121.70999908447266,124.61000061035156,118.4000015258789,126.73999786376953,15352700,2026-02-24,124.61000061035156
130.0500030517578,135.64999389648438,128.94000244140625,137.86000061035156,24152100,2026-02-25,135.64999389648438
133.6999969482422,133.39999389648438,128.63999938964844,135.75,18110800,2026-02-26,133.39999389648438
128.9499969482422,129.5,127.86000061035156,131.1199951171875,14027700,2026-02-27,129.5
129.13999938964844,137.64999389648438,128.94000244140625,140.13999938964844,25456100,2026-03-02,137.64999389648438
133.33999633789062,132.67999267578125,127.80000305175781,136.4600067138672,19405900,2026-03-03,132.67999267578125
143.8300018310547,146.44000244140625,142.19000244140625,149.5399932861328,37382600,2026-03-04,146.44000244140625
145.0399932861328,139.80999755859375,137.2100067138672,146.44000244140625,21286000,2026-03-05,139.80999755859375
134.89999389648438,133.52999877929688,131.77000427246094,136.36000061035156,19538800,2026-03-06,133.52999877929688
136.0,138.9499969482422,135.3000030517578,140.19000244140625,20433000,2026-03-09,138.9499969482422
141.92999267578125,138.4600067138672,133.94000244140625,142.4600067138672,18325000,2026-03-10,138.4600067138672
139.80999755859375,138.3300018310547,135.13999938964844,142.6699981689453,15637600,2026-03-11,138.3300018310547
137.16000366210938,137.33999633789062,133.3800048828125,138.8000030517578,15229400,2026-03-12,137.33999633789062
143.86000061035156,139.6699981689453,138.44000244140625,147.25999450683594,23685400,2026-03-13,139.6699981689453
145.35000610351562,147.52000427246094,143.30999755859375,148.24000549316406,22933200,2026-03-16,147.52000427246094
145.97000122070312,150.27999877929688,145.22999572753906,152.27000427246094,18448500,2026-03-17,150.27999877929688
144.99000549316406,140.55999755859375,140.35000610351562,146.75999450683594,21314100,2026-03-18,140.55999755859375
135.02000427246094,138.24000549316406,132.75999450683594,139.77999877929688,19227700,2026-03-19,138.24000549316406
139.47000122070312,135.66000366210938,134.1300048828125,139.69000244140625,28568300,2026-03-20,135.66000366210938
138.61000061035156,138.1999969482422,133.97000122070312,139.92999267578125,21633700,2026-03-23,138.1999969482422
138.72999572753906,136.25,134.27999877929688,140.0500030517578,19098500,2026-03-24,136.25
140.39999389648438,139.1300048828125,136.8000030517578,143.85000610351562,18708000,2026-03-25,139.1300048828125
136.5500030517578,132.92999267578125,132.69000244140625,139.0800018310547,15285500,2026-03-26,132.92999267578125
129.8800048828125,126.02999877929688,123.9800033569336,130.64999389648438,21475100,2026-03-27,126.02999877929688
129.5500030517578,121.44000244140625,120.80000305175781,130.33999633789062,15800400,2026-03-30,121.44000244140625
123.16000366210938,124.80000305175781,117.75,125.30000305175781,21290300,2026-03-31,124.80000305175781
126.18000030517578,122.77999877929688,121.44000244140625,126.30000305175781,15378300,2026-04-01,122.77999877929688
119.80000305175781,119.83000183105469,116.4000015258789,122.6500015258789,17609700,2026-04-02,119.83000183105469
124.56999969482422,127.69000244140625,123.19999694824219,128.4600067138672,18435900,2026-04-06,127.69000244140625
125.31999969482422,123.72000122070312,121.13999938964844,126.73999786376953,14284200,2026-04-07,123.72000122070312
133.6699981689453,128.3000030517578,126.12999725341797,134.5,17149200,2026-04-08,128.3000030517578
127.83000183105469,128.86000061035156,125.80000305175781,132.2100067138672,14497400,2026-04-09,128.86000061035156
130.0500030517578,128.63999938964844,127.4000015258789,132.27999877929688,13097500,2026-04-10,128.63999938964844
126.6500015258789,132.36000061035156,125.04000091552734,132.49000549316406,12804700,2026-04-13,132.36000061035156
137.92999267578125,137.41000366210938,136.32000732421875,143.6999969482422,20643200,2026-04-14,137.41000366210938
139.75,143.5399932861328,135.49000549316406,143.75,13941700,2026-04-15,143.5399932861328
143.2100067138672,148.94000244140625,139.3300018310547,149.16000366210938,17638000,2026-04-16,148.94000244140625
154.6300048828125,166.52000427246094,153.77000427246094,173.14999389648438,52173700,2026-04-17,166.52000427246094
162.3000030517578,170.80999755859375,160.63999938964844,171.05999755859375,22173500,2026-04-20,170.80999755859375
170.61000061035156,163.97000122070312,163.75,172.89999389648438,22153500,2026-04-21,163.97000122070312
174.92999267578125,179.36000061035156,174.0,183.25,31893900,2026-04-22,179.36000061035156
175.8800048828125,172.47000122070312,171.5399932861328,180.9199981689453,19559000,2026-04-23,172.47000122070312
176.8800048828125,171.02000427246094,169.00999450683594,177.27999877929688,14119400,2026-04-24,171.02000427246094
170.9199981689453,169.1999969482422,167.61000061035156,175.75,13295400,2026-04-27,169.1999969482422
163.8699951171875,165.7100067138672,159.67999267578125,166.83999633789062,13858700,2026-04-28,165.7100067138672
165.7100067138672,158.19000244140625,156.11000061035156,165.74000549316406,15146200,2026-04-29,158.19000244140625
161.77000427246094,165.4499969482422,159.0,166.83999633789062,12437800,2026-04-30,165.4499969482422
170.8000030517578,177.1699981689453,169.42999267578125,180.3800048828125,21661200,2026-05-01,177.1699981689453
180.89999389648438,183.8000030517578,178.49000549316406,186.00999450683594,18210200,2026-05-04,183.8000030517578
189.5500030517578,186.89999389648438,183.72000122070312,190.41000366210938,15512800,2026-05-05,186.89999389648438
184.57000732421875,186.82000732421875,178.94000244140625,188.25999450683594,14338600,2026-05-06,186.82000732421875
184.41000366210938,179.83999633789062,175.72000122070312,184.41000366210938,15918100,2026-05-07,179.83999633789062
178.67999267578125,187.58999633789062,177.60000610351562,187.77000427246094,15985200,2026-05-08,187.58999633789062
189.1999969482422,195.94000244140625,182.30999755859375,197.0,16063000,2026-05-11,195.94000244140625
191.3300018310547,184.4199981689453,179.85000610351562,192.24000549316406,14738500,2026-05-12,184.4199981689453
182.02999877929688,178.02999877929688,175.57000732421875,182.47999572753906,12480700,2026-05-13,178.02999877929688
177.85000610351562,186.97000122070312,174.63999938964844,193.0,15859400,2026-05-14,186.97000122070312
182.11000061035156,177.4199981689453,173.61000061035156,182.22999572753906,19654300,2026-05-15,177.4199981689453
169.17999267578125,166.6300048828125,162.02000427246094,169.17999267578125,19299700,2026-05-18,166.6300048828125
163.99000549316406,164.6300048828125,163.5,168.49000549316406,10002000,2026-05-19,164.6300048828125
166.0,165.80999755859375,163.25999450683594,169.22999572753906,9825300,2026-05-20,165.80999755859375
164.27999877929688,164.85000610351562,160.57000732421875,168.7100067138672,10526900,2026-05-21,164.85000610351562
164.08999633789062,159.88999938964844,159.24000549316406,165.66000366210938,12786800,2026-05-22,159.88999938964844
160.8300018310547,159.92999267578125,159.27999877929688,167.0,11819500,2026-05-26,159.92999267578125
156.75999450683594,154.1999969482422,153.82000732421875,157.5500030517578,11885100,2026-05-27,154.1999969482422
148.97999572753906,151.63999938964844,144.3000030517578,153.63999938964844,16275000,2026-05-28,151.63999938964844
149.92999267578125,159.08999633789062,148.1999969482422,162.05999755859375,19225600,2026-05-29,159.08999633789062
148.47000122070312,149.77999877929688,144.2899932861328,153.8699951171875,17780300,2026-06-01,149.77999877929688
142.69000244140625,136.0800018310547,134.11000061035156,142.8000030517578,31130800,2026-06-02,136.0800018310547
134.5,126.55000305175781,125.0,138.17999267578125,21141800,2026-06-03,126.55000305175781
126.75,129.3699951171875,125.6500015258789,131.47000122070312,24590400,2026-06-04,129.3699951171875
124.25,120.44000244140625,114.30999755859375,125.30000305175781,41943500,2026-06-05,120.44000244140625
125.83999633789062,127.19999694824219,123.1500015258789,129.0,20952000,2026-06-08,127.19999694824219
122.8499984741211,117.0199966430664,114.20999908447266,125.55000305175781,23055700,2026-06-09,117.0199966430664
116.30000305175781,115.3499984741211,115.0,120.94000244140625,15690800,2026-06-10,115.3499984741211
116.11000061035156,120.1500015258789,113.2699966430664,121.0999984741211,17574200,2026-06-11,120.1500015258789
119.48999786376953,123.97000122070312,117.2699966430664,128.60000610351562,16772200,2026-06-12,123.97000122070312
133.22000122070312,131.13999938964844,130.6300048828125,136.25,19982400,2026-06-15,131.13999938964844
129.3800048828125,122.80999755859375,122.5,131.6999969482422,17795600,2026-06-16,122.80999755859375
123.01000213623047,116.55999755859375,116.36000061035156,125.41999816894531,18052900,2026-06-17,116.55999755859375
117.63999938964844,112.52999877929688,107.8499984741211,117.75,35530700,2026-06-18,112.52999877929688
116.20999908447266,109.45999908447266,107.30999755859375,120.0,25287400,2026-06-22,109.45999908447266
106.54000091552734,103.83999633789062,103.5199966430664,107.76000213623047,22502900,2026-06-23,103.83999633789062
102.4800033569336,94.12999725341797,92.27999877929688,102.97000122070312,40121100,2026-06-24,94.12999725341797
94.69000244140625,85.33000183105469,85.0,94.72000122070312,45066500,2026-06-25,85.33000183105469
83.2300033569336,82.30999755859375,81.80999755859375,87.66999816894531,45680000,2026-06-26,82.30999755859375
85.66999816894531,92.68000030517578,82.72000122070312,94.37000274658203,44931500,2026-06-29,92.68000030517578
86.20999908447266,86.93000030517578,83.41999816894531,88.26000213623047,35676600,2026-06-30,86.93000030517578
87.69999694824219,93.38999938964844,86.19999694824219,98.52999877929688,34687100,2026-07-01,93.38999938964844
99.8499984741211,100.7699966430664,97.56999969482422,104.11000061035156,34625800,2026-07-02,100.7699966430664
95.13999938964844,100.7699966430664,94.62999725341797,104.77999877929688,27536200,2026-07-06,100.7699966430664
101.18000030517578,97.36000061035156,96.95999908447266,103.55999755859375,18218000,2026-07-07,97.36000061035156
93.68000030517578,93.87000274658203,91.77999877929688,95.04000091552734,17801100,2026-07-08,93.87000274658203
94.05999755859375,93.88999938964844,92.83000183105469,96.80000305175781,13822800,2026-07-09,93.88999938964844
98.76000213623047,94.63999938964844,93.3499984741211,100.12000274658203,16284500,2026-07-10,94.63999938964844
91.48999786376953,92.0999984741211,90.0199966430664,93.63999938964844,12682300,2026-07-13,92.0999984741211
94.76000213623047,97.58000183105469,93.55999755859375,98.02999877929688,18043700,2026-07-14,97.58000183105469
99.79000091552734,97.47000122070312,96.36000061035156,101.94999694824219,14584900,2026-07-15,97.47000122070312
96.0,94.02999877929688,93.44999694824219,96.61000061035156,11365100,2026-07-16,94.02999877929688
91.30000305175781,94.8499984741211,90.05999755859375,95.97000122070312,13064500,2026-07-17,94.8499984741211
95.62000274658203,97.81999969482422,94.86000061035156,100.91999816894531,16170500,2026-07-20,97.81999969482422
101.30999755859375,101.94999694824219,99.94999694824219,104.5999984741211,20223500,2026-07-21,101.94999694824219
100.05999755859375,100.01000213623047,98.12000274658203,101.94999694824219,13066300,2026-07-22,100.01000213623047
97.0,93.62999725341797,92.33999633789062,97.51000213623047,17186400,2026-07-23,93.62999725341797
93.37000274658203,91.66999816894531,89.76000213623047,93.68000030517578,13088100,2026-07-24,91.66999816894531
94.54000091552734,98.6500015258789,94.0199966430664,99.16000366210938,17633500,2026-07-27,98.6500015258789
95.47000122070312,96.16000366210938,93.12000274658203,98.37000274658203,13353300,2026-07-28,96.16000366210938
96.37999725341797,93.33000183105469,93.2699966430664,100.05000305175781,14243200,2026-07-29,93.33000183105469
95.08999633789062,97.73999786376953,94.33000183105469,98.22000122070312,13472200,2026-07-30,97.73999786376953
94.86000061035156,93.27999877929688,89.20999908447266,95.19999694824219,20678300,2026-07-31,93.27999877929688
92.01000213623047,94.86000061035156,90.93000030517578,96.05999755859375,13894600,2026-08-03,94.86000061035156
93.91000366210938,97.6500015258789,93.4000015258789,97.9800033569336,15220800,2026-08-04,97.6500015258789
97.91999816894531,98.37000274658203,96.12000274658203,99.2300033569336,13695600,2026-08-05,98.37000274658203
96.05999755859375,96.8499984741211,95.44000244140625,98.37999725341797,10128700,2026-08-06,96.8499984741211
101.33999633789062,100.01000213623047,96.7699966430664,105.5,29002700,2026-08-07,100.01000213623047
99.45999908447266,97.33000183105469,96.23999786376953,100.7699966430664,13560300,2026-08-10,97.33000183105469
97.4000015258789,96.08999633789062,95.13999938964844,99.26000213623047,12159900,2026-08-11,96.08999633789062
97.16000366210938,94.83000183105469,94.5999984741211,97.88999938964844,11468100,2026-08-12,94.83000183105469
94.83000183105469,97.0999984741211,94.27999877929688,98.87999725341797,18336800,2026-08-13,97.0999984741211
94.9800033569336,93.04000091552734,91.66999816894531,95.08000183105469,20678800,2026-08-14,93.04000091552734
93.25,97.68000030517578,93.08000183105469,98.56999969482422,20353400,2026-08-17,97.68000030517578
95.83999633789062,92.5199966430664,92.44999694824219,97.66000366210938,16911000,2026-08-18,92.5199966430664
94.54000091552734,104.25,94.30000305175781,106.9000015258789,49175200,2026-08-19,104.25
113.2300033569336,112.38999938964844,108.3499984741211,113.73999786376953,47249100,2026-08-20,112.38999938964844
119.69000244140625,119.25,115.80000305175781,121.91000366210938,46364300,2026-08-21,119.25
121.83999633789062,122.62999725341797,119.37999725341797,127.9000015258789,41298800,2026-08-24,122.62999725341797
119.11000061035156,126.83000183105469,118.44999694824219,128.66000366210938,31722400,2026-08-25,126.83000183105469
123.26000213623047,123.19000244140625,120.87000274658203,125.54000091552734,17032300,2026-08-26,123.19000244140625
126.7699966430664,137.39999389648438,124.47000122070312,139.77999877929688,44380800,2026-08-27,137.39999389648438
134.0,127.30999755859375,126.33999633789062,135.97000122070312,31279400,2026-08-28,127.30999755859375
128.57000732421875,132.94000244140625,125.73999786376953,133.3800048828125,24230500,2026-08-31,132.94000244140625
128.02999877929688,124.87999725341797,123.58999633789062,129.89999389648438,22289000,2026-09-01,124.87999725341797
123.3499984741211,123.19000244140625,121.37999725341797,124.66000366210938,14852200,2026-09-02,123.19000244140625
127.98999786376953,144.82000732421875,127.58000183105469,144.9199981689453,45245400,2026-09-03,144.82000732421875
137.35000610351562,142.8000030517578,137.07000732421875,144.39999389648438,27162700,2026-09-04,142.8000030517578
137.6199951171875,136.52000427246094,135.3800048828125,139.30999755859375,19904000,2026-09-08,136.52000427246094
141.82000732421875,132.6999969482422,132.58999633789062,141.97999572753906,17359700,2026-09-09,132.6999969482422
128.44000244140625,128.55999755859375,126.91000366210938,131.8800048828125,14529500,2026-09-10,128.55999755859375
130.6699981689453,130.97000122070312,129.27999877929688,137.88999938964844,19473000,2026-09-11,130.97000122070312
130.89999389648438,136.94000244140625,130.72999572753906,137.50999450683594,18712900,2026-09-14,136.94000244140625
131.67999267578125,129.60000610351562,125.44000244140625,134.0,23136900,2026-09-15,129.60000610351562
130.02000427246094,126.18000030517578,123.33000183105469,130.4199981689453,22226100,2026-09-16,126.18000030517578
129.89999389648438,132.25,127.79000091552734,133.4199981689453,18591700,2026-09-17,132.25
136.5800018310547,153.9199981689453,136.17999267578125,154.02000427246094,54674100,2026-09-18,153.9199981689453
164.5800018310547,168.5,164.49000549316406,169.52000427246094,41898400,2026-09-21,168.5
167.5500030517578,167.3300018310547,167.25,171.19000244140625,23855700,2026-09-22,167.3300018310547
167.22999572753906,162.1999969482422,161.83999633789062,169.5,21238100,2026-09-23,162.1999969482422
161.00999450683594,161.61000061035156,158.2899932861328,165.13999938964844,16938200,2026-09-24,161.61000061035156
162.83999633789062,158.61000061035156,156.77999877929688,162.86000061035156,18529100,2026-09-25,158.61000061035156
157.75999450683594,157.13999938964844,155.05999755859375,161.72000122070312,16368800,2026-09-28,157.13999938964844
161.6300048828125,154.6699981689453,152.33999633789062,161.6300048828125,16376400,2026-09-29,154.6699981689453
160.88999938964844,153.08999633789062,152.02000427246094,163.52999877929688,17559300,2026-09-30,153.08999633789062
153.8300018310547,160.5,152.6300048828125,161.5800018310547,19345200,2026-10-01,160.5
165.88999938964844,160.00999450683594,155.88999938964844,170.1699981689453,27457400,2026-10-02,160.00999450683594
164.67999267578125,164.42999267578125,160.1199951171875,166.1999969482422,18216500,2026-10-05,164.42999267578125
165.82000732421875,164.5500030517578,163.17999267578125,168.72999572753906,17497200,2026-10-06,164.5500030517578
157.6999969482422,153.3699951171875,152.52999877929688,158.66000366210938,21670900,2026-10-07,153.3699951171875
150.33999633789062,151.47000122070312,147.3699951171875,153.6300048828125,23703500,2026-10-08,151.47000122070312
154.3699951171875,154.33999633789062,150.5,158.11000061035156,15900661,2026-10-09,154.33999633789062
