low,open,high,close,volume,date,adjclose
487.95001220703125,489.0,493.7300109863281,493.1499938964844,24995000,2024-10-09,488.2088623046875
489.5299987792969,490.8500061035156,494.4700012207031,492.5899963378906,25750400,2024-10-10,487.654541015625
490.1700134277344,490.739990234375,494.3900146484375,493.3599853515625,20644500,2024-10-11,488.41680908203125
495.260009765625,495.7699890136719,498.8299865722656,497.5,26060100,2024-10-14,492.5153503417969
488.67999267578125,497.8299865722656,498.5,490.8500061035156,34784500,2024-10-15,485.9319763183594
487.57000732421875,491.17999267578125,491.69000244140625,490.9100036621094,22996800,2024-10-16,485.99139404296875
491.19000244140625,496.44000244140625,496.489990234375,491.25,27210700,2024-10-17,486.3279724121094
493.29998779296875,494.05999755859375,495.57000732421875,494.4700012207031,25335000,2024-10-18,489.5157165527344
491.30999755859375,493.25,496.2300109863281,495.4200134277344,30336500,2024-10-21,490.4561767578125
491.9700012207031,492.7300109863281,497.45001220703125,495.9599914550781,26685800,2024-10-22,490.9907531738281
485.04998779296875,493.5899963378906,494.25,488.3599853515625,39346600,2024-10-23,483.4668884277344
489.44000244140625,492.1099853515625,493.0,492.32000732421875,22024900,2024-10-24,487.3872375488281
494.42999267578125,495.1400146484375,500.2799987792969,495.32000732421875,38762100,2024-10-25,490.3572082519531
495.1000061035156,498.4599914550781,498.5199890136719,495.3999938964844,20477800,2024-10-28,490.4364013671875
493.8500061035156,495.7200012207031,501.3500061035156,500.1600036621094,28014100,2024-10-29,495.1487121582031
495.8900146484375,499.3900146484375,500.3500061035156,496.3800048828125,29756000,2024-10-30,491.40655517578125
483.75,492.3800048828125,492.42999267578125,483.8500061035156,41245200,2024-10-31,479.0021057128906
485.20001220703125,485.5,490.75,487.42999267578125,33655800,2024-11-01,482.54620361328125
484.25,486.82000732421875,489.3800048828125,486.010009765625,23291600,2024-11-04,481.1404724121094
487.5199890136719,487.6099853515625,492.8800048828125,492.2099914550781,24353600,2024-11-05,487.27838134765625
499.6000061035156,500.55999755859375,506.4100036621094,505.5799865722656,43082200,2024-11-06,500.514404296875
508.3399963378906,508.3999938964844,514.3300170898438,513.5399780273438,32853100,2024-11-07,508.39459228515625
512.4099731445312,513.0399780273438,514.9199829101562,514.1400146484375,22924500,2024-11-08,508.9886779785156
510.9200134277344,515.3699951171875,515.5800170898438,513.8400268554688,24167500,2024-11-11,508.691650390625
509.8299865722656,513.77001953125,514.6599731445312,512.9099731445312,25835300,2024-11-12,507.7708740234375
509.95001220703125,512.4000244140625,514.97998046875,512.25,24567400,2024-11-13,507.1175537109375
507.7699890136719,511.9100036621094,512.7899780273438,508.69000244140625,28679500,2024-11-14,503.59326171875
494.489990234375,502.94000244140625,503.3299865722656,496.57000732421875,51461100,2024-11-15,491.59466552734375
496.7300109863281,498.1300048828125,502.1400146484375,500.0199890136719,27080800,2024-11-18,495.0101013183594
497.0799865722656,497.4200134277344,503.95001220703125,503.4599914550781,24523000,2024-11-19,498.4156188964844
496.55999755859375,503.1600036621094,503.4800109863281,503.1700134277344,29565500,2024-11-20,498.1285095214844
497.55999755859375,506.239990234375,506.9599914550781,504.9800109863281,34526700,2024-11-21,499.9203796386719
502.7799987792969,504.4200134277344,506.5299987792969,505.7900085449219,23826600,2024-11-22,500.7222900390625
504.260009765625,509.8999938964844,511.45001220703125,506.5899963378906,26375200,2024-11-25,501.5142517089844
507.2300109863281,508.0799865722656,510.1400146484375,509.30999755859375,26557100,2024-11-26,504.2070007324219
501.92999267578125,508.1700134277344,508.239990234375,505.29998779296875,24957400,2024-11-27,500.2371826171875
505.30999755859375,505.92999267578125,510.3399963378906,509.739990234375,15334000,2024-11-29,504.6326599121094
510.6199951171875,511.010009765625,516.260009765625,515.2899780273438,25147200,2024-12-02,510.1270446777344
513.3699951171875,513.9500122070312,517.1500244140625,516.8699951171875,18597900,2024-12-03,511.69122314453125
519.5999755859375,520.3200073242188,523.52001953125,523.260009765625,26086200,2024-12-04,518.0171508789062
521.4199829101562,523.3099975585938,524.0399780273438,521.8099975585938,18169600,2024-12-05,516.581787109375
522.3499755859375,522.47998046875,526.719970703125,526.47998046875,23762600,2024-12-06,521.2049560546875
521.219970703125,525.5499877929688,526.3499755859375,522.3800048828125,20674400,2024-12-09,517.1460571289062
519.1599731445312,523.6199951171875,525.3800048828125,520.5999755859375,24350000,2024-12-10,515.3838500976562
524.5900268554688,525.0,530.6099853515625,529.9199829101562,32168600,2024-12-11,524.6104736328125
526.02001953125,527.6799926757812,528.9600219726562,526.5,23577500,2024-12-12,521.2247924804688
527.2999877929688,530.4600219726562,533.1699829101562,530.530029296875,28780400,2024-12-13,525.21435546875
533.0,533.0800170898438,539.1500244140625,538.1699829101562,31979900,2024-12-16,532.77783203125
534.1300048828125,536.3599853515625,537.47998046875,535.7999877929688,28579100,2024-12-17,530.4315795898438
515.010009765625,535.1500244140625,536.8800048828125,516.469970703125,54703200,2024-12-18,511.2953186035156
513.8300170898438,521.1900024414062,521.760009765625,514.1699829101562,46441800,2024-12-19,509.01837158203125
509.2900085449219,510.44000244140625,524.8200073242188,518.6599731445312,60530000,2024-12-20,513.4632568359375
516.1300048828125,519.5499877929688,523.25,522.8699951171875,29672800,2024-12-23,518.4658813476562
524.1900024414062,524.8300170898438,530.0499877929688,529.9600219726562,17558200,2024-12-24,525.4961547851562
526.3099975585938,528.3200073242188,531.239990234375,529.5999755859375,19090500,2024-12-26,525.1392211914062
517.8599853515625,526.010009765625,526.4500122070312,522.5599975585938,33839600,2024-12-27,518.1585083007812
511.8299865722656,515.510009765625,519.3599853515625,515.6099853515625,34584000,2024-12-30,511.2669372558594
510.260009765625,516.9000244140625,517.6599731445312,511.2300109863281,29117000,2024-12-31,506.92388916015625
505.7099914550781,514.2999877929688,516.6400146484375,510.2300109863281,36389800,2025-01-02,505.93231201171875
512.530029296875,513.3499755859375,519.6500244140625,518.5800170898438,29059500,2025-01-03,514.2119750976562
522.030029296875,524.02001953125,527.9199829101562,524.5399780273438,36109700,2025-01-06,520.1217041015625
513.280029296875,525.5900268554688,525.989990234375,515.1799926757812,36690300,2025-01-07,510.840576171875
510.57000732421875,515.0800170898438,516.9199829101562,515.27001953125,30777800,2025-01-08,510.92987060546875
503.9200134277344,511.4800109863281,511.5799865722656,507.19000244140625,40532500,2025-01-10,502.91790771484375
499.70001220703125,501.20001220703125,506.0199890136719,505.55999755859375,31694200,2025-01-13,501.3016662597656
501.5899963378906,508.739990234375,510.1600036621094,505.0799865722656,33737200,2025-01-14,500.8256530761719
511.4599914550781,513.030029296875,517.8499755859375,516.7000122070312,34957600,2025-01-15,512.3478393554688
512.9500122070312,518.97998046875,519.0599975585938,513.0800170898438,28229000,2025-01-16,508.75830078125
513.1099853515625,522.8499755859375,524.0700073242188,521.739990234375,51837900,2025-01-17,517.3453369140625
520.0599975585938,524.47998046875,525.969970703125,524.7999877929688,23628000,2025-01-21,520.379638671875
529.260009765625,529.5700073242188,533.8200073242188,531.510009765625,33593000,2025-01-22,527.0330810546875
528.4500122070312,529.0399780273438,532.760009765625,532.6400146484375,23096600,2025-01-23,528.1536254882812
528.1500244140625,533.02001953125,533.7899780273438,529.6300048828125,19878300,2025-01-24,525.1688232421875
510.1499938964844,511.0,517.989990234375,514.2100219726562,60771700,2025-01-27,509.8787536621094
511.7799987792969,515.219970703125,523.0,521.8099975585938,33194200,2025-01-28,517.4147338867188
516.9000244140625,522.4600219726562,522.5900268554688,520.8300170898438,26649000,2025-01-29,516.4430541992188
518.2100219726562,523.7100219726562,526.0999755859375,523.0499877929688,27431300,2025-01-30,518.6442260742188
521.1900024414062,526.9199829101562,531.52001953125,522.2899780273438,38755200,2025-01-31,517.8907470703125
511.04998779296875,513.469970703125,520.8499755859375,518.1099853515625,40580800,2025-02-03,513.745849609375
518.22998046875,518.6300048828125,525.1099853515625,524.469970703125,26046800,2025-02-04,520.0523681640625
520.6199951171875,521.8200073242188,527.010009765625,526.8499755859375,21134100,2025-02-05,522.4122924804688
525.739990234375,527.3599853515625,529.8099975585938,529.5999755859375,19434500,2025-02-06,525.1392211914062
522.1900024414062,530.1400146484375,532.0999755859375,522.9199829101562,29605500,2025-02-07,518.515380859375
526.75,527.219970703125,530.3599853515625,529.25,20852800,2025-02-10,524.7920532226562
525.8300170898438,525.9600219726562,529.9199829101562,527.989990234375,19325500,2025-02-11,523.542724609375
521.9500122070312,522.2999877929688,529.1900024414062,528.2999877929688,25009400,2025-02-12,523.8500366210938
529.1900024414062,529.97998046875,536.219970703125,535.9000244140625,28714800,2025-02-13,531.3861083984375
535.6699829101562,536.010009765625,538.8400268554688,538.1500244140625,17862600,2025-02-14,533.6171875
536.0399780273438,539.72998046875,540.0,539.3699951171875,20565000,2025-02-18,534.8267822265625
536.4600219726562,538.5700073242188,540.8099975585938,539.52001953125,19666900,2025-02-19,534.9755859375
532.4600219726562,538.72998046875,539.0999755859375,537.22998046875,26550800,2025-02-20,532.704833984375
525.7100219726562,538.3800048828125,538.4000244140625,526.0800170898438,47093800,2025-02-21,521.6487426757812
519.530029296875,527.8800048828125,529.0700073242188,519.8699951171875,39268400,2025-02-24,515.4911499023438
509.44000244140625,519.239990234375,519.3200073242188,513.3200073242188,48940000,2025-02-25,508.9962463378906
511.3699951171875,515.530029296875,519.6599731445312,514.5599975585938,34457600,2025-02-26,510.22589111328125
500.04998779296875,518.1300048828125,519.0700073242188,500.2699890136719,52448000,2025-02-27,496.0561828613281
496.92999267578125,500.1300048828125,508.7799987792969,508.1700134277344,47654000,2025-02-28,503.8896789550781
493.5799865722656,511.5199890136719,513.0399780273438,497.04998779296875,44587200,2025-03-03,492.86328125
487.739990234375,494.17999267578125,503.739990234375,495.54998779296875,67875400,2025-03-04,491.3759460449219
491.260009765625,496.20001220703125,503.6300048828125,502.010009765625,46323700,2025-03-05,497.7815246582031
486.20001220703125,493.69000244140625,498.5799865722656,488.20001220703125,57574300,2025-03-06,484.0879211425781
480.5299987792969,487.1600036621094,493.2799987792969,491.7900085449219,54714700,2025-03-07,487.6475830078125
468.6600036621094,483.45001220703125,483.9700012207031,472.7300109863281,76668000,2025-03-10,468.74822998046875
467.010009765625,472.3500061035156,478.80999755859375,471.6000061035156,68760800,2025-03-11,467.627685546875
471.7900085449219,479.1600036621094,481.05999755859375,476.9200134277344,46971100,2025-03-12,472.90289306640625
466.42999267578125,476.25,476.2799987792969,468.3399963378906,46563300,2025-03-13,464.3951416015625
473.1199951171875,473.7300109863281,480.55999755859375,479.6600036621094,43563000,2025-03-14,475.6197814941406
477.79998779296875,479.6099853515625,485.8399963378906,482.7699890136719,41744400,2025-03-17,478.7035827636719
472.4100036621094,479.4100036621094,479.6099853515625,474.5400085449219,39072300,2025-03-18,470.54290771484375
474.8699951171875,476.80999755859375,485.3299865722656,480.8900146484375,40430300,2025-03-19,476.83941650390625
476.17999267578125,476.8800048828125,484.54998779296875,479.260009765625,36780500,2025-03-20,475.2231750488281
472.9100036621094,474.0799865722656,481.6099853515625,480.8399963378906,42234900,2025-03-21,476.78985595703125
484.3999938964844,487.739990234375,491.510009765625,490.6600036621094,34567200,2025-03-24,487.25274658203125
490.4200134277344,491.3900146484375,493.6199951171875,493.4599914550781,26035200,2025-03-25,490.03326416015625
482.82000732421875,492.29998779296875,493.1600036621094,484.3800048828125,34627100,2025-03-26,481.01629638671875
480.25,482.4100036621094,486.5799865722656,481.6199951171875,33469800,2025-03-27,478.27545166015625
468.04998779296875,479.80999755859375,480.5199890136719,468.94000244140625,46363800,2025-03-28,465.68353271484375
457.3299865722656,461.9200134277344,469.8599853515625,468.9200134277344,53000300,2025-03-31,465.6636657714844
464.4200134277344,467.29998779296875,473.6300048828125,472.70001220703125,41156200,2025-04-01,469.41741943359375
465.8599853515625,466.1199951171875,479.55999755859375,476.1499938964844,49894500,2025-04-02,472.84344482421875
450.1400146484375,456.44000244140625,460.07000732421875,450.6600036621094,70456300,2025-04-03,447.53045654296875
422.6700134277344,438.1400146484375,440.3699951171875,422.6700134277344,117088400,2025-04-04,419.73486328125
402.3900146484375,408.6600036621094,443.1400146484375,423.69000244140625,161557000,2025-04-07,420.74774169921875
409.7900085449219,438.1600036621094,443.1400146484375,416.05999755859375,101248100,2025-04-08,413.1706848144531
415.42999267578125,415.57000732421875,467.8299865722656,466.0,142876900,2025-04-09,462.7639465332031
432.6300048828125,453.55999755859375,455.5899963378906,446.17999267578125,108384100,2025-04-10,443.0815734863281
441.3299865722656,444.6499938964844,455.7900085449219,454.3999938964844,52483800,2025-04-11,451.2445068359375
452.6300048828125,464.4599914550781,465.04998779296875,457.4800109863281,43941200,2025-04-14,454.3031005859375
456.1499938964844,458.5400085449219,462.3800048828125,457.989990234375,35404200,2025-04-15,454.8095397949219
437.760009765625,449.0299987792969,452.6199951171875,444.17999267578125,48980600,2025-04-16,441.095458984375
441.3599853515625,447.1700134277344,447.75,444.1000061035156,44837000,2025-04-17,441.0160217285156
427.92999267578125,438.2300109863281,439.0799865722656,433.1099853515625,44149300,2025-04-21,430.102294921875
437.6199951171875,438.82000732421875,447.5799865722656,444.4800109863281,52304400,2025-04-22,441.3934326171875
452.8800048828125,458.1700134277344,463.3800048828125,454.55999755859375,55801100,2025-04-23,451.40338134765625
455.8299865722656,456.4800109863281,467.6600036621094,467.3500061035156,45956100,2025-04-24,464.10455322265625
465.3900146484375,466.9700012207031,473.0899963378906,472.55999755859375,38697100,2025-04-25,469.2784118652344
466.0299987792969,473.0299987792969,474.80999755859375,472.4100036621094,33550800,2025-04-28,469.1294250488281
469.5899963378906,470.1700134277344,476.4200134277344,475.5299987792969,30613100,2025-04-29,472.2277526855469
462.42999267578125,467.1300048828125,477.20001220703125,475.4700012207031,46810600,2025-04-30,472.1681213378906
480.739990234375,483.4100036621094,487.17999267578125,481.67999267578125,43316500,2025-05-01,478.3349914550781
484.8299865722656,486.5400085449219,490.9100036621094,488.8299865722656,39218100,2025-05-02,485.4353942871094
484.1000061035156,484.6000061035156,489.0299987792969,485.92999267578125,28309500,2025-05-05,482.5555114746094
478.19000244140625,479.55999755859375,485.04998779296875,481.4100036621094,32786300,2025-05-06,478.0669250488281
476.7799987792969,482.0799865722656,485.79998779296875,483.29998779296875,38006300,2025-05-07,479.9437561035156
484.1700134277344,488.5299987792969,492.70001220703125,488.2900085449219,39577600,2025-05-08,484.8991394042969
486.20001220703125,490.2099914550781,491.5400085449219,487.9700012207031,27767400,2025-05-09,484.5813293457031
501.4800109863281,506.989990234375,507.8900146484375,507.8500061035156,45090600,2025-05-12,504.3233337402344
508.4200134277344,509.1600036621094,517.3900146484375,515.5900268554688,53269600,2025-05-13,512.0096435546875
515.75,516.77001953125,519.22998046875,518.6799926757812,47014500,2025-05-14,515.0780029296875
515.1699829101562,516.52001953125,521.9299926757812,519.25,50153300,2025-05-15,515.6442260742188
517.0999755859375,520.6599731445312,521.7000122070312,521.510009765625,48394600,2025-05-16,517.8884887695312
514.239990234375,514.239990234375,522.530029296875,522.010009765625,52536200,2025-05-19,518.385009765625
516.6599731445312,519.469970703125,520.9299926757812,520.27001953125,42517600,2025-05-20,516.6571044921875
511.239990234375,516.27001953125,523.0,513.0399780273438,71292800,2025-05-21,509.47723388671875
512.2999877929688,513.6599731445312,517.7100219726562,514.0,55607200,2025-05-22,510.43060302734375
505.5799865722656,506.17999267578125,511.8399963378906,509.239990234375,58368100,2025-05-23,505.70367431640625
514.5900268554688,516.1500244140625,521.7100219726562,521.219970703125,47226300,2025-05-27,517.6004028320312
518.3900146484375,522.1799926757812,523.6799926757812,518.9099731445312,46637200,2025-05-28,515.3064575195312
517.3200073242188,526.3300170898438,526.47998046875,519.9299926757812,58513300,2025-05-29,516.3194580078125
511.92999267578125,519.4400024414062,520.6799926757812,519.1099853515625,67662800,2025-05-30,515.5050659179688
515.969970703125,517.239990234375,523.4500122070312,523.2100219726562,44762800,2025-06-02,519.5767211914062
522.6900024414062,523.5599975585938,528.739990234375,527.2999877929688,44070300,2025-06-03,523.63818359375
525.969970703125,528.010009765625,529.8400268554688,528.77001953125,41359300,2025-06-04,525.0980224609375
522.6599731445312,530.1799926757812,533.0499877929688,524.7899780273438,61031200,2025-06-05,521.1456909179688
528.2100219726562,530.0,531.7999877929688,529.9199829101562,42467000,2025-06-06,526.2400512695312
529.010009765625,530.1400146484375,532.3499755859375,530.7000122070312,33688700,2025-06-09,527.0146484375
528.8900146484375,531.1699829101562,534.9000244140625,534.2100219726562,40664800,2025-06-10,530.5003051757812
530.1099853515625,535.6199951171875,536.780029296875,532.4099731445312,53701000,2025-06-11,528.7128295898438
530.8400268554688,531.0900268554688,534.6400146484375,533.6599731445312,34104900,2025-06-12,529.9539794921875
525.72998046875,527.6799926757812,531.8699951171875,526.9600219726562,55814400,2025-06-13,523.3006591796875
530.4500122070312,530.5,535.3699951171875,534.2899780273438,37622100,2025-06-16,530.5796508789062
527.9099731445312,531.7100219726562,533.3300170898438,529.0800170898438,42180900,2025-06-17,525.4058837890625
527.4000244140625,530.0999755859375,532.5499877929688,528.989990234375,43983500,2025-06-18,525.3165283203125
524.8800048828125,532.260009765625,533.5599975585938,526.8300170898438,61643500,2025-06-20,523.1714477539062
523.6500244140625,526.8099975585938,532.1699829101562,531.6500244140625,50666100,2025-06-23,528.5509643554688
536.27001953125,536.8900146484375,540.7000122070312,539.780029296875,45442000,2025-06-24,536.6336059570312
539.3800048828125,542.0599975585938,543.3099975585938,541.1599731445312,44804200,2025-06-25,538.0054931640625
541.52001953125,543.3499755859375,546.6699829101562,546.219970703125,43811400,2025-06-26,543.0360107421875
544.5399780273438,547.260009765625,549.989990234375,548.0900268554688,57577100,2025-06-27,544.8951416015625
549.010009765625,551.260009765625,552.7999877929688,551.6400146484375,45548700,2025-06-30,548.4244384765625
544.6599731445312,549.72998046875,550.7100219726562,546.989990234375,56166700,2025-07-01,543.8015747070312
546.1199951171875,546.1599731445312,551.0,550.7999877929688,36538300,2025-07-02,547.5892944335938
553.1799926757812,553.1799926757812,557.2000122070312,556.219970703125,26443500,2025-07-03,552.9777221679688
549.5800170898438,553.52001953125,554.3400268554688,552.030029296875,45349300,2025-07-07,548.8121948242188
551.0999755859375,553.3800048828125,554.010009765625,552.3400268554688,36153300,2025-07-08,549.1204833984375
553.0999755859375,554.47998046875,557.6300048828125,556.25,43045500,2025-07-09,553.0076293945312
552.75,556.8900146484375,557.2999877929688,555.4500122070312,34710900,2025-07-10,552.2122802734375
552.0499877929688,553.2999877929688,555.7899780273438,554.2000122070312,39618600,2025-07-11,550.969482421875
551.6300048828125,553.989990234375,556.9500122070312,556.2100219726562,36453300,2025-07-14,552.9677734375
556.6599731445312,560.25,560.7999877929688,556.719970703125,43277700,2025-07-15,553.4747924804688
551.5599975585938,557.280029296875,560.2100219726562,557.2899780273438,52314700,2025-07-16,554.04150390625
557.2100219726562,558.02001953125,562.3099975585938,561.7999877929688,40423800,2025-07-17,558.5252075195312
559.97998046875,563.1199951171875,564.72998046875,561.260009765625,50484700,2025-07-18,557.9884033203125
562.0599975585938,562.0900268554688,566.0599975585938,564.1699829101562,39595200,2025-07-21,560.8814086914062
558.6099853515625,564.2999877929688,564.3499755859375,561.25,43270600,2025-07-22,557.9784545898438
559.5800170898438,562.3400268554688,563.8499755859375,563.8099975585938,40215300,2025-07-23,560.5234375
563.2899780273438,565.1300048828125,566.239990234375,565.010009765625,42275500,2025-07-24,561.716552734375
564.27001953125,564.9299926757812,567.7000122070312,566.3699951171875,30630800,2025-07-25,563.068603515625
566.8699951171875,567.739990234375,569.0399780273438,568.1400146484375,31498700,2025-07-28,564.8282470703125
566.530029296875,570.760009765625,572.1099853515625,567.260009765625,45463300,2025-07-29,563.953369140625
565.0499877929688,568.1799926757812,570.6199951171875,568.02001953125,43433800,2025-07-30,564.7090454101562
563.8699951171875,574.5399780273438,574.6300048828125,565.010009765625,64613600,2025-07-31,561.716552734375
551.6799926757812,558.8300170898438,559.02001953125,553.8800048828125,69400800,2025-08-01,550.6513671875
558.9500122070312,559.0499877929688,564.3200073242188,564.0999755859375,47669800,2025-08-04,560.8118286132812
559.72998046875,565.3900146484375,566.5599975585938,560.27001953125,48666600,2025-08-05,557.004150390625
560.6300048828125,561.1099853515625,567.760009765625,567.3200073242188,41823700,2025-08-06,564.0130615234375
565.1099853515625,571.6699829101562,573.3200073242188,569.239990234375,44463000,2025-08-07,565.9218139648438
570.1500244140625,570.4500122070312,574.77001953125,574.5499877929688,35255500,2025-08-08,571.2008666992188
571.5700073242188,574.6900024414062,576.7999877929688,572.8499755859375,33112900,2025-08-11,569.5107421875
572.489990234375,575.1599731445312,580.3499755859375,580.0499877929688,42143300,2025-08-12,576.6688232421875
578.9400024414062,582.760009765625,583.3200073242188,580.3400268554688,41209300,2025-08-13,576.9571533203125
577.9099731445312,578.280029296875,581.8800048828125,579.8900146484375,45425000,2025-08-14,576.5098266601562
575.5700073242188,579.7999877929688,579.8400268554688,577.3400268554688,49480200,2025-08-15,573.9746704101562
575.239990234375,576.4400024414062,577.77001953125,577.1099853515625,29831000,2025-08-18,573.7459716796875
568.25,576.3900146484375,576.5599975585938,569.280029296875,53752600,2025-08-19,565.961669921875
558.8400268554688,568.3300170898438,568.4500122070312,565.9000244140625,76781100,2025-08-20,562.6013793945312
560.97998046875,564.3499755859375,566.489990234375,563.280029296875,46436900,2025-08-21,559.99658203125
563.27001953125,564.6699829101562,573.989990234375,571.969970703125,51502100,2025-08-22,568.6359252929688
569.1599731445312,570.4000244140625,573.2899780273438,570.3200073242188,34044700,2025-08-25,566.9955444335938
568.7999877929688,569.8300170898438,572.9199829101562,572.6099853515625,34103000,2025-08-26,569.272216796875
570.3699951171875,571.5900268554688,574.4099731445312,573.489990234375,36927100,2025-08-27,570.1470947265625
572.4600219726562,574.1099853515625,578.0,577.0800170898438,46787900,2025-08-28,573.7161254882812
568.5399780273438,574.6599731445312,575.030029296875,570.4000244140625,56030400,2025-08-29,567.0751342773438
559.5399780273438,561.3099975585938,565.969970703125,565.6199951171875,65876800,2025-09-02,562.322998046875
566.72998046875,569.22998046875,571.7000122070312,570.0700073242188,54230200,2025-09-03,566.7470703125
569.030029296875,570.739990234375,575.5999755859375,575.22998046875,47526300,2025-09-04,571.876953125
571.530029296875,580.489990234375,581.1199951171875,576.0599975585938,68342500,2025-09-05,572.7020874023438
577.77001953125,578.3699951171875,580.8400268554688,578.8699951171875,46371400,2025-09-08,575.4956665039062
577.0399780273438,579.6699829101562,580.9400024414062,580.510009765625,44007600,2025-09-09,577.126220703125
578.5499877929688,583.739990234375,583.77001953125,580.7000122070312,49308000,2025-09-10,577.3151245117188
581.6199951171875,583.239990234375,584.8800048828125,584.0800170898438,44745800,2025-09-11,580.67529296875
584.0999755859375,585.0399780273438,587.8599853515625,586.6599731445312,50745900,2025-09-12,583.2402954101562
588.2899780273438,588.4400024414062,591.7899780273438,591.6799926757812,44360300,2025-09-15,588.2310180664062
590.489990234375,592.6099853515625,592.8599853515625,591.1799926757812,36942100,2025-09-16,587.7340087890625
584.3699951171875,591.0999755859375,591.75,590.0,69384800,2025-09-17,586.5608520507812
592.9600219726562,594.9099731445312,598.1400146484375,595.3200073242188,61069300,2025-09-18,591.849853515625
595.8499755859375,597.3300170898438,600.0499877929688,599.3499755859375,58196100,2025-09-19,595.8562622070312
597.719970703125,597.739990234375,602.8699951171875,602.2000122070312,57154800,2025-09-22,599.3837890625
596.97998046875,602.3699951171875,602.5700073242188,598.2000122070312,64635500,2025-09-23,595.4025268554688
593.3599853515625,599.5800170898438,599.9000244140625,596.0999755859375,49850300,2025-09-24,593.3123168945312
588.5,592.2000122070312,595.1199951171875,593.530029296875,70920200,2025-09-25,590.7543334960938
591.0599975585938,594.3499755859375,596.2999877929688,595.969970703125,54337400,2025-09-26,593.1829223632812
597.4099731445312,599.1099853515625,602.0499877929688,598.72998046875,48332900,2025-09-29,595.9299926757812
596.0999755859375,598.4299926757812,600.7100219726562,600.3699951171875,46533800,2025-09-30,597.5623779296875
596.3400268554688,597.1699829101562,603.7899780273438,603.25,46899600,2025-10-01,600.4288330078125
602.9299926757812,607.0599975585938,607.1599731445312,605.72998046875,43765400,2025-10-02,602.897216796875
601.3900146484375,606.510009765625,607.3300170898438,603.1799926757812,46482100,2025-10-03,600.3591918945312
605.969970703125,608.4500122070312,609.3599853515625,607.7100219726562,41962100,2025-10-06,604.8679809570312
603.030029296875,609.02001953125,609.7100219726562,604.510009765625,58209500,2025-10-07,601.6829833984375
605.260009765625,605.4099731445312,611.75,611.4400024414062,50629800,2025-10-08,608.5806274414062
607.47998046875,611.47998046875,611.6099853515625,610.7000122070312,45551000,2025-10-09,607.8440551757812
589.0499877929688,611.4000244140625,613.1799926757812,589.5,97614800,2025-10-10,586.7432250976562
597.22998046875,599.6799926757812,602.9500122070312,602.010009765625,65872600,2025-10-13,599.1946411132812
590.1300048828125,595.3099975585938,602.6900024414062,598.0,69203200,2025-10-14,595.203369140625
595.9299926757812,604.010009765625,606.7000122070312,602.219970703125,62805500,2025-10-15,599.4036254882812
595.5,605.1099853515625,608.3099975585938,599.989990234375,70982000,2025-10-16,597.18408203125
596.3699951171875,597.9500122070312,605.510009765625,603.9299926757812,72024900,2025-10-17,601.105712890625
607.0700073242188,607.1400146484375,612.7999877929688,611.5399780273438,45761700,2025-10-20,608.6799926757812
609.3200073242188,611.6400146484375,612.719970703125,611.3800048828125,44538200,2025-10-21,608.5208740234375
599.739990234375,610.8200073242188,611.4099731445312,605.489990234375,61478800,2025-10-22,602.6583862304688
604.52001953125,604.9099731445312,611.3699951171875,610.5800170898438,42844300,2025-10-23,607.724609375
615.1300048828125,615.989990234375,618.4199829101562,617.0999755859375,47632500,2025-10-24,614.2140502929688
624.030029296875,624.52001953125,628.5499877929688,628.0900268554688,54098600,2025-10-27,625.1527099609375
629.25,630.3599853515625,634.6799926757812,632.9199829101562,61195700,2025-10-28,629.9601440429688
630.25,635.5900268554688,637.010009765625,635.77001953125,67422800,2025-10-29,632.796875
625.9400024414062,632.1699829101562,633.5,626.0499877929688,61628600,2025-10-30,623.1222534179688
626.6900024414062,634.1699829101562,634.2000122070312,629.0700073242188,66305100,2025-10-31,626.1281127929688
629.8499755859375,635.1099853515625,635.8200073242188,632.0800170898438,37154300,2025-11-03,629.1240234375
618.4600219726562,623.280029296875,626.9500122070312,619.25,63830800,2025-11-04,616.3540649414062
617.2100219726562,618.489990234375,626.5999755859375,623.280029296875,48688500,2025-11-05,620.3652954101562
610.2999877929688,621.7899780273438,622.0399780273438,611.6699829101562,72115100,2025-11-06,608.8095092773438
598.6699829101562,608.3099975585938,609.9500122070312,609.739990234375,81835400,2025-11-07,606.8885498046875
616.8900146484375,618.9199829101562,624.3099975585938,623.22998046875,55919900,2025-11-10,620.3154907226562
617.52001953125,620.5700073242188,622.719970703125,621.5700073242188,44868800,2025-11-11,618.6632080078125
617.8099975585938,624.8400268554688,624.8599853515625,621.0800170898438,47444400,2025-11-12,618.1754760742188
606.0800170898438,617.5399780273438,618.1199951171875,608.4000244140625,71333600,2025-11-13,605.5548706054688
597.1699829101562,599.5499877929688,613.3499755859375,608.8599853515625,80087300,2025-11-14,606.0126342773438
599.8699951171875,606.2999877929688,612.47998046875,603.6599731445312,63850400,2025-11-17,600.8369750976562
591.3400268554688,599.6199951171875,602.3099975585938,596.3099975585938,83327300,2025-11-18,593.5213012695312
594.5900268554688,597.0700073242188,606.1599731445312,599.8699951171875,73111500,2025-11-19,597.0647583007812
584.75,611.6199951171875,614.030029296875,585.6699829101562,117743200,2025-11-20,582.9310913085938
580.739990234375,587.469970703125,596.97998046875,590.0700073242188,103344200,2025-11-21,587.3104858398438
595.1599731445312,595.280029296875,606.6799926757812,605.1599731445312,60168100,2025-11-24,602.3299560546875
597.3200073242188,603.510009765625,610.260009765625,608.8900146484375,57560900,2025-11-25,606.04248046875
610.3900146484375,612.510009765625,616.1900024414062,614.27001953125,42393600,2025-11-26,611.3973388671875
615.4199829101562,616.1099853515625,619.3200073242188,619.25,23034400,2025-11-28,616.3540649414062
612.52001953125,613.6300048828125,619.4400024414062,617.1699829101562,40957600,2025-12-01,614.2837524414062
617.5900268554688,619.4600219726562,623.75,622.0,54541800,2025-12-02,619.0912475585938
618.030029296875,619.6199951171875,624.219970703125,623.52001953125,47841600,2025-12-03,620.6041259765625
619.5399780273438,624.9299926757812,624.9400024414062,622.9400024414062,47067800,2025-12-04,620.02685546875
623.7100219726562,624.3800048828125,628.9199829101562,625.47998046875,53614200,2025-12-05,622.5548706054688
621.6900024414062,627.2100219726562,628.8400268554688,624.280029296875,43462400,2025-12-08,621.360595703125
621.0,623.010009765625,625.8699951171875,625.0499877929688,37156000,2025-12-09,622.126953125
620.989990234375,623.8499755859375,629.2100219726562,627.6099853515625,55031400,2025-12-10,624.6749267578125
617.719970703125,623.8200073242188,625.780029296875,625.5800170898438,58272800,2025-12-11,622.6544799804688
611.3599853515625,622.0800170898438,623.5399780273438,613.6199951171875,75158700,2025-12-12,610.7504272460938
609.3200073242188,618.3699951171875,618.4199829101562,610.5399780273438,49538200,2025-12-15,607.6847534179688
606.9099731445312,608.260009765625,613.510009765625,611.75,55152800,2025-12-16,608.8890991210938
600.280029296875,613.0599975585938,613.6500244140625,600.4099731445312,70654300,2025-12-17,597.6021118164062
606.9199829101562,609.7999877929688,612.9299926757812,609.1099853515625,78875800,2025-12-18,606.2615356445312
611.8699951171875,611.9500122070312,617.6199951171875,617.0499877929688,60369800,2025-12-19,614.164306640625
617.77001953125,621.3499755859375,621.6500244140625,619.2100219726562,43703100,2025-12-22,617.1082763671875
617.780029296875,618.2000122070312,622.4099731445312,622.1099853515625,41120400,2025-12-23,619.9984130859375
621.719970703125,621.989990234375,624.280029296875,623.9299926757812,18468700,2025-12-24,621.8123168945312
623.1400146484375,624.6599731445312,625.52001953125,623.8900146484375,28959800,2025-12-26,621.7723999023438
618.72998046875,620.0999755859375,622.780029296875,620.8699951171875,32458300,2025-12-29,618.7626342773438
619.219970703125,619.8400268554688,622.1799926757812,619.4299926757812,31226800,2025-12-30,617.3275146484375
614.0499877929688,619.6500244140625,619.9600219726562,614.3099975585938,40746500,2025-12-31,612.2249145507812
610.1500244140625,620.0599975585938,622.8499755859375,613.1199951171875,61859200,2026-01-02,611.0390014648438
616.719970703125,619.3200073242188,620.8099975585938,617.989990234375,46828400,2026-01-05,615.8923950195312
618.5399780273438,619.22998046875,624.02001953125,623.4199829101562,43137500,2026-01-06,621.3040161132812
622.5599975585938,623.0399780273438,627.9400024414062,624.02001953125,44880300,2026-01-07,621.9020385742188
617.7999877929688,623.030029296875,623.4199829101562,620.469970703125,50435900,2026-01-08,618.364013671875
619.0599975585938,621.4099731445312,627.8900146484375,626.6500244140625,49688700,2026-01-09,624.5230712890625
622.260009765625,622.3099975585938,628.8499755859375,627.1699829101562,37388700,2026-01-12,625.041259765625
623.7000122070312,627.27001953125,629.469970703125,626.239990234375,44481400,2026-01-13,624.1144409179688
614.5599975585938,622.239990234375,623.4500122070312,619.5499877929688,72598700,2026-01-14,617.4471435546875
620.75,626.5999755859375,630.0,621.780029296875,53934900,2026-01-15,619.6696166992188
618.8800048828125,625.5,626.0800170898438,621.260009765625,61058100,2026-01-16,619.1513671875
607.0499877929688,610.530029296875,615.0599975585938,608.0599975585938,81988900,2026-01-20,605.9961547851562
607.8599853515625,609.469970703125,620.4199829101562,616.280029296875,79837900,2026-01-21,614.188232421875
617.780029296875,622.3499755859375,622.4600219726562,620.760009765625,42254800,2026-01-22,618.6530151367188
618.6500244140625,619.72998046875,625.4000244140625,622.719970703125,43645800,2026-01-23,620.6063842773438
622.1199951171875,623.2100219726562,627.6099853515625,625.4600219726562,35983000,2026-01-26,623.3370971679688
627.3400268554688,628.9099731445312,632.0399780273438,631.1300048828125,38997200,2026-01-27,628.9878540039062
631.8099975585938,635.4600219726562,636.5999755859375,633.219970703125,50691700,2026-01-28,631.0707397460938
618.27001953125,632.6500244140625,633.6699829101562,629.4299926757812,79944000,2026-01-29,627.2936401367188
619.2999877929688,625.7100219726562,628.260009765625,621.8699951171875,65650700,2026-01-30,619.75927734375
618.6599731445312,618.7000122070312,628.489990234375,626.1400146484375,49020300,2026-02-02,624.0148315429688
610.9600219726562,628.2999877929688,629.97998046875,616.52001953125,81234000,2026-02-03,614.4274291992188
600.469970703125,615.02001953125,615.0999755859375,605.75,81850700,2026-02-04,603.6939697265625
594.760009765625,600.2100219726562,604.8099975585938,597.030029296875,89354500,2026-02-05,595.003662109375
598.77001953125,600.1900024414062,611.4099731445312,609.6500244140625,78019300,2026-02-06,607.5807495117188
605.0700073242188,607.5399780273438,616.4600219726562,614.3200073242188,56797600,2026-02-09,612.2349243164062
611.010009765625,615.3099975585938,617.02001953125,611.469970703125,53938900,2026-02-10,609.39453125
607.6900024414062,616.3800048828125,617.52001953125,613.1099853515625,58575100,2026-02-11,611.0289916992188
599.5700073242188,614.7100219726562,615.8099975585938,600.6400146484375,81378900,2026-02-12,598.601318359375
596.4199829101562,600.4299926757812,606.47998046875,601.9199829101562,69237500,2026-02-13,599.8770141601562
593.3400268554688,598.3800048828125,603.9500122070312,601.2999877929688,69013800,2026-02-17,599.259033203125
600.719970703125,602.1099853515625,609.77001953125,605.7899780273438,64250700,2026-02-18,603.7338256835938
600.75,602.8099975585938,605.8200073242188,603.469970703125,60960800,2026-02-19,601.4216918945312
599.22998046875,600.1199951171875,610.3499755859375,608.8099975585938,74127300,2026-02-20,606.7435913085938
599.0499877929688,606.6099853515625,608.010009765625,601.4099731445312,63859100,2026-02-23,599.36865234375
599.72998046875,602.4000244140625,608.989990234375,607.8699951171875,55023700,2026-02-24,605.8067626953125
611.0,611.0700073242188,616.8300170898438,616.6799926757812,55710700,2026-02-25,614.5868530273438
603.97998046875,615.5900268554688,615.5900268554688,609.239990234375,96178900,2026-02-26,607.172119140625
602.1900024414062,602.97998046875,608.3200073242188,607.2899780273438,68125200,2026-02-27,605.2286987304688
597.989990234375,598.8599853515625,609.9199829101562,608.0900268554688,75264600,2026-03-02,606.0260620117188
591.8699951171875,596.3300170898438,603.9600219726562,601.5800170898438,97015500,2026-03-03,599.5381469726562
603.4299926757812,604.1599731445312,612.8800048828125,610.75,70943900,2026-03-04,608.677001953125
602.260009765625,607.4000244140625,612.760009765625,608.9099731445312,89602400,2026-03-05,606.8432006835938
598.3300170898438,600.3099975585938,606.0,599.75,86302300,2026-03-06,597.71435546875
591.3300170898438,594.22998046875,609.27001953125,607.760009765625,93068200,2026-03-09,605.6971435546875
605.4199829101562,607.780029296875,613.2899780273438,607.77001953125,64078900,2026-03-10,605.7071533203125
605.030029296875,608.9500122070312,612.4299926757812,607.6900024414062,60114800,2026-03-11,605.6273803710938
597.0499877929688,602.760009765625,604.1400146484375,597.260009765625,71836600,2026-03-12,595.2328491210938
592.5700073242188,599.72998046875,603.5999755859375,593.719970703125,63145500,2026-03-13,591.7047729492188
599.1099853515625,600.0399780273438,603.8599853515625,600.3800048828125,49077200,2026-03-16,598.3422241210938
601.8699951171875,603.1400146484375,605.9000244140625,603.3099975585938,47106600,2026-03-17,601.2622680664062
594.5599975585938,601.489990234375,603.1599731445312,594.9000244140625,56128000,2026-03-18,592.880859375
587.0800170898438,589.510009765625,595.7999877929688,593.02001953125,75597600,2026-03-19,591.0072021484375
578.5399780273438,591.0599975585938,591.1699829101562,582.0599975585938,91964700,2026-03-20,580.0844116210938
585.9600219726562,590.52001953125,595.0800170898438,588.0,89936100,2026-03-23,586.7431640625
581.9299926757812,584.8099975585938,587.9299926757812,583.97998046875,57750900,2026-03-24,582.731689453125
585.6900024414062,589.1400146484375,591.3699951171875,587.8200073242188,60475500,2026-03-25,586.5635375976562
573.4299926757812,582.5999755859375,584.6300048828125,573.7899780273438,81492100,2026-03-26,572.5634765625
561.5700073242188,570.8099975585938,571.02001953125,562.5800170898438,82702200,2026-03-27,561.3775024414062
555.5999755859375,567.3800048828125,568.0499877929688,558.280029296875,70602600,2026-03-30,557.086669921875
564.2100219726562,564.2899780273438,578.6400146484375,577.1799926757812,95878000,2026-03-31,575.9462280273438
580.4199829101562,581.47998046875,587.739990234375,584.3099975585938,79435100,2026-04-01,583.06103515625
571.9199829101562,573.969970703125,586.0499877929688,584.97998046875,50941700,2026-04-02,583.7295532226562
584.6900024414062,586.22998046875,590.6099853515625,588.5,35108500,2026-04-06,587.2420654296875
578.4000244140625,585.6400146484375,588.97998046875,588.5900268554688,49948200,2026-04-07,587.3319091796875
602.1199951171875,608.7100219726562,609.9000244140625,606.0900268554688,63086000,2026-04-08,604.7944946289062
603.030029296875,605.9299926757812,610.5,610.1900024414062,37837500,2026-04-09,608.8857421875
609.5800170898438,611.8400268554688,613.6699829101562,611.0700073242188,34038500,2026-04-10,609.7638549804688
608.1099853515625,609.47998046875,626.739990234375,617.3900146484375,32972100,2026-04-13,616.0703125
620.0999755859375,620.219970703125,628.5999755859375,628.5999755859375,49921100,2026-04-14,627.2562866210938
628.2000122070312,629.0800170898438,637.8300170898438,637.4000244140625,50102400,2026-04-15,636.0375366210938
635.260009765625,639.2100219726562,642.1799926757812,640.469970703125,42320600,2026-04-16,639.1009521484375
644.0700073242188,645.5900268554688,650.0,648.8499755859375,53488900,2026-04-17,647.4630126953125
642.52001953125,648.0399780273438,648.760009765625,646.7899780273438,37138500,2026-04-20,645.4074096679688
642.2100219726562,648.4099731445312,650.2000122070312,644.3300170898438,39580500,2026-04-21,642.9526977539062
648.52001953125,650.1500244140625,655.3300170898438,655.1099853515625,37368400,2026-04-22,653.709716796875
645.52001953125,653.5499877929688,656.9199829101562,651.4199829101562,40099800,2026-04-23,650.0275268554688
656.530029296875,658.510009765625,664.510009765625,663.8800048828125,45563100,2026-04-24,662.4609375
660.6900024414062,663.4000244140625,664.4299926757812,664.22998046875,32717000,2026-04-27,662.8101806640625
653.8099975585938,657.4099731445312,659.6400146484375,657.5499877929688,34147900,2026-04-28,656.1444702148438
656.5900268554688,658.6300048828125,661.719970703125,661.5700073242188,31724900,2026-04-29,660.1558837890625
657.5599975585938,665.3499755859375,668.9000244140625,667.739990234375,40622200,2026-04-30,666.3126220703125
668.7999877929688,669.1599731445312,675.969970703125,674.1500244140625,39172600,2026-05-01,672.708984375
668.9000244140625,674.6599731445312,676.72998046875,672.8800048828125,34542000,2026-05-04,671.4417114257812
677.510009765625,677.9600219726562,682.77001953125,681.6099853515625,37101100,2026-05-05,680.1530151367188
686.47998046875,687.780029296875,695.9299926757812,695.77001953125,38778500,2026-05-06,694.2827758789062
691.77001953125,696.5800170898438,701.239990234375,694.9400024414062,43779100,2026-05-07,693.4545288085938
699.5,699.9199829101562,711.22998046875,711.22998046875,44320400,2026-05-08,709.709716796875
708.9099731445312,710.3599853515625,714.5900268554688,713.2899780273438,36019100,2026-05-11,711.7652587890625
696.6400146484375,708.219970703125,710.1799926757812,707.239990234375,45873000,2026-05-12,705.7282104492188
704.8300170898438,709.9600219726562,716.6500244140625,714.7100219726562,40012500,2026-05-13,713.1823120117188
714.219970703125,714.6199951171875,722.030029296875,719.7899780273438,33327500,2026-05-14,718.2514038085938
705.5499877929688,710.1400146484375,715.1300048828125,708.9299926757812,51792700,2026-05-15,707.4146728515625
698.8499755859375,711.5399780273438,712.0700073242188,705.8800048828125,49834500,2026-05-18,704.3711547851562
695.25,699.8099975585938,706.489990234375,701.530029296875,46827500,2026-05-19,700.030517578125
703.7899780273438,705.2899780273438,713.1500244140625,713.1500244140625,36779200,2026-05-20,711.6256713867188
706.77001953125,708.989990234375,717.1199951171875,714.510009765625,36415400,2026-05-21,712.9827270507812
715.9500122070312,718.0700073242188,722.1199951171875,717.5399780273438,33118600,2026-05-22,716.0062255859375
724.1599731445312,725.9600219726562,731.1699829101562,730.280029296875,34254700,2026-05-26,728.7190551757812
725.4400024414062,732.9600219726562,733.3200073242188,729.4500122070312,35148700,2026-05-27,727.8908081054688
726.4099731445312,729.72998046875,736.5999755859375,735.5999755859375,32840000,2026-05-28,734.027587890625
735.25,737.8400268554688,741.6300048828125,738.3099975585938,37541700,2026-05-29,736.7318115234375
735.989990234375,737.0399780273438,745.6500244140625,742.739990234375,33890600,2026-06-01,741.1524047851562
739.22998046875,742.4000244140625,746.4400024414062,746.1599731445312,30085200,2026-06-02,744.5650024414062
741.010009765625,747.3099975585938,748.6500244140625,744.2100219726562,40270200,2026-06-03,742.6192626953125
732.6199951171875,735.47998046875,743.5,740.6099853515625,40782600,2026-06-04,739.0269165039062
704.3200073242188,730.0599975585938,731.6900024414062,705.0599975585938,99606600,2026-06-05,703.5529174804688
713.0700073242188,717.8099975585938,723.030029296875,716.0700073242188,47401500,2026-06-08,714.5393676757812
686.3699951171875,722.97998046875,725.6599731445312,707.8300170898438,91932200,2026-06-09,706.3169555664062
692.9299926757812,701.6599731445312,711.280029296875,693.6900024414062,65334300,2026-06-10,692.2072143554688
695.0,699.2899780273438,718.3699951171875,717.1199951171875,71798900,2026-06-11,715.5870971679688
711.280029296875,717.6099853515625,724.010009765625,721.3400268554688,51168400,2026-06-12,719.798095703125
737.3800048828125,738.0999755859375,744.760009765625,744.0,46710200,2026-06-15,742.40966796875
729.6400146484375,742.25,744.219970703125,729.8599853515625,45348700,2026-06-16,728.2998657226562
720.8499755859375,735.1900024414062,735.6799926757812,722.510009765625,51669300,2026-06-17,720.965576171875
732.510009765625,737.2000122070312,741.8200073242188,740.6199951171875,50154600,2026-06-18,739.0369262695312
734.3900146484375,742.02001953125,745.4500122070312,737.9500122070312,43518600,2026-06-22,737.1818237304688
712.1099853515625,715.739990234375,723.6099853515625,713.6500244140625,53354200,2026-06-23,712.9071655273438
704.4500122070312,715.3699951171875,719.9299926757812,710.6199951171875,52480400,2026-06-24,709.8803100585938
705.2999877929688,725.9000244140625,726.8300170898438,716.3800048828125,49668000,2026-06-25,715.63427734375
702.8099975585938,707.1300048828125,715.5599975585938,706.52001953125,47081800,2026-06-26,705.7846069335938
705.1699829101562,713.989990234375,724.5800170898438,724.0800170898438,44939100,2026-06-29,723.3262939453125
723.9099731445312,724.1799926757812,737.6199951171875,736.4000244140625,42121800,2026-06-30,735.6334838867188
724.5999755859375,729.1900024414062,731.9199829101562,725.1699829101562,40803800,2026-07-01,724.4151000976562
707.5599975585938,725.5800170898438,730.8300170898438,712.5999755859375,50959800,2026-07-02,711.8582153320312
718.4500122070312,719.9299926757812,726.0800170898438,722.8200073242188,30220400,2026-07-06,722.067626953125
704.9000244140625,714.1699829101562,716.3499755859375,709.4299926757812,42483100,2026-07-07,708.6915283203125
700.9099731445312,704.9500122070312,712.260009765625,711.4400024414062,35603200,2026-07-08,710.699462890625
715.1300048828125,718.3300170898438,724.22998046875,723.280029296875,33654700,2026-07-09,722.5271606445312
717.0,720.7000122070312,726.3900146484375,725.510009765625,26415900,2026-07-10,724.7548217773438
710.0800170898438,717.719970703125,718.739990234375,711.739990234375,36552400,2026-07-13,710.9990844726562
714.3400268554688,720.219970703125,722.2899780273438,719.6900024414062,29448100,2026-07-14,718.9408569335938
710.22998046875,723.8499755859375,724.3599853515625,717.739990234375,32627600,2026-07-15,716.9928588867188
702.6099853515625,712.010009765625,713.5999755859375,705.9400024414062,39402000,2026-07-16,705.2051391601562
686.760009765625,691.6500244140625,702.2999877929688,695.3300170898438,54109300,2026-07-17,694.606201171875
695.510009765625,702.1599731445312,705.7999877929688,696.0599975585938,29687600,2026-07-20,695.33544921875
702.7999877929688,706.5700073242188,710.0499877929688,708.969970703125,33728300,2026-07-21,708.2319946289062
703.6199951171875,703.6199951171875,709.6500244140625,705.3499755859375,23692200,2026-07-22,704.61572265625
687.7899780273438,694.6699829101562,698.6599731445312,691.9600219726562,44028600,2026-07-23,691.23974609375
682.47998046875,690.4099731445312,692.6300048828125,684.22998046875,42876700,2026-07-24,683.5177612304688
675.9500122070312,691.6799926757812,692.2999877929688,682.1199951171875,42681500,2026-07-27,681.4099731445312
667.8800048828125,676.22998046875,679.4000244140625,675.489990234375,51398700,2026-07-28,674.786865234375
661.1400146484375,675.510009765625,680.0499877929688,661.72998046875,57233300,2026-07-29,661.0411376953125
673.2999877929688,674.760009765625,685.1199951171875,683.5499877929688,66753700,2026-07-30,682.8384399414062
680.0499877929688,692.1099853515625,695.77001953125,687.989990234375,50540500,2026-07-31,687.2738647460938
685.8200073242188,688.2999877929688,701.5900268554688,700.0700073242188,44965100,2026-08-03,699.34130859375
707.530029296875,708.1599731445312,725.6599731445312,723.8499755859375,59778600,2026-08-04,723.0964965820312
716.9199829101562,726.25,728.5399780273438,717.2999877929688,33540200,2026-08-05,716.5533447265625
708.5,710.8200073242188,719.3200073242188,714.6500244140625,33035900,2026-08-06,713.9061279296875
716.510009765625,720.1500244140625,723.6300048828125,723.030029296875,31070400,2026-08-07,722.2774047851562
720.3300170898438,722.3900146484375,724.6699829101562,720.8699951171875,26243200,2026-08-10,720.11962890625
715.5,723.2899780273438,723.3499755859375,718.4500122070312,29286100,2026-08-11,717.7021484375
722.9199829101562,727.0800170898438,727.25,723.7000122070312,29066000,2026-08-12,722.9467163085938
724.030029296875,725.1500244140625,733.9600219726562,732.0700073242188,31599700,2026-08-13,731.3079833984375
728.3200073242188,733.4099731445312,734.3900146484375,731.0700073242188,23790600,2026-08-14,730.3090209960938
729.27001953125,732.9500122070312,734.5800170898438,729.8699951171875,26452600,2026-08-17,729.1102294921875
715.9199829101562,720.2100219726562,722.1300048828125,717.510009765625,48997200,2026-08-18,716.7631225585938
712.6099853515625,720.3900146484375,721.5,716.0800170898438,35801700,2026-08-19,715.3345947265625
708.52001953125,712.0900268554688,714.9400024414062,710.9299926757812,33396400,2026-08-20,710.18994140625
709.2000122070312,715.22998046875,715.6699829101562,713.4400024414062,33399400,2026-08-21,712.6973876953125
702.7000122070312,709.6599731445312,709.7899780273438,706.3200073242188,37443100,2026-08-24,705.5847778320312
707.4500122070312,711.219970703125,714.0399780273438,710.719970703125,23869600,2026-08-25,709.9801635742188
707.969970703125,708.4099731445312,713.02001953125,711.3699951171875,20392400,2026-08-26,710.6295166015625
714.530029296875,716.9299926757812,721.3499755859375,721.1099853515625,28723500,2026-08-27,720.359375
715.0900268554688,719.739990234375,724.1300048828125,716.4299926757812,34105400,2026-08-28,715.6842651367188
713.1599731445312,715.1699829101562,717.5800170898438,716.760009765625,32237200,2026-08-31,716.013916015625
704.6599731445312,707.3900146484375,712.2999877929688,707.6400146484375,35236100,2026-09-01,706.9033813476562
705.0999755859375,707.0999755859375,709.7999877929688,709.239990234375,23476200,2026-09-02,708.501708984375
709.6900024414062,710.8499755859375,718.9199829101562,717.6699829101562,29449800,2026-09-03,716.9229125976562
716.5599975585938,719.3499755859375,721.8599853515625,718.9600219726562,32871100,2026-09-04,718.2116088867188
715.5700073242188,720.9099731445312,721.8900146484375,718.3599853515625,28341400,2026-09-08,717.6122436523438
714.02001953125,716.4000244140625,719.7000122070312,716.3099975585938,26763400,2026-09-09,715.5643920898438
706.8599853515625,707.5499877929688,712.0599975585938,708.6900024414062,31414400,2026-09-10,707.9523315429688
713.6300048828125,715.6799926757812,717.6300048828125,714.8800048828125,26649100,2026-09-11,714.1358642578125
702.739990234375,703.3300170898438,712.9500122070312,709.1799926757812,35219000,2026-09-14,708.4417724609375
703.6400146484375,708.7999877929688,709.530029296875,704.5399780273438,26631700,2026-09-15,703.8065795898438
700.0,708.0,711.8800048828125,704.719970703125,35688000,2026-09-16,703.9863891601562
713.3200073242188,715.9500122070312,718.0399780273438,716.9199829101562,37270300,2026-09-17,716.1737060546875
715.0800170898438,718.8300170898438,721.72998046875,721.4500122070312,48478700,2026-09-18,720.6990356445312
727.8099975585938,727.8900146484375,743.219970703125,741.469970703125,46730600,2026-09-21,741.469970703125
740.9299926757812,740.97998046875,748.3499755859375,747.4600219726562,40128800,2026-09-22,747.4600219726562
738.1900024414062,746.969970703125,747.1300048828125,741.2100219726562,33191800,2026-09-23,741.2100219726562
734.6199951171875,735.2899780273438,742.6599731445312,741.0999755859375,29000900,2026-09-24,741.0999755859375
739.6400146484375,742.8300170898438,745.9199829101562,744.5,30283800,2026-09-25,744.5
731.6300048828125,740.4600219726562,741.4199829101562,736.530029296875,41775000,2026-09-28,736.530029296875
735.3400268554688,740.1500244140625,740.5800170898438,737.9299926757812,27052300,2026-09-29,737.9299926757812
739.4600219726562,740.1900024414062,745.0999755859375,739.77001953125,29820400,2026-09-30,739.77001953125
736.25,742.510009765625,744.6699829101562,742.030029296875,35728900,2026-10-01,742.030029296875
747.530029296875,751.3099975585938,754.5399780273438,749.5800170898438,34498900,2026-10-02,749.5800170898438
749.0800170898438,749.3499755859375,756.9199829101562,756.2000122070312,25603200,2026-10-05,756.2000122070312
759.0999755859375,760.52001953125,762.8599853515625,759.6599731445312,26513600,2026-10-06,759.6599731445312
751.75,753.7899780273438,758.2999877929688,757.72998046875,25467900,2026-10-07,757.72998046875
743.22998046875,753.969970703125,757.1799926757812,747.5800170898438,49470700,2026-10-08,747.5800170898438
