volume,low,close,high,open,date,adjclose
44138100,574.489990234375,576.1300048828125,577.5800170898438,575.77001953125,2024-10-10,563.1343383789062
42268000,575.9099731445312,579.5800170898438,580.3300170898438,576.0499877929688,2024-10-11,566.5065307617188
36217200,580.72998046875,584.3200073242188,585.27001953125,581.219970703125,2024-10-14,571.1395874023438
54203600,578.5399780273438,579.780029296875,584.9000244140625,584.5900268554688,2024-10-15,566.7020874023438
30725400,578.9600219726562,582.2999877929688,582.8300170898438,579.780029296875,2024-10-16,569.1651611328125
34393700,582.1599731445312,582.3499755859375,586.1199951171875,585.9099731445312,2024-10-17,569.2140502929688
37416800,582.5800170898438,584.5900268554688,585.3900146484375,584.0700073242188,2024-10-18,571.403564453125
36439000,580.5999755859375,583.6300048828125,584.8499755859375,583.8499755859375,2024-10-21,570.4651489257812
34183800,580.3800048828125,583.3200073242188,584.5,581.0499877929688,2024-10-22,570.162109375
49314600,574.4199829101562,577.989990234375,581.7100219726562,581.260009765625,2024-10-23,564.952392578125
34979900,576.5700073242188,579.239990234375,580.0599975585938,579.97998046875,2024-10-24,566.1741943359375
47268200,578.0800170898438,579.0399780273438,584.4600219726562,581.510009765625,2024-10-25,565.9786376953125
30174700,580.52001953125,580.8300170898438,582.7100219726562,582.5800170898438,2024-10-28,567.7283325195312
42899700,578.4299926757812,581.77001953125,582.9099731445312,579.8499755859375,2024-10-29,568.6471557617188
41435800,579.2899780273438,580.010009765625,583.3200073242188,581.2899780273438,2024-10-30,566.9268798828125
60182500,568.4400024414062,568.6400146484375,575.6300048828125,575.5599975585938,2024-10-31,555.8133544921875
45667500,570.6199951171875,571.0399780273438,575.5499877929688,571.3200073242188,2024-11-01,558.1591186523438
38217000,567.8900146484375,569.8099975585938,572.5,571.1799926757812,2024-11-04,556.9569702148438
39478300,570.52001953125,576.7000122070312,576.739990234375,570.739990234375,2024-11-05,563.6915283203125
68182000,585.3900146484375,591.0399780273438,591.9299926757812,589.2000122070312,2024-11-06,577.7080688476562
47233200,593.0,595.6099853515625,596.6500244140625,593.0800170898438,2024-11-07,582.1748657226562
46444900,596.1699829101562,598.1900024414062,599.6400146484375,596.1699829101562,2024-11-08,584.69677734375
37586800,597.0,598.760009765625,600.1699829101562,599.8099975585938,2024-11-11,585.25390625
43006100,594.3699951171875,596.9000244140625,599.2899780273438,598.6799926757812,2024-11-12,583.4359130859375
47388600,594.9600219726562,597.1900024414062,599.22998046875,597.3699951171875,2024-11-13,583.7193603515625
38904100,592.6500244140625,593.3499755859375,597.8099975585938,597.3200073242188,2024-11-14,579.9659423828125
75988800,583.8599853515625,585.75,590.2000122070312,589.719970703125,2024-11-15,572.537353515625
37001700,585.3400268554688,588.1500244140625,589.489990234375,586.219970703125,2024-11-18,574.8832397460938
49412000,584.030029296875,590.2999877929688,591.0399780273438,584.7100219726562,2024-11-19,576.9846801757812
50032600,584.6300048828125,590.5,590.7899780273438,590.3800048828125,2024-11-20,577.18017578125
46750300,587.4500122070312,593.6699829101562,595.1199951171875,593.4000244140625,2024-11-21,580.2786254882812
38226400,593.1500244140625,595.510009765625,596.1500244140625,593.6599731445312,2024-11-22,582.0772705078125
42441400,595.2000122070312,597.530029296875,600.8599853515625,599.52001953125,2024-11-25,584.0517578125
45621300,598.0700073242188,600.6500244140625,601.3300170898438,598.7999877929688,2024-11-26,587.1011962890625
34000200,597.280029296875,598.8300170898438,600.8499755859375,600.4600219726562,2024-11-27,585.3223266601562
30177400,599.3800048828125,602.5499877929688,603.3499755859375,599.6599731445312,2024-11-29,588.9584350585938
31746000,602.469970703125,603.6300048828125,604.3200073242188,602.969970703125,2024-12-02,590.0140380859375
26906600,602.3400268554688,603.9099731445312,604.1599731445312,603.3900146484375,2024-12-03,590.2876586914062
42787600,604.9500122070312,607.6599731445312,607.9099731445312,605.6300048828125,2024-12-04,593.953125
28762200,606.2999877929688,606.6599731445312,608.47998046875,607.6599731445312,2024-12-05,592.9756469726562
31241500,607.02001953125,607.8099975585938,609.0700073242188,607.4400024414062,2024-12-06,594.0997314453125
34742700,604.0800170898438,604.6799926757812,607.8599853515625,607.6900024414062,2024-12-09,591.0403442382812
37234500,602.1300048828125,602.7999877929688,605.7999877929688,605.3699951171875,2024-12-10,589.2027587890625
28677700,605.5,607.4600219726562,608.4299926757812,605.780029296875,2024-12-11,593.7576904296875
31543800,604.3300170898438,604.3300170898438,607.1599731445312,606.5800170898438,2024-12-12,590.6982421875
35904700,602.8099975585938,604.2100219726562,607.1300048828125,606.4000244140625,2024-12-13,590.5810546875
43695200,605.2100219726562,606.7899780273438,607.780029296875,606.0,2024-12-16,593.102783203125
55773500,602.8900146484375,604.2899780273438,605.1699829101562,604.1900024414062,2024-12-17,590.6591186523438
108248700,585.8900146484375,586.280029296875,606.4099731445312,603.97998046875,2024-12-18,573.0554809570312
85919500,585.8499755859375,586.0999755859375,593.0,591.3599853515625,2024-12-19,572.8794555664062
125716700,580.9099731445312,591.1500244140625,595.75,581.77001953125,2024-12-20,579.7603149414062
57635800,587.6599731445312,594.6900024414062,595.2999877929688,590.8900146484375,2024-12-23,583.2320556640625
33160100,595.469970703125,601.2999877929688,601.3400268554688,596.0599975585938,2024-12-24,589.7147216796875
41219100,598.0800170898438,601.3400268554688,602.47998046875,599.5,2024-12-26,589.7539672851562
64969300,590.760009765625,595.010009765625,597.780029296875,597.5399780273438,2024-12-27,583.5458984375
56578800,584.4099731445312,588.219970703125,591.739990234375,587.8900146484375,2024-12-30,576.88671875
57052700,584.4199829101562,586.0800170898438,590.6400146484375,589.9099731445312,2024-12-31,574.7879638671875
50204000,580.5,584.6400146484375,591.1300048828125,589.3900146484375,2025-01-02,573.375732421875
37888500,586.4299926757812,591.9500122070312,592.5999755859375,587.530029296875,2025-01-03,580.544921875
47679400,593.5999755859375,595.3599853515625,599.7000122070312,596.27001953125,2025-01-06,583.8890991210938
60393100,586.780029296875,588.6300048828125,597.75,597.4199829101562,2025-01-07,577.2887573242188
47304700,585.2000122070312,589.489990234375,590.5800170898438,588.7000122070312,2025-01-08,578.1322631835938
73105000,578.5499877929688,580.489990234375,585.9500122070312,585.8800048828125,2025-01-10,569.3056030273438
47910100,575.3499755859375,581.3900146484375,581.75,575.77001953125,2025-01-13,570.1883544921875
48420600,578.3499755859375,582.1900024414062,585.0,584.3599853515625,2025-01-14,570.9729614257812
56900200,589.2000122070312,592.780029296875,593.9400024414062,590.3300170898438,2025-01-15,581.35888671875
43319700,590.9299926757812,591.6400146484375,594.3499755859375,594.1699829101562,2025-01-16,580.2409057617188
58070600,595.6099853515625,597.5800170898438,599.3599853515625,596.9600219726562,2025-01-17,586.06640625
42532900,598.6699829101562,603.0499877929688,603.0599975585938,600.6699829101562,2025-01-21,591.4309692382812
48196000,605.3599853515625,606.4400024414062,607.8200073242188,605.9199829101562,2025-01-22,594.7557373046875
41152100,605.52001953125,609.75,609.75,605.7999877929688,2025-01-23,598.0018920898438
34604700,606.7999877929688,607.969970703125,610.780029296875,609.8099975585938,2025-01-24,596.2562255859375
70361100,594.6400146484375,599.3699951171875,599.6900024414062,594.8099975585938,2025-01-27,587.8218383789062
44433300,597.25,604.52001953125,605.3699951171875,600.6199951171875,2025-01-28,592.8726806640625
37177400,599.219970703125,601.8099975585938,604.1300048828125,603.719970703125,2025-01-29,590.2149047851562
39281300,600.719970703125,605.0399780273438,606.5999755859375,603.9600219726562,2025-01-30,593.3826293945312
66566900,601.0499877929688,601.8200073242188,609.9600219726562,607.5,2025-01-31,590.224609375
65857200,590.489990234375,597.77001953125,600.2899780273438,592.6699829101562,2025-02-03,586.2527465820312
33457800,597.280029296875,601.780029296875,602.2999877929688,597.8300170898438,2025-02-04,590.1854858398438
30653100,598.5800170898438,604.219970703125,604.3699951171875,600.6400146484375,2025-02-05,592.5784301757812
35771500,602.6300048828125,606.3200073242188,606.4500122070312,605.989990234375,2025-02-06,594.6380004882812
50788500,600.0499877929688,600.77001953125,608.1300048828125,606.8900146484375,2025-02-07,589.1950073242188
26048700,602.739990234375,604.8499755859375,605.5,604.030029296875,2025-02-10,593.1962280273438
30056700,602.4299926757812,605.3099975585938,605.8599853515625,602.5499877929688,2025-02-11,593.6474609375
45076100,598.510009765625,603.3599853515625,604.5499877929688,599.2000122070312,2025-02-12,591.7349853515625
40921300,603.2000122070312,609.72998046875,609.9400024414062,604.47998046875,2025-02-13,597.9822998046875
26910400,609.0700073242188,609.7000122070312,610.989990234375,609.9400024414062,2025-02-14,597.9528198242188
26749000,608.3800048828125,611.489990234375,611.489990234375,610.8800048828125,2025-02-18,599.7083740234375
31011100,609.5599975585938,612.9299926757812,613.22998046875,610.0800170898438,2025-02-19,601.1205444335938
36554000,607.02001953125,610.3800048828125,611.6799926757812,611.5399780273438,2025-02-20,598.619873046875
76519800,599.469970703125,599.9400024414062,610.2999877929688,610.1599731445312,2025-02-21,588.3809814453125
50737200,596.489990234375,597.2100219726562,603.030029296875,602.02001953125,2025-02-24,585.7035522460938
58266500,589.5599975585938,594.239990234375,597.8900146484375,597.1500244140625,2025-02-25,582.7907104492188
43321600,591.8599853515625,594.5399780273438,599.5800170898438,595.9299926757812,2025-02-26,583.0849609375
74196700,584.6500244140625,585.0499877929688,598.02001953125,596.8499755859375,2025-02-27,573.77783203125
88744100,582.4400024414062,594.1799926757812,594.719970703125,585.5599975585938,2025-02-28,582.73193359375
74249200,579.9000244140625,583.77001953125,597.3400268554688,596.1799926757812,2025-03-03,572.5224609375
109648200,572.25,576.8599853515625,585.3900146484375,579.7100219726562,2025-03-04,565.74560546875
71230500,573.0800170898438,583.0599975585938,584.8800048828125,576.6900024414062,2025-03-05,571.826171875
80094900,570.1199951171875,572.7100219726562,580.1699829101562,575.47998046875,2025-03-06,561.6755981445312
81158800,565.6300048828125,575.9199829101562,577.3900146484375,570.9000244140625,2025-03-07,564.8236694335938
99326600,555.5900268554688,560.5800170898438,569.5399780273438,567.5900268554688,2025-03-10,549.779296875
88102100,552.02001953125,555.9199829101562,564.02001953125,559.4000244140625,2025-03-11,545.2090454101562
69588200,553.6900024414062,558.8699951171875,563.1099853515625,562.1699829101562,2025-03-12,548.1021728515625
74079400,549.6799926757812,551.4199829101562,559.1099853515625,558.489990234375,2025-03-13,540.7957763671875
62660300,551.489990234375,562.8099975585938,563.8300170898438,556.1099853515625,2025-03-14,551.96630859375
49008700,562.3499755859375,567.1500244140625,569.7100219726562,562.7899780273438,2025-03-17,556.2227172851562
66041400,559.0599975585938,561.02001953125,565.02001953125,564.7999877929688,2025-03-18,550.2108154296875
66556000,561.6300048828125,567.1300048828125,570.9500122070312,562.8300170898438,2025-03-19,556.2030639648438
62958200,562.5999755859375,565.489990234375,570.5700073242188,563.3300170898438,2025-03-20,554.5947265625
83763000,558.030029296875,563.97998046875,564.8900146484375,559.280029296875,2025-03-21,554.7776489257812
58766800,570.2000122070312,574.0800170898438,575.1500244140625,570.7999877929688,2025-03-24,564.712890625
38355700,573.6900024414062,575.4600219726562,576.4099731445312,575.2999877929688,2025-03-25,566.0703735351562
51848300,567.1900024414062,568.5900268554688,576.3300170898438,575.1900024414062,2025-03-26,559.3125
42164200,564.9400024414062,567.0800170898438,570.9000244140625,567.1799926757812,2025-03-27,557.8270874023438
71662700,555.0700073242188,555.6599731445312,566.27001953125,565.530029296875,2025-03-28,546.59326171875
95328200,546.8699951171875,559.3900146484375,560.7100219726562,549.8300170898438,2025-03-31,550.2625122070312
54609600,553.6799926757812,560.969970703125,562.9400024414062,557.4500122070312,2025-04-01,551.8167724609375
76014500,554.8099975585938,564.52001953125,567.4199829101562,555.0499877929688,2025-04-02,555.308837890625
125986000,536.7000122070312,536.7000122070312,547.969970703125,545.1099853515625,2025-04-03,527.9428100585938
217965100,505.05999755859375,505.2799987792969,525.8699951171875,523.6699829101562,2025-04-04,497.035400390625
256611400,481.79998779296875,504.3800048828125,523.1699829101562,489.19000244140625,2025-04-07,496.150146484375
165816600,489.1600036621094,496.4800109863281,524.97998046875,521.8599853515625,2025-04-08,488.3790588378906
241867300,493.04998779296875,548.6199951171875,548.6199951171875,493.44000244140625,2025-04-09,539.6683959960938
162331200,509.32000732421875,524.5800170898438,533.5,532.1699829101562,2025-04-10,516.0206298828125
97866300,520.0700073242188,533.9400024414062,536.4299926757812,523.010009765625,2025-04-11,525.2279052734375
68034000,533.8599853515625,539.1199951171875,544.280029296875,544.0499877929688,2025-04-14,530.3233032226562
56892900,536.8099975585938,537.6099853515625,543.22998046875,539.6699829101562,2025-04-15,528.837890625
83484800,520.2899780273438,525.6599731445312,537.8900146484375,531.6799926757812,2025-04-16,517.0828857421875
79868100,523.9099731445312,526.4099731445312,531.1699829101562,527.6400146484375,2025-04-17,517.8206176757812
69368100,508.4599914550781,513.8800048828125,521.7000122070312,521.1599731445312,2025-04-21,505.4950866699219
75948100,519.1900024414062,527.25,529.2999877929688,520.1400146484375,2025-04-22,518.6469116210938
90590700,533.8800048828125,535.4199829101562,545.4299926757812,540.4299926757812,2025-04-23,526.6836547851562
64150400,535.4500122070312,546.6900024414062,547.4299926757812,536.719970703125,2025-04-24,537.7698364257812
61119600,543.6900024414062,550.6400146484375,551.0499877929688,546.6500244140625,2025-04-25,541.6553344726562
47613800,545.02001953125,550.8499755859375,553.5499877929688,551.3900146484375,2025-04-28,541.86181640625
47775100,548.5499877929688,554.3200073242188,555.4500122070312,548.9099731445312,2025-04-29,545.2752685546875
93101500,541.52001953125,554.5399780273438,556.52001953125,547.5700073242188,2025-04-30,545.4916381835938
63186100,557.8599853515625,558.469970703125,564.0700073242188,560.3699951171875,2025-05-01,549.3574829101562
60717300,562.3800048828125,566.760009765625,568.3800048828125,564.72998046875,2025-05-02,557.5122680664062
38659200,561.7000122070312,563.510009765625,566.6500244140625,562.5700073242188,2025-05-05,554.3153076171875
48264700,556.9600219726562,558.7999877929688,563.3499755859375,557.9299926757812,2025-05-06,549.68212890625
55588000,556.0399780273438,561.1500244140625,563.8200073242188,560.1500244140625,2025-05-07,551.9937744140625
65130800,561.7000122070312,565.0599975585938,570.3099975585938,565.239990234375,2025-05-08,555.840087890625
37603400,562.760009765625,564.3400268554688,567.5,566.47998046875,2025-05-09,555.1317749023438
78993600,577.0399780273438,582.989990234375,583.0,581.469970703125,2025-05-12,573.4774169921875
67947200,582.8400268554688,586.8400268554688,589.0800170898438,583.4099731445312,2025-05-13,577.2646484375
66283500,585.5399780273438,587.5900268554688,588.97998046875,587.8099975585938,2025-05-14,578.0023803710938
71268100,585.0999755859375,590.4600219726562,590.969970703125,585.5599975585938,2025-05-15,580.8256225585938
76052100,589.280029296875,594.2000122070312,594.5,591.25,2025-05-16,584.5045166015625
68168500,588.0999755859375,594.8499755859375,595.5399780273438,588.0999755859375,2025-05-19,585.1439208984375
60614500,589.5999755859375,592.8499755859375,594.0499877929688,593.0900268554688,2025-05-20,583.1765747070312
95197700,581.8200073242188,582.8599853515625,592.5800170898438,588.4400024414062,2025-05-21,573.349609375
70860400,581.4099731445312,583.0900268554688,586.6199951171875,582.6599731445312,2025-05-22,573.5758666992188
76029000,575.5999755859375,579.1099853515625,581.8099975585938,575.97998046875,2025-05-23,569.6608276367188
72588500,578.4299926757812,591.1500244140625,591.3099975585938,586.0700073242188,2025-05-27,581.50439453125
68445500,586.989990234375,587.72998046875,592.77001953125,591.5599975585938,2025-05-28,578.14013671875
69973300,586.0700073242188,590.0499877929688,593.2000122070312,593.0599975585938,2025-05-29,580.4222412109375
90601200,583.239990234375,589.3900146484375,591.1300048828125,588.9299926757812,2025-05-30,579.7730712890625
61630500,585.0599975585938,592.7100219726562,592.7899780273438,587.760009765625,2025-06-02,583.0388793945312
63606200,591.8499755859375,596.0900268554688,597.0800170898438,592.3400268554688,2025-06-03,586.3637084960938
57314200,595.489990234375,595.9299926757812,597.9500122070312,596.9600219726562,2025-06-04,586.206298828125
92278700,591.0499877929688,593.0499877929688,599.0,597.6300048828125,2025-06-05,583.3732299804688
66588700,596.8599853515625,599.1400146484375,600.8300170898438,598.6599731445312,2025-06-06,589.3639526367188
53016400,598.489990234375,599.6799926757812,601.25,599.719970703125,2025-06-09,589.8950805664062
66247000,599.0900268554688,603.0800170898438,603.469970703125,600.219970703125,2025-06-10,593.2396850585938
73658200,599.27001953125,601.3599853515625,605.0599975585938,604.1900024414062,2025-06-11,591.5476684570312
64129000,599.52001953125,603.75,603.75,600.010009765625,2025-06-12,593.8987426757812
89506000,595.47998046875,597.0,601.8499755859375,598.5,2025-06-13,587.2587890625
79984100,600.219970703125,602.6799926757812,604.4500122070312,600.4000244140625,2025-06-16,592.84619140625
82209400,596.760009765625,597.530029296875,601.75,600.2100219726562,2025-06-17,587.7802734375
76605000,596.469970703125,597.4400024414062,601.219970703125,598.4400024414062,2025-06-18,587.691650390625
94051400,592.8599853515625,594.280029296875,599.4600219726562,598.3800048828125,2025-06-20,586.3114624023438
87426000,591.8900146484375,600.1500244140625,600.5399780273438,595.0399780273438,2025-06-23,592.1026611328125
67735300,603.4099731445312,606.780029296875,607.8499755859375,604.3300170898438,2025-06-24,598.6439208984375
62114800,605.5399780273438,607.1199951171875,608.6099853515625,607.9099731445312,2025-06-25,598.979248046875
78548400,608.3699951171875,611.8699951171875,612.3099975585938,608.989990234375,2025-06-26,603.6655883789062
86258400,610.8300170898438,614.9099731445312,616.3900146484375,612.8800048828125,2025-06-27,606.6647338867188
92502500,615.0399780273438,617.8499755859375,619.219970703125,617.3800048828125,2025-06-30,609.5653686523438
70030100,615.52001953125,617.6500244140625,618.8300170898438,616.3599853515625,2025-07-01,609.3681640625
66510400,616.6099853515625,620.4500122070312,620.489990234375,617.239990234375,2025-07-02,612.1305541992188
51065800,622.4299926757812,625.3400268554688,626.280029296875,622.4500122070312,2025-07-03,616.9549560546875
74814500,617.8699951171875,620.6799926757812,624.030029296875,623.3599853515625,2025-07-07,612.3574829101562
59024600,619.52001953125,620.3400268554688,622.1099853515625,621.3499755859375,2025-07-08,612.02197265625
66113300,620.9099731445312,624.0599975585938,624.719970703125,622.77001953125,2025-07-09,615.692138671875
57529000,623.010009765625,625.8200073242188,626.8699951171875,624.2000122070312,2025-07-10,617.4285888671875
63670200,621.530029296875,623.6199951171875,624.8599853515625,622.739990234375,2025-07-11,615.2579956054688
51898500,621.7999877929688,624.8099975585938,625.1599731445312,623.1599731445312,2025-07-14,616.4320678710938
74317300,622.0599975585938,622.1400146484375,627.8599853515625,627.52001953125,2025-07-15,613.7979736328125
88987500,618.0499877929688,624.219970703125,624.72998046875,623.739990234375,2025-07-16,615.8499755859375
68885700,624.1799926757812,628.0399780273438,628.4000244140625,624.4000244140625,2025-07-17,619.61865234375
65621600,626.4600219726562,627.5800170898438,629.469970703125,629.2999877929688,2025-07-18,619.1649780273438
63375000,628.3400268554688,628.77001953125,631.5399780273438,628.77001953125,2025-07-21,620.3389282226562
60046300,626.1900024414062,628.8599853515625,629.72998046875,629.0999755859375,2025-07-22,620.427734375
70511000,629.72998046875,634.2100219726562,634.2100219726562,631.5499877929688,2025-07-23,625.7059936523438
71307100,633.989990234375,634.4199829101562,636.1500244140625,634.5999755859375,2025-07-24,625.9132690429688
56865400,634.8400268554688,637.0999755859375,637.5800170898438,635.0900268554688,2025-07-25,628.5572509765625
54917100,635.5399780273438,636.9400024414062,638.0399780273438,637.47998046875,2025-07-28,628.3993530273438
60556300,634.3400268554688,635.260009765625,638.6699829101562,638.3499755859375,2025-07-29,626.741943359375
80418900,631.5399780273438,634.4600219726562,637.6799926757812,635.9199829101562,2025-07-30,625.9526977539062
103385200,630.77001953125,632.0800170898438,639.8499755859375,639.4600219726562,2025-07-31,623.6046142578125
140103600,619.2899780273438,621.719970703125,626.3400268554688,626.2999877929688,2025-08-01,613.3834838867188
73218000,625.5800170898438,631.1699829101562,631.219970703125,625.6699829101562,2025-08-04,622.7067260742188
68051400,627.0399780273438,627.969970703125,632.6099853515625,631.7899780273438,2025-08-05,619.5496215820312
64357500,628.1300048828125,632.780029296875,633.4400024414062,629.0499877929688,2025-08-06,624.2952270507812
74205800,629.1099853515625,632.25,636.97998046875,636.239990234375,2025-08-07,623.7722778320312
64051600,633.739990234375,637.1799926757812,637.6500244140625,634.0599975585938,2025-08-08,628.6361694335938
58742300,634.6599731445312,635.9199829101562,638.9500122070312,637.4600219726562,2025-08-11,627.3930053710938
64730800,636.7899780273438,642.6900024414062,642.8499755859375,638.2899780273438,2025-08-12,634.072265625
60092800,642.6799926757812,644.8900146484375,646.1900024414062,644.9099731445312,2025-08-13,636.2427978515625
59327500,642.3400268554688,644.9500122070312,645.6199951171875,642.7899780273438,2025-08-14,636.302001953125
68592500,642.52001953125,643.4400024414062,646.0900268554688,645.989990234375,2025-08-15,634.812255859375
43804900,642.1799926757812,643.2999877929688,644.0,642.8599853515625,2025-08-18,634.6741943359375
69750700,638.47998046875,639.8099975585938,644.1099853515625,643.1199951171875,2025-08-19,631.23095703125
88890300,632.9500122070312,638.1099853515625,639.6599731445312,639.4000244140625,2025-08-20,629.5537109375
54805800,633.8099975585938,635.5499877929688,637.969970703125,636.280029296875,2025-08-21,627.028076171875
84083200,637.25,645.3099975585938,646.5,637.760009765625,2025-08-22,636.6571655273438
51274300,642.3499755859375,642.469970703125,645.2899780273438,644.0399780273438,2025-08-25,633.855224609375
51581600,641.5700073242188,645.1599731445312,645.510009765625,642.2000122070312,2025-08-26,636.5090942382812
48341100,644.4199829101562,646.6300048828125,647.3699951171875,644.5700073242188,2025-08-27,637.95947265625
61519500,645.3400268554688,648.9199829101562,649.47998046875,647.239990234375,2025-08-28,640.21875
74522200,643.1400146484375,645.0499877929688,647.8400268554688,647.469970703125,2025-08-29,636.4006958007812
81983500,634.9199829101562,640.27001953125,640.489990234375,637.5,2025-09-02,631.684814453125
70820900,640.4600219726562,643.739990234375,644.2100219726562,642.6699829101562,2025-09-03,635.1082153320312
65219200,643.510009765625,649.1199951171875,649.1500244140625,644.4199829101562,2025-09-04,640.4161376953125
85178900,643.3300170898438,647.239990234375,652.2100219726562,651.47998046875,2025-09-05,638.5613403320312
63133100,647.22998046875,648.8300170898438,649.8400268554688,648.6199951171875,2025-09-08,640.1300048828125
66133900,647.219970703125,650.3300170898438,650.8599853515625,648.969970703125,2025-09-09,641.6099243164062
78034500,650.6300048828125,652.2100219726562,654.5499877929688,653.6199951171875,2025-09-10,643.4647216796875
69934400,653.5900268554688,657.6300048828125,658.3300170898438,654.1799926757812,2025-09-11,648.8119506835938
72780100,656.9000244140625,657.4099731445312,659.1099853515625,657.5999755859375,2025-09-12,648.594970703125
63772400,659.3400268554688,660.9099731445312,661.0399780273438,659.6400146484375,2025-09-15,652.0479736328125
61169000,659.2100219726562,660.0,661.780029296875,661.469970703125,2025-09-16,651.1502075195312
101952200,654.2999877929688,659.1799926757812,661.719970703125,660.010009765625,2025-09-17,650.3411865234375
90459200,660.27001953125,662.260009765625,664.8900146484375,661.8900146484375,2025-09-18,653.3798828125
97945600,660.3699951171875,663.7000122070312,664.5499877929688,662.3300170898438,2025-09-19,656.6160278320312
69452200,662.1699829101562,666.8400268554688,667.2899780273438,662.2000122070312,2025-09-22,659.7225952148438
81708900,661.97998046875,663.2100219726562,667.3400268554688,666.719970703125,2025-09-23,656.1311645507812
68082200,659.6699829101562,661.0999755859375,664.6099853515625,664.510009765625,2025-09-24,654.043701171875
89622100,654.4099731445312,658.0499877929688,659.4099731445312,657.9400024414062,2025-09-25,651.0263061523438
69179200,657.8800048828125,661.8200073242188,662.3699951171875,659.510009765625,2025-09-26,654.756103515625
73499000,661.8599853515625,663.6799926757812,665.280029296875,664.3599853515625,2025-09-29,656.59619140625
86288000,661.6099853515625,666.1799926757812,666.6500244140625,662.9299926757812,2025-09-30,659.0694580078125
72545400,663.0599975585938,668.4500122070312,669.3699951171875,663.1699829101562,2025-10-01,661.3153076171875
56896000,666.780029296875,669.219970703125,670.5700073242188,670.4500122070312,2025-10-02,662.0769653320312
70494400,668.1599731445312,669.2100219726562,672.6799926757812,669.989990234375,2025-10-03,662.0672607421875
54623300,669.4600219726562,671.6099853515625,672.510009765625,671.6199951171875,2025-10-06,664.4415283203125
72020100,667.6699829101562,669.1199951171875,672.989990234375,672.5399780273438,2025-10-07,661.9781494140625
60702200,669.4199829101562,673.1099853515625,673.2100219726562,670.25,2025-10-08,665.925537109375
66501900,669.2100219726562,671.1599731445312,673.9400024414062,673.530029296875,2025-10-09,663.9963989257812
159422600,652.8400268554688,653.02001953125,673.9500122070312,672.1300048828125,2025-10-10,646.0499877929688
79560500,659.77001953125,663.0399780273438,665.1300048828125,660.6500244140625,2025-10-13,655.9630126953125
88779600,653.1699829101562,662.22998046875,665.8300170898438,657.1699829101562,2025-10-14,655.1616821289062
81702600,658.9299926757812,665.1699829101562,670.22998046875,666.8200073242188,2025-10-15,658.0703125
110563300,657.1099853515625,660.6400146484375,668.7100219726562,666.8200073242188,2025-10-16,653.588623046875
96500900,658.1400146484375,664.3900146484375,665.760009765625,659.5,2025-10-17,657.2986450195312
60493400,667.27001953125,671.2999877929688,672.2100219726562,667.3200073242188,2025-10-20,664.1348266601562
56249000,669.97998046875,671.2899780273438,672.989990234375,671.4400024414062,2025-10-21,664.1249389648438
80564000,663.2999877929688,667.7999877929688,672.0,672.0,2025-10-22,660.6721801757812
65604500,667.7999877929688,671.760009765625,672.7100219726562,668.1199951171875,2025-10-23,664.5899658203125
74356500,675.6500244140625,677.25,678.469970703125,676.4600219726562,2025-10-24,670.0213623046875
63339800,682.1199951171875,685.239990234375,685.5399780273438,682.72998046875,2025-10-27,677.9260864257812
61738100,684.8300170898438,687.0599975585938,688.9099731445312,687.0499877929688,2025-10-28,679.7266235351562
85657100,682.8699951171875,687.3900146484375,689.7000122070312,688.719970703125,2025-10-29,680.0531616210938
76335800,679.8300170898438,679.8300170898438,685.9400024414062,683.9000244140625,2025-10-30,672.5739135742188
87164100,679.239990234375,682.0599975585938,685.0800170898438,685.0399780273438,2025-10-31,674.780029296875
57315000,679.9400024414062,683.3400268554688,685.7999877929688,685.6699829101562,2025-11-03,676.04638671875
78427000,674.5800170898438,675.239990234375,679.9600219726562,676.1099853515625,2025-11-04,668.0327758789062
74402400,674.1699829101562,677.5800170898438,680.8599853515625,674.97998046875,2025-11-05,670.3478393554688
85035300,668.719970703125,670.3099975585938,677.3800048828125,676.469970703125,2025-11-06,663.1554565429688
100592400,661.2100219726562,670.969970703125,671.0800170898438,667.9099731445312,2025-11-07,663.808349609375
75842900,675.030029296875,681.4400024414062,682.1799926757812,677.239990234375,2025-11-10,674.1666259765625
58953400,678.72998046875,683.0,683.5700073242188,679.9500122070312,2025-11-11,675.7098999023438
62312500,680.9500122070312,683.3800048828125,684.9600219726562,684.7899780273438,2025-11-12,676.0859375
103457800,670.52001953125,672.0399780273438,680.8599853515625,680.5,2025-11-13,664.8670043945312
96846700,663.27001953125,671.9299926757812,675.6599731445312,665.3800048828125,2025-11-14,664.758056640625
90456100,662.1699829101562,665.6699829101562,673.7100219726562,669.7000122070312,2025-11-17,658.5650024414062
114467500,655.8599853515625,660.0800170898438,665.1199951171875,662.0999755859375,2025-11-18,653.0346069335938
94703000,658.75,662.6300048828125,667.3400268554688,660.780029296875,2025-11-19,655.5574340820312
165293500,651.8900146484375,652.530029296875,675.5599975585938,672.9099731445312,2025-11-20,645.5652465820312
123956200,650.8499755859375,659.030029296875,664.5499877929688,655.0499877929688,2025-11-21,651.9959106445312
80437900,661.5900268554688,668.72998046875,670.0599975585938,662.6900024414062,2025-11-24,661.59228515625
81077100,664.47998046875,675.02001953125,676.2100219726562,668.6300048828125,2025-11-25,667.815185546875
71879600,676.719970703125,679.6799926757812,681.7000122070312,677.6300048828125,2025-11-26,672.4254150390625
49212000,680.5,683.3900146484375,683.6699829101562,680.8599853515625,2025-11-28,676.0958862304688
61201200,678.739990234375,680.27001953125,682.989990234375,678.8099975585938,2025-12-01,673.0091552734375
62953800,679.3300170898438,681.530029296875,683.8200073242188,681.9199829101562,2025-12-02,674.2556762695312
57238500,679.6900024414062,683.8900146484375,684.9099731445312,680.5700073242188,2025-12-03,676.5905151367188
61970300,681.3400268554688,684.3900146484375,685.3699951171875,685.2999877929688,2025-12-04,677.085205078125
79241000,684.5800170898438,685.6900024414062,688.3900146484375,685.469970703125,2025-12-05,678.3712158203125
55231500,681.5700073242188,683.6300048828125,686.6400146484375,686.5900268554688,2025-12-08,676.3333129882812
58310100,682.5900268554688,683.0399780273438,685.3900146484375,683.1500244140625,2025-12-09,675.7495727539062
85671300,681.3099975585938,687.5700073242188,688.969970703125,682.5599975585938,2025-12-10,680.231201171875
86173700,682.1699829101562,689.1699829101562,689.25,685.1400146484375,2025-12-11,681.8141479492188
113160300,679.1699829101562,681.760009765625,688.8800048828125,688.1699829101562,2025-12-12,674.4832763671875
90811000,679.25,680.72998046875,685.760009765625,685.739990234375,2025-12-15,673.4641723632812
122030600,674.97998046875,678.8699951171875,681.0800170898438,679.22998046875,2025-12-16,671.6240844726562
110625200,671.2000122070312,671.4000244140625,680.4400024414062,679.8900146484375,2025-12-17,664.23388671875
108650100,674.9000244140625,676.469970703125,680.739990234375,677.5999755859375,2025-12-18,669.2496337890625
103599500,676.469970703125,680.5900268554688,681.0900268554688,676.5900268554688,2025-12-19,675.3153686523438
69556700,680.5900268554688,684.8300170898438,685.3599853515625,683.9400024414062,2025-12-22,679.5224609375
64840000,683.8699951171875,687.9600219726562,688.2000122070312,683.9199829101562,2025-12-23,682.6282348632812
39445600,687.7999877929688,690.3800048828125,690.8300170898438,687.9500122070312,2025-12-24,685.0294799804688
41613300,689.27001953125,690.3099975585938,691.6599731445312,690.6400146484375,2025-12-26,684.9600219726562
62559500,686.0700073242188,687.8499755859375,689.2000122070312,687.5399780273438,2025-12-29,682.51904296875
47160700,686.5800170898438,687.010009765625,688.5599975585938,687.4500122070312,2025-12-30,681.685546875
74144800,681.7100219726562,681.9199829101562,687.3599853515625,687.1400146484375,2025-12-31,676.635009765625
89377200,679.8200073242188,683.1699829101562,686.8699951171875,685.7100219726562,2026-01-02,677.8753051757812
71927200,686.3800048828125,687.719970703125,689.4299926757812,686.5399780273438,2026-01-05,682.3900756835938
69273800,687.780029296875,691.8099975585938,692.3200073242188,687.9299926757812,2026-01-06,686.4483642578125
75588300,689.3200073242188,689.5800170898438,693.9600219726562,692.1900024414062,2026-01-07,684.2356567382812
64019200,687.489990234375,689.510009765625,690.6199951171875,688.8200073242188,2026-01-08,684.1661987304688
80125500,689.1799926757812,694.0700073242188,695.3099975585938,690.6300048828125,2026-01-09,688.6908569335938
63976000,690.6300048828125,695.1599731445312,696.0900268554688,690.6799926757812,2026-01-12,689.7723388671875
78309700,691.3499755859375,693.77001953125,696.0900268554688,695.489990234375,2026-01-13,688.3931884765625
94676700,686.0399780273438,690.3599853515625,691.719970703125,691.0,2026-01-14,685.009521484375
77862000,691.25,692.239990234375,695.4500122070312,694.5700073242188,2026-01-15,686.875
79289200,690.0999755859375,691.6599731445312,694.25,693.6599731445312,2026-01-16,686.299560546875
111623300,676.5700073242188,677.5800170898438,684.77001953125,681.489990234375,2026-01-20,672.3286743164062
127844500,678.1300048828125,685.4000244140625,688.739990234375,679.6500244140625,2026-01-21,680.0880737304688
77112200,686.9199829101562,688.97998046875,691.1300048828125,689.8499755859375,2026-01-22,683.6403198242188
63059600,687.1599731445312,689.22998046875,690.9600219726562,688.1500244140625,2026-01-23,683.8883056640625
60473800,689.9199829101562,692.72998046875,694.1300048828125,690.489990234375,2026-01-26,687.3612060546875
55506100,693.5700073242188,695.489990234375,696.530029296875,694.1799926757812,2026-01-27,690.099853515625
61172200,693.9400024414062,695.4199829101562,697.8400268554688,697.0499877929688,2026-01-28,690.0303955078125
97486200,684.8300170898438,694.0399780273438,697.0599975585938,696.3900146484375,2026-01-29,688.6610717773438
101835100,687.1199951171875,691.969970703125,694.2100219726562,691.7899780273438,2026-01-30,686.6071166992188
79286500,689.4199829101562,695.4099731445312,696.9299926757812,689.5800170898438,2026-02-02,690.0204467773438
107904600,684.030029296875,689.530029296875,696.9600219726562,696.2100219726562,2026-02-03,684.18603515625
105204600,681.760009765625,686.1900024414062,691.4500122070312,690.3499755859375,2026-02-04,680.8718872070312
113610800,675.7899780273438,677.6199951171875,683.6900024414062,680.9400024414062,2026-02-05,672.3683471679688
89127600,680.8499755859375,690.6199951171875,692.3099975585938,681.4600219726562,2026-02-06,685.267578125
73885200,688.3400268554688,693.9500122070312,695.8699951171875,689.4199829101562,2026-02-09,688.57177734375
65185700,691.6599731445312,692.1199951171875,696.5399780273438,694.9500122070312,2026-02-10,686.7559204101562
76353900,689.1799926757812,691.9600219726562,697.1400146484375,696.3900146484375,2026-02-11,686.5972290039062
118829000,680.3699951171875,681.27001953125,695.3499755859375,694.239990234375,2026-02-12,675.9900512695312
96267500,677.52001953125,681.75,686.280029296875,681.6900024414062,2026-02-13,676.4663696289062
81354700,675.780029296875,682.8499755859375,684.9400024414062,680.1400146484375,2026-02-17,677.5578002929688
73570300,682.8300170898438,686.2899780273438,689.1500244140625,684.02001953125,2026-02-18,680.9711303710938
58649400,681.5499877929688,684.47998046875,686.1799926757812,683.8400268554688,2026-02-19,679.1751098632812
100034000,681.72998046875,689.4299926757812,690.0599975585938,682.3200073242188,2026-02-20,684.0868530273438
90558100,680.3699951171875,682.3900146484375,690.0,687.8300170898438,2026-02-23,677.1013793945312
73798700,680.0,687.3499755859375,688.3499755859375,681.9000244140625,2026-02-24,682.0228881835938
56369500,690.0999755859375,693.1500244140625,693.6799926757812,690.1799926757812,2026-02-25,687.7779541015625
71671000,684.3499755859375,689.2999877929688,693.2999877929688,693.280029296875,2026-02-26,683.957763671875
83308900,681.6400146484375,685.989990234375,686.8599853515625,683.0900268554688,2026-02-27,680.6734008789062
87477200,678.02001953125,686.3800048828125,688.6199951171875,678.7000122070312,2026-03-02,681.0604858398438
105003100,669.6599731445312,680.3300170898438,682.6099853515625,675.0599975585938,2026-03-03,675.057373046875
79182200,679.6199951171875,685.1300048828125,687.0900268554688,681.6300048828125,2026-03-04,679.8201904296875
106606500,675.6099853515625,681.3099975585938,685.530029296875,682.0800170898438,2026-03-05,676.0297241210938
100687000,669.760009765625,672.3800048828125,676.1099853515625,673.4099731445312,2026-03-06,667.1689453125
102667700,662.3900146484375,678.27001953125,679.9199829101562,666.3900146484375,2026-03-09,673.0133056640625
81505300,674.760009765625,677.1799926757812,683.3599853515625,677.719970703125,2026-03-10,671.9317016601562
68441700,673.3400268554688,676.3300170898438,680.0800170898438,677.5800170898438,2026-03-11,671.0883178710938
108882200,665.8699951171875,666.0599975585938,671.6500244140625,671.1599731445312,2026-03-12,660.8978881835938
97200200,661.3599853515625,662.2899780273438,672.3400268554688,669.27001953125,2026-03-13,657.1571655273438
82023100,667.1199951171875,669.030029296875,672.0700073242188,668.3800048828125,2026-03-16,663.8449096679688
87128000,669.7000122070312,670.7899780273438,674.4400024414062,672.3900146484375,2026-03-17,665.5912475585938
82062600,661.1900024414062,661.4299926757812,669.719970703125,668.3599853515625,2026-03-18,656.3038330078125
111272500,655.1699829101562,659.7999877929688,662.97998046875,656.969970703125,2026-03-19,654.6864013671875
163617500,644.719970703125,648.5700073242188,656.6900024414062,656.510009765625,2026-03-20,645.301025390625
134802700,653.9400024414062,655.3800048828125,662.6199951171875,658.0700073242188,2026-03-23,652.07666015625
96457500,649.8800048828125,653.1799926757812,657.030029296875,651.3200073242188,2026-03-24,649.8877563476562
90653800,654.239990234375,656.8200073242188,660.8900146484375,658.6699829101562,2026-03-25,653.5093994140625
96494400,644.8200073242188,645.0900268554688,654.8499755859375,652.0599975585938,2026-03-26,641.8385620117188
103649400,633.1099853515625,634.0900268554688,642.6599731445312,642.5,2026-03-27,630.8939819335938
99275900,629.280029296875,631.969970703125,640.3699951171875,640.1099853515625,2026-03-30,628.78466796875
152534100,637.97998046875,650.3400268554688,651.5399780273438,638.9400024414062,2026-03-31,647.0620727539062
97841500,653.0,655.239990234375,658.52001953125,653.9000244140625,2026-04-01,651.9373779296875
68358700,645.1099853515625,655.8300170898438,658.2000122070312,646.4199829101562,2026-04-02,652.5244140625
39105800,655.52001953125,658.9299926757812,659.719970703125,655.8599853515625,2026-04-06,655.6088256835938
69980400,651.0599975585938,659.219970703125,659.6099853515625,656.6500244140625,2026-04-07,655.8972778320312
93606100,671.4600219726562,676.010009765625,677.0800170898438,676.3900146484375,2026-04-08,672.6027221679688
57134400,673.77001953125,679.9099731445312,681.1599731445312,674.8400268554688,2026-04-09,676.4829711914062
42253500,678.4500122070312,679.4600219726562,682.030029296875,681.3200073242188,2026-04-10,676.0353393554688
54185800,676.5800170898438,686.0999755859375,686.2999877929688,677.4099731445312,2026-04-13,682.641845703125
63480500,687.6599731445312,694.4600219726562,694.5800170898438,687.6900024414062,2026-04-14,690.959716796875
58240400,694.2000122070312,699.9400024414062,700.280029296875,695.260009765625,2026-04-15,696.412109375
49972400,698.530029296875,701.6599731445312,702.780029296875,701.0599975585938,2026-04-16,698.1234130859375
70661900,705.760009765625,710.1400146484375,712.3900146484375,706.1400146484375,2026-04-17,706.5607299804688
43546800,706.1400146484375,708.719970703125,709.9099731445312,708.780029296875,2026-04-20,705.1477661132812
58941400,702.6400146484375,704.0800170898438,711.280029296875,710.280029296875,2026-04-21,700.53125
42518500,708.219970703125,711.2100219726562,711.4500122070312,709.1500244140625,2026-04-22,707.6253051757812
56174000,702.280029296875,708.4500122070312,712.3599853515625,709.5,2026-04-23,704.8792114257812
45182000,709.010009765625,713.9400024414062,714.469970703125,710.75,2026-04-24,710.341552734375
33135900,712.2999877929688,715.1699829101562,715.6300048828125,713.1699829101562,2026-04-27,711.5653076171875
43117400,709.25,711.6900024414062,712.8800048828125,711.8200073242188,2026-04-28,708.1028442382812
41859200,708.3699951171875,711.5800170898438,712.2000122070312,711.0,2026-04-29,707.993408203125
67240900,710.4500122070312,718.6599731445312,719.7899780273438,714.6300048828125,2026-04-30,715.0377197265625
43049800,720.469970703125,720.6500244140625,724.8699951171875,721.25,2026-05-01,717.0177001953125
51950600,714.989990234375,718.010009765625,722.1199951171875,720.0700073242188,2026-05-04,714.3909912109375
36933200,721.489990234375,723.77001953125,725.0399780273438,721.77001953125,2026-05-05,720.1220092773438
53288900,727.8200073242188,733.8300170898438,734.5900268554688,728.1599731445312,2026-05-06,730.1312866210938
51724600,729.75,731.5800170898438,736.1300048828125,735.0499877929688,2026-05-07,727.8926391601562
47227100,734.5700073242188,737.6199951171875,738.0800170898438,734.9299926757812,2026-05-08,733.9021606445312
44024000,736.4500122070312,739.2999877929688,740.7899780273438,736.4500122070312,2026-05-11,735.5736694335938
54185300,731.8300170898438,738.1799926757812,738.8400268554688,736.8900146484375,2026-05-12,734.4593505859375
44200200,735.469970703125,742.3099975585938,743.9099731445312,738.469970703125,2026-05-13,738.5685424804688
45307600,743.5599975585938,748.1699829101562,749.530029296875,743.6500244140625,2026-05-14,744.3989868164062
60410800,737.9600219726562,739.1699829101562,743.4600219726562,741.7899780273438,2026-05-15,735.4443969726562
47843900,733.3900146484375,738.6500244140625,741.4199829101562,739.8300170898438,2026-05-18,734.927001953125
54255900,731.530029296875,733.72998046875,737.6500244140625,734.780029296875,2026-05-19,730.0317993164062
45768000,733.8900146484375,741.25,741.8699951171875,735.7100219726562,2026-05-20,737.5138549804688
43332200,737.030029296875,742.719970703125,744.8699951171875,738.6400146484375,2026-05-21,738.9764404296875
41762000,744.47998046875,745.6400146484375,748.9400024414062,746.239990234375,2026-05-22,741.8817749023438
41123600,748.3699951171875,750.5900268554688,752.1300048828125,750.010009765625,2026-05-26,746.8068237304688
42106300,748.219970703125,750.4600219726562,751.3800048828125,750.8800048828125,2026-05-27,746.677490234375
41562600,749.22998046875,754.5999755859375,755.1500244140625,750.25,2026-05-28,750.7965698242188
55075700,754.6900024414062,756.47998046875,758.0800170898438,755.9000244140625,2026-05-29,752.6671142578125
43634900,754.6900024414062,758.5399780273438,760.280029296875,755.3599853515625,2026-06-01,754.7167358398438
31581900,756.75,759.5700073242188,760.4000244140625,757.030029296875,2026-06-02,755.7415771484375
51402500,753.5700073242188,754.239990234375,758.7999877929688,758.1500244140625,2026-06-03,750.4384155273438
49923000,751.469970703125,757.0900268554688,758.3099975585938,752.0999755859375,2026-06-04,753.2740478515625
93989400,735.530029296875,737.5499877929688,752.8200073242188,752.3099975585938,2026-06-05,733.83251953125
49319100,738.1900024414062,739.219970703125,745.3400268554688,743.3599853515625,2026-06-08,735.4940795898438
87683500,722.5900268554688,737.0499877929688,746.9000244140625,743.6300048828125,2026-06-09,733.3350219726562
60341300,725.3300170898438,725.4299926757812,738.3800048828125,733.3900146484375,2026-06-10,721.7736206054688
86330500,724.4099731445312,737.760009765625,740.0,728.760009765625,2026-06-11,734.04150390625
57079500,735.030029296875,741.75,744.4400024414062,740.7100219726562,2026-06-12,738.0113525390625
60176400,751.760009765625,754.8300170898438,756.6799926757812,751.8499755859375,2026-06-15,751.0254516601562
67093100,749.8800048828125,750.3300170898438,755.4400024414062,754.5499877929688,2026-06-16,746.5481567382812
85945200,739.219970703125,740.9600219726562,752.1500244140625,751.2899780273438,2026-06-17,737.225341796875
80875700,743.8599853515625,746.739990234375,748.22998046875,747.760009765625,2026-06-18,744.8902587890625
46628100,743.1300048828125,744.3900146484375,750.1799926757812,747.7000122070312,2026-06-22,742.546142578125
66846800,732.2999877929688,733.5800170898438,739.6300048828125,733.8099975585938,2026-06-23,731.7628784179688
57439500,730.8400268554688,733.239990234375,739.9500122070312,735.1699829101562,2026-06-24,731.4237060546875
53934400,729.5999755859375,734.2999877929688,739.3699951171875,738.9099731445312,2026-06-25,732.4810791015625
71034000,716.5800170898438,728.989990234375,736.530029296875,728.9500122070312,2026-06-26,727.1842651367188
58035200,732.0900268554688,741.0,741.5599975585938,736.530029296875,2026-06-29,739.1644897460938
55626000,740.8900146484375,746.77001953125,748.02001953125,741.2899780273438,2026-06-30,744.9202270507812
47100900,742.3800048828125,745.760009765625,749.4400024414062,745.0,2026-07-01,743.9127197265625
57447800,740.030029296875,744.780029296875,751.3099975585938,747.4000244140625,2026-07-02,742.9351806640625
50673300,747.4099731445312,751.280029296875,752.4099731445312,748.739990234375,2026-07-06,749.4190673828125
43721500,745.2100219726562,747.7100219726562,750.9600219726562,750.219970703125,2026-07-07,745.85791015625
43767400,739.510009765625,745.4000244140625,746.1500244140625,743.1599731445312,2026-07-08,743.5536499023438
41441700,745.5900268554688,751.7100219726562,751.969970703125,747.3499755859375,2026-07-09,749.8480224609375
42191300,748.0999755859375,754.9500122070312,755.4199829101562,752.0499877929688,2026-07-10,753.0799560546875
44013600,748.0,749.1699829101562,753.9099731445312,752.469970703125,2026-07-13,747.3142700195312
35143100,748.6599731445312,751.8300170898438,753.3400268554688,750.9099731445312,2026-07-14,749.9677124023438
43844800,750.2000122070312,754.8099975585938,755.5800170898438,754.239990234375,2026-07-15,752.9403076171875
46409800,747.8800048828125,750.719970703125,754.5700073242188,752.760009765625,2026-07-16,748.8604125976562
62651000,740.7999877929688,743.2899780273438,747.2899780273438,742.0800170898438,2026-07-17,741.4487915039062
50422300,741.510009765625,742.0900268554688,748.72998046875,747.0599975585938,2026-07-20,740.2518310546875
34324300,744.1799926757812,748.280029296875,749.0399780273438,746.2899780273438,2026-07-21,746.426513671875
32836200,746.3699951171875,747.4099731445312,750.02001953125,746.6199951171875,2026-07-22,745.55859375
55437300,735.2100219726562,738.1799926757812,742.5599975585938,739.3699951171875,2026-07-23,736.3515014648438
44782000,737.2899780273438,738.9299926757812,743.719970703125,738.510009765625,2026-07-24,737.099609375
41461200,735.8699951171875,739.0900268554688,745.530029296875,744.9099731445312,2026-07-27,737.25927734375
47322200,735.97998046875,740.8599853515625,742.7899780273438,739.1900024414062,2026-07-28,739.0248413085938
70697200,729.0999755859375,729.4600219726562,742.6799926757812,739.969970703125,2026-07-29,727.6531372070312
66811300,734.5900268554688,741.6900024414062,742.4500122070312,736.0499877929688,2026-07-30,739.852783203125
62445900,737.6799926757812,747.030029296875,748.9000244140625,744.6799926757812,2026-07-31,745.1796264648438
59927500,748.7999877929688,757.6699829101562,758.5800170898438,749.4400024414062,2026-08-03,755.793212890625
69154800,760.52001953125,771.3300170898438,773.4099731445312,760.6300048828125,2026-08-04,769.4193725585938
44689100,769.510009765625,769.7899780273438,776.8499755859375,775.8499755859375,2026-08-05,767.8831787109375
38416900,767.4600219726562,768.5599975585938,771.8200073242188,770.2100219726562,2026-08-06,766.65625
43586300,769.6099853515625,773.260009765625,773.9199829101562,771.02001953125,2026-08-07,771.3446044921875
39249500,771.6199951171875,773.030029296875,775.0499877929688,772.5999755859375,2026-08-10,771.1151733398438
36740600,769.2000122070312,770.5599975585938,774.6099853515625,774.530029296875,2026-08-11,768.6513061523438
33179100,771.280029296875,772.489990234375,774.9000244140625,774.7100219726562,2026-08-12,770.5764770507812
35634500,774.1099853515625,777.8800048828125,779.3699951171875,774.8699951171875,2026-08-13,775.9531860351562
31367900,775.4299926757812,776.3400268554688,778.7999877929688,778.5399780273438,2026-08-14,774.4169921875
34356600,772.510009765625,772.6699829101562,776.780029296875,776.1799926757812,2026-08-17,770.7560424804688
43920900,766.9199829101562,767.4500122070312,769.5,768.7000122070312,2026-08-18,765.5490112304688
40306000,768.0999755859375,769.0599975585938,772.469970703125,770.3599853515625,2026-08-19,767.1549682617188
45520300,762.0399780273438,762.5999755859375,768.1500244140625,765.9600219726562,2026-08-20,760.7109985351562
39188700,764.1699829101562,765.719970703125,767.8499755859375,766.0499877929688,2026-08-21,763.8232421875
32430900,762.0800170898438,763.469970703125,765.219970703125,764.780029296875,2026-08-24,761.5787963867188
27422300,763.0499877929688,765.9099731445312,766.780029296875,766.1599731445312,2026-08-25,764.0127563476562
28751600,763.9299926757812,766.0800170898438,767.3499755859375,764.72998046875,2026-08-26,764.182373046875
34557100,767.1599731445312,771.0999755859375,772.3599853515625,768.5,2026-08-27,769.18994140625
36744300,768.3099975585938,769.3499755859375,775.2999877929688,771.760009765625,2026-08-28,767.4442749023438
38810800,764.719970703125,767.0499877929688,768.0,767.3300170898438,2026-08-31,765.1499633789062
41126300,759.47998046875,761.780029296875,764.6699829101562,762.010009765625,2026-09-01,759.89306640625
29566200,761.72998046875,765.1599731445312,766.4299926757812,762.4500122070312,2026-09-02,763.2646484375
43531600,767.4500122070312,773.1699829101562,774.030029296875,767.9000244140625,2026-09-03,771.2548217773438
34054200,769.0,770.1900024414062,772.8699951171875,772.010009765625,2026-09-04,768.2822265625
44746100,765.1400146484375,765.9600219726562,769.7000122070312,769.0700073242188,2026-09-08,764.0626831054688
32812400,760.9400024414062,762.4000244140625,764.469970703125,764.0800170898438,2026-09-09,760.5115356445312
42740400,756.6400146484375,757.8300170898438,760.1099853515625,758.030029296875,2026-09-10,755.9528198242188
45512700,763.5999755859375,764.2899780273438,766.3800048828125,764.719970703125,2026-09-11,762.3967895507812
43992400,757.9299926757812,760.8800048828125,763.52001953125,759.0,2026-09-14,758.9952392578125
46195000,756.1500244140625,757.3900146484375,760.3499755859375,760.1199951171875,2026-09-15,755.513916015625
59217700,749.5999755859375,754.0499877929688,761.6699829101562,759.5,2026-09-16,752.1821899414062
49652800,759.9600219726562,762.5999755859375,763.5700073242188,763.1500244140625,2026-09-17,760.7109985351562
65395100,757.969970703125,761.6900024414062,762.0,761.3099975585938,2026-09-18,761.6900024414062
50484700,766.030029296875,773.5,774.8900146484375,766.25,2026-09-21,773.5
34802300,772.5700073242188,773.3800048828125,775.1400146484375,774.030029296875,2026-09-22,773.3800048828125
54931700,766.5,767.8099975585938,773.0499877929688,772.7899780273438,2026-09-23,767.8099975585938
43983700,763.25,767.1799926757812,768.9500122070312,764.0700073242188,2026-09-24,767.1799926757812
36666700,766.2899780273438,771.3499755859375,772.280029296875,768.780029296875,2026-09-25,771.3499755859375
42694500,763.719970703125,765.6099853515625,769.5399780273438,768.3499755859375,2026-09-28,765.6099853515625
36910500,762.3499755859375,764.2000122070312,766.97998046875,766.8300170898438,2026-09-29,764.2000122070312
62110000,762.1799926757812,762.6300048828125,769.4099731445312,766.4500122070312,2026-09-30,762.6300048828125
47708100,758.7899780273438,763.989990234375,765.6500244140625,764.3599853515625,2026-10-01,763.989990234375
46335300,767.1500244140625,769.6400146484375,772.6500244140625,770.5800170898438,2026-10-02,769.6400146484375
44840200,769.6300048828125,774.8300170898438,776.6099853515625,769.6900024414062,2026-10-05,774.8300170898438
36054300,777.9600219726562,779.0900268554688,781.6199951171875,778.1500244140625,2026-10-06,779.0900268554688
30989200,773.6099853515625,777.219970703125,779.0999755859375,775.77001953125,2026-10-07,777.219970703125
40431100,770.4400024414062,773.9299926757812,777.0900268554688,774.8599853515625,2026-10-08,773.9299926757812
21433834,775.1400146484375,778.5700073242188,779.4199829101562,776.239990234375,2026-10-09,778.5700073242188
