close,open,low,volume,high,date,adjclose
3.7699999809265137,3.9600000381469727,3.740000009536743,5983500,3.990000009536743,2024-10-09,3.7699999809265137
3.6700000762939453,3.7200000286102295,3.5829999446868896,5473700,3.75,2024-10-10,3.6700000762939453
4.190000057220459,3.7100000381469727,3.7049999237060547,7403800,4.199999809265137,2024-10-11,4.190000057220459
4.320000171661377,4.289999961853027,4.199999809265137,9561700,4.539999961853027,2024-10-14,4.320000171661377
4.380000114440918,4.449999809265137,4.159999847412109,11938700,4.599999904632568,2024-10-15,4.380000114440918
5.010000228881836,4.5,4.380000114440918,15096600,5.039999961853027,2024-10-16,5.010000228881836
4.820000171661377,4.940000057220459,4.715000152587891,8599200,4.989999771118164,2024-10-17,4.820000171661377
4.96999979019165,4.909999847412109,4.800000190734863,10542800,5.03000020980835,2024-10-18,4.96999979019165
5.380000114440918,4.84499979019165,4.619999885559082,14119700,5.389999866485596,2024-10-21,5.380000114440918
5.5,5.340000152587891,5.130000114440918,9960900,5.519999980926514,2024-10-22,5.5
5.150000095367432,5.28000020980835,4.949999809265137,10674500,5.409999847412109,2024-10-23,5.150000095367432
5.585000038146973,5.269999980926514,5.25,10141500,5.590000152587891,2024-10-24,5.585000038146973
5.460000038146973,5.590000152587891,5.349999904632568,9565300,5.599999904632568,2024-10-25,5.460000038146973
5.659999847412109,5.639999866485596,5.550000190734863,10066700,5.809999942779541,2024-10-28,5.659999847412109
5.389999866485596,5.809999942779541,5.329999923706055,11562000,5.849999904632568,2024-10-29,5.389999866485596
5.28000020980835,5.070000171661377,5.0,8203200,5.429999828338623,2024-10-30,5.28000020980835
4.929999828338623,5.010000228881836,4.769999980926514,10687700,5.070000171661377,2024-10-31,4.929999828338623
5.25,5.090000152587891,4.869999885559082,12921800,5.320000171661377,2024-11-01,5.25
5.039999961853027,5.110000133514404,4.985000133514404,11378500,5.335000038146973,2024-11-04,5.039999961853027
5.320000171661377,5.190000057220459,5.15500020980835,10630400,5.650000095367432,2024-11-05,5.320000171661377
6.96999979019165,6.099999904632568,5.96999979019165,28357600,7.0,2024-11-06,6.96999979019165
6.949999809265137,6.670000076293945,6.420000076293945,19742900,7.09499979019165,2024-11-07,6.949999809265137
7.159999847412109,6.920000076293945,6.5,13830100,7.199999809265137,2024-11-08,7.159999847412109
7.429999828338623,7.480000019073486,7.070000171661377,22539100,7.769999980926514,2024-11-11,7.429999828338623
7.349999904632568,6.8420000076293945,6.78000020980835,11107400,7.570000171661377,2024-11-12,7.349999904632568
6.619999885559082,7.400000095367432,6.619999885559082,11548400,7.747000217437744,2024-11-13,6.619999885559082
6.420000076293945,6.730000019073486,6.329999923706055,8557500,7.025000095367432,2024-11-14,6.420000076293945
6.630000114440918,6.590000152587891,6.269999980926514,5921400,6.670000076293945,2024-11-15,6.630000114440918
6.53000020980835,6.519999980926514,6.440000057220459,5761000,7.050000190734863,2024-11-18,6.53000020980835
6.679999828338623,6.460000038146973,6.329999923706055,5139800,6.739999771118164,2024-11-19,6.679999828338623
6.510000228881836,6.860000133514404,6.324999809265137,10560800,7.0,2024-11-20,6.510000228881836
6.190000057220459,6.880000114440918,6.03000020980835,10170500,7.051000118255615,2024-11-21,6.190000057220459
6.78000020980835,6.03000020980835,5.849999904632568,9446200,6.989999771118164,2024-11-22,6.78000020980835
6.449999809265137,6.909999847412109,6.210000038146973,8853700,6.919000148773193,2024-11-25,6.449999809265137
5.630000114440918,6.170000076293945,5.610000133514404,9376600,6.230000019073486,2024-11-26,5.630000114440918
6.449999809265137,5.699999809265137,5.675000190734863,9453100,6.449999809265137,2024-11-27,6.449999809265137
6.699999809265137,6.554999828338623,6.554999828338623,9483500,7.289999961853027,2024-11-29,6.699999809265137
6.300000190734863,6.670000076293945,6.139999866485596,9477400,6.744999885559082,2024-12-02,6.300000190734863
6.190000057220459,6.050000190734863,5.960000038146973,7324100,6.449999809265137,2024-12-03,6.190000057220459
6.849999904632568,6.340000152587891,6.21999979019165,9351400,6.914999961853027,2024-12-04,6.849999904632568
6.889999866485596,7.2230000495910645,6.863999843597412,13270500,7.534999847412109,2024-12-05,6.889999866485596
7.110000133514404,7.0,6.980000019073486,15272900,7.486999988555908,2024-12-06,7.110000133514404
6.380000114440918,7.050000190734863,6.349999904632568,9980500,7.099999904632568,2024-12-09,6.380000114440918
6.130000114440918,6.519999980926514,6.119999885559082,6935200,6.579999923706055,2024-12-10,6.130000114440918
6.460000038146973,6.300000190734863,6.179999828338623,8094500,6.53000020980835,2024-12-11,6.460000038146973
6.489999771118164,6.46999979019165,6.284999847412109,10926800,6.894999980926514,2024-12-12,6.489999771118164
6.130000114440918,6.409999847412109,6.054999828338623,8377500,6.5,2024-12-13,6.130000114440918
7.389999866485596,6.210000038146973,6.139999866485596,23026000,7.670000076293945,2024-12-16,7.389999866485596
7.230000019073486,7.460000038146973,7.079999923706055,12538100,7.559999942779541,2024-12-17,7.230000019073486
6.289999961853027,7.190000057220459,6.110000133514404,13264700,7.309999942779541,2024-12-18,6.289999961853027
5.739999771118164,6.534999847412109,5.699999809265137,10619900,6.630000114440918,2024-12-19,5.739999771118164
5.730000019073486,5.559999942779541,5.480000019073486,14877900,5.940000057220459,2024-12-20,5.730000019073486
5.210000038146973,5.710000038146973,5.190000057220459,10155300,5.71999979019165,2024-12-23,5.210000038146973
5.5,5.334000110626221,5.230000019073486,5741300,5.574999809265137,2024-12-24,5.5
5.260000228881836,5.380000114440918,5.25,5873800,5.449999809265137,2024-12-26,5.260000228881836
4.860000133514404,5.230000019073486,4.829999923706055,9866200,5.409999847412109,2024-12-27,4.860000133514404
4.659999847412109,4.690000057220459,4.510000228881836,10026900,4.815000057220459,2024-12-30,4.659999847412109
4.639999866485596,4.839000225067139,4.510000228881836,9125900,4.869999885559082,2024-12-31,4.639999866485596
4.829999923706055,4.840000152587891,4.670000076293945,7396300,5.039999961853027,2025-01-02,4.829999923706055
5.570000171661377,4.900000095367432,4.855000019073486,9916000,5.579999923706055,2025-01-03,5.570000171661377
5.849999904632568,5.739999771118164,5.5,8576500,5.96999979019165,2025-01-06,5.849999904632568
5.389999866485596,5.829999923706055,5.199999809265137,6358200,5.829999923706055,2025-01-07,5.389999866485596
5.050000190734863,5.25,4.949999809265137,5836000,5.295000076293945,2025-01-08,5.050000190734863
4.980000019073486,4.960000038146973,4.75,8810500,5.039999961853027,2025-01-10,4.980000019073486
4.809999942779541,4.710000038146973,4.590000152587891,9508400,4.829999923706055,2025-01-13,4.809999942779541
4.949999809265137,5.099999904632568,4.880000114440918,6852400,5.244999885559082,2025-01-14,4.949999809265137
5.239999771118164,5.25,5.070000171661377,6320000,5.409999847412109,2025-01-15,5.239999771118164
5.199999809265137,5.210000038146973,5.15500020980835,6461300,5.454999923706055,2025-01-16,5.199999809265137
5.429999828338623,5.5,5.349999904632568,8574200,5.710000038146973,2025-01-17,5.429999828338623
5.389999866485596,5.449999809265137,5.045000076293945,10177900,5.550000190734863,2025-01-21,5.389999866485596
5.510000228881836,5.380000114440918,5.150000095367432,9685500,5.619999885559082,2025-01-22,5.510000228881836
5.53000020980835,5.320000171661377,5.309999942779541,9499300,5.800000190734863,2025-01-23,5.53000020980835
5.900000095367432,5.679999828338623,5.605000019073486,17478600,6.409999847412109,2025-01-24,5.900000095367432
4.510000228881836,5.429999828338623,4.099999904632568,30563700,5.439000129699707,2025-01-27,4.510000228881836
4.489999771118164,4.699999809265137,4.260000228881836,13441700,4.75,2025-01-28,4.489999771118164
4.5,4.429999828338623,4.385000228881836,17218000,4.605000019073486,2025-01-29,4.5
4.699999809265137,4.599999904632568,4.59499979019165,12990300,4.875,2025-01-30,4.699999809265137
5.730000019073486,5.599999904632568,5.5,43149400,6.289999961853027,2025-01-31,5.730000019073486
5.820000171661377,5.230000019073486,5.119999885559082,15682600,6.039000034332275,2025-02-03,5.820000171661377
5.809999942779541,5.769999980926514,5.599999904632568,7186500,5.900000095367432,2025-02-04,5.809999942779541
5.710000038146973,5.889999866485596,5.650000095367432,8831900,6.050000190734863,2025-02-05,5.710000038146973
5.889999866485596,5.809999942779541,5.710000038146973,18258900,6.369999885559082,2025-02-06,5.889999866485596
5.96999979019165,6.074999809265137,5.869999885559082,10873500,6.449999809265137,2025-02-07,5.96999979019165
5.960000038146973,6.079999923706055,5.90500020980835,10952200,6.150000095367432,2025-02-10,5.960000038146973
5.699999809265137,5.900000095367432,5.670000076293945,8375100,6.175000190734863,2025-02-11,5.699999809265137
5.78000020980835,5.53000020980835,5.53000020980835,6938200,5.925000190734863,2025-02-12,5.78000020980835
5.980000019073486,5.775000095367432,5.559999942779541,6629000,6.0,2025-02-13,5.980000019073486
6.059999942779541,5.989999771118164,5.96999979019165,6766700,6.170000076293945,2025-02-14,6.059999942779541
5.900000095367432,6.085000038146973,5.849999904632568,9133000,6.21999979019165,2025-02-18,5.900000095367432
6.019999980926514,5.920000076293945,5.920000076293945,8439200,6.329999923706055,2025-02-19,6.019999980926514
6.079999923706055,6.050000190734863,5.809999942779541,8575600,6.170000076293945,2025-02-20,6.079999923706055
5.489999771118164,6.179999828338623,5.46999979019165,16653400,6.434999942779541,2025-02-21,5.489999771118164
4.965000152587891,5.610000133514404,4.75,18956200,5.619999885559082,2025-02-24,4.965000152587891
4.099999904632568,4.639999866485596,3.8450000286102295,41009500,4.75,2025-02-25,4.099999904632568
4.175000190734863,4.039999961853027,3.9700000286102295,20898800,4.324999809265137,2025-02-26,4.175000190734863
3.9700000286102295,4.5279998779296875,3.940000057220459,30367500,4.880000114440918,2025-02-27,3.9700000286102295
4.079999923706055,3.9700000286102295,3.869999885559082,39086900,4.119999885559082,2025-02-28,4.079999923706055
3.8499999046325684,4.510000228881836,3.809999942779541,23737100,4.599999904632568,2025-03-03,3.8499999046325684
3.75,3.6500000953674316,3.309999942779541,16561900,3.9600000381469727,2025-03-04,3.75
4.159999847412109,3.8350000381469727,3.7799999713897705,12526200,4.159999847412109,2025-03-05,4.159999847412109
3.7899999618530273,3.880000114440918,3.7300000190734863,12531500,4.03000020980835,2025-03-06,3.7899999618530273
3.890000104904175,3.759999990463257,3.640000104904175,10654600,3.950000047683716,2025-03-07,3.890000104904175
3.0799999237060547,3.640000104904175,2.990000009536743,15111900,3.690000057220459,2025-03-10,3.0799999237060547
3.180000066757202,3.059999942779541,2.869999885559082,13499800,3.25,2025-03-11,3.180000066757202
3.200000047683716,3.3299999237060547,3.069999933242798,11224900,3.430000066757202,2025-03-12,3.200000047683716
3.0299999713897705,3.119999885559082,2.9600000381469727,11321600,3.200000047683716,2025-03-13,3.0299999713897705
3.0399999618530273,3.0799999237060547,2.940000057220459,15940600,3.1500000953674316,2025-03-14,3.0399999618530273
3.119999885559082,3.009999990463257,2.9200000762939453,16305400,3.190000057220459,2025-03-17,3.119999885559082
2.869999885559082,3.0199999809265137,2.859999895095825,11283900,3.065000057220459,2025-03-18,2.869999885559082
3.059999942779541,2.890000104904175,2.880000114440918,11937800,3.174999952316284,2025-03-19,3.059999942779541
3.0,2.9700000286102295,2.9200000762939453,13446600,3.109999895095825,2025-03-20,3.0
2.9200000762939453,2.9100000858306885,2.8399999141693115,13746200,2.9600000381469727,2025-03-21,2.9200000762939453
3.200000047683716,3.0399999618530273,3.0199999809265137,16218300,3.2200000286102295,2025-03-24,3.200000047683716
3.0399999618530273,3.190000057220459,2.9600000381469727,10453800,3.190000057220459,2025-03-25,3.0399999618530273
2.680000066757202,3.0199999809265137,2.5799999237060547,13240600,3.0299999713897705,2025-03-26,2.680000066757202
2.5399999618530273,2.634999990463257,2.5199999809265137,8037700,2.680000066757202,2025-03-27,2.5399999618530273
2.319999933242798,2.549999952316284,2.2799999713897705,9909500,2.549999952316284,2025-03-28,2.319999933242798
2.299999952316284,2.2699999809265137,2.180000066757202,6795400,2.309999942779541,2025-03-31,2.299999952316284
2.4600000381469727,2.309999942779541,2.2100000381469727,9701500,2.490000009536743,2025-04-01,2.4600000381469727
2.6500000953674316,2.380000114440918,2.3499999046325684,13161800,2.6500000953674316,2025-04-02,2.6500000953674316
2.309999942779541,2.3299999237060547,2.2699999809265137,9602300,2.440000057220459,2025-04-03,2.309999942779541
2.0999999046325684,2.25,1.8600000143051147,20714800,2.299999952316284,2025-04-04,2.0999999046325684
2.2300000190734863,1.8899999856948853,1.8600000143051147,24656900,2.4000000953674316,2025-04-07,2.2300000190734863
2.109999895095825,2.380000114440918,2.0899999141693115,10292800,2.3889999389648438,2025-04-08,2.109999895095825
2.4600000381469727,2.049999952316284,2.0299999713897705,16867100,2.5799999237060547,2025-04-09,2.4600000381469727
2.2200000286102295,2.3399999141693115,2.119999885559082,10114600,2.4000000953674316,2025-04-10,2.2200000286102295
2.4200000762939453,2.2100000381469727,2.200000047683716,7381200,2.4600000381469727,2025-04-11,2.4200000762939453
2.440000057220459,2.5199999809265137,2.390000104904175,6014600,2.5399999618530273,2025-04-14,2.440000057220459
2.319999933242798,2.4600000381469727,2.200000047683716,7576500,2.509999990463257,2025-04-15,2.319999933242798
2.325000047683716,2.2200000286102295,2.2200000286102295,7444700,2.359999895095825,2025-04-16,2.325000047683716
2.369999885559082,2.3399999141693115,2.25,5680900,2.380000114440918,2025-04-17,2.369999885559082
2.3399999141693115,2.369999885559082,2.319999933242798,8681600,2.4549999237060547,2025-04-21,2.3399999141693115
2.740000009536743,2.450000047683716,2.440000057220459,22104200,2.799999952316284,2025-04-22,2.740000009536743
2.859999895095825,2.9200000762939453,2.809999942779541,17254200,2.990000009536743,2025-04-23,2.859999895095825
3.0,2.869999885559082,2.809999942779541,16355900,3.059999942779541,2025-04-24,3.0
3.0799999237060547,3.0199999809265137,2.9800000190734863,11985400,3.174999952316284,2025-04-25,3.0799999237060547
3.059999942779541,3.0899999141693115,2.930000066757202,13905900,3.115000009536743,2025-04-28,3.059999942779541
3.0799999237060547,3.0299999713897705,2.9600000381469727,11783700,3.1549999713897705,2025-04-29,3.0799999237060547
2.8499999046325684,2.950000047683716,2.7699999809265137,8009200,2.9700000286102295,2025-04-30,2.8499999046325684
3.115000009536743,2.9800000190734863,2.9100000858306885,9013700,3.1600000858306885,2025-05-01,3.115000009536743
3.1600000858306885,3.200000047683716,3.119999885559082,13030800,3.299999952316284,2025-05-02,3.1600000858306885
2.9800000190734863,3.059999942779541,2.9100000858306885,11213600,3.065000057220459,2025-05-05,2.9800000190734863
3.0399999618530273,2.940000057220459,2.875,12478900,3.180000066757202,2025-05-06,3.0399999618530273
3.0199999809265137,3.049999952316284,2.950000047683716,17891700,3.0999999046325684,2025-05-07,3.0199999809265137
3.119999885559082,3.1700000762939453,3.055000066757202,19329600,3.2799999713897705,2025-05-08,3.119999885559082
2.9800000190734863,3.0999999046325684,2.950000047683716,20604400,3.2200000286102295,2025-05-09,2.9800000190734863
3.1500000953674316,3.180000066757202,3.0999999046325684,25578200,3.3299999237060547,2025-05-12,3.1500000953674316
3.430000066757202,3.255000114440918,3.2219998836517334,15916700,3.450000047683716,2025-05-13,3.430000066757202
3.309999942779541,3.4100000858306885,3.25,14741200,3.4600000381469727,2025-05-14,3.309999942779541
3.1700000762939453,3.2100000381469727,3.0199999809265137,22265800,3.2699999809265137,2025-05-15,3.1700000762939453
3.859999895095825,3.200000047683716,3.1700000762939453,24140600,3.9100000858306885,2025-05-16,3.859999895095825
3.809999942779541,3.6500000953674316,3.609999895095825,17247400,3.859999895095825,2025-05-19,3.809999942779541
3.7799999713897705,3.7799999713897705,3.5899999141693115,20196700,3.805000066757202,2025-05-20,3.7799999713897705
3.505000114440918,3.490000009536743,3.3399999141693115,57678700,3.7799999713897705,2025-05-21,3.505000114440918
3.569999933242798,3.6500000953674316,3.5,20717500,3.700000047683716,2025-05-22,3.569999933242798
3.4700000286102295,3.4200000762939453,3.3399999141693115,15879700,3.5799999237060547,2025-05-23,3.4700000286102295
3.569999933242798,3.5799999237060547,3.4800000190734863,23640300,3.6500000953674316,2025-05-27,3.569999933242798
3.3499999046325684,3.5199999809265137,3.2699999809265137,21629800,3.5299999713897705,2025-05-28,3.3499999046325684
3.25,3.390000104904175,3.234999895095825,17981000,3.4200000762939453,2025-05-29,3.25
3.119999885559082,3.1700000762939453,3.0899999141693115,22974500,3.2300000190734863,2025-05-30,3.119999885559082
3.25,3.0799999237060547,3.0799999237060547,17153700,3.299999952316284,2025-06-02,3.25
3.434999942779541,3.259999990463257,3.255000114440918,25419400,3.4800000190734863,2025-06-03,3.434999942779541
3.740000009536743,3.4119999408721924,3.3510000705718994,33723600,3.819999933242798,2025-06-04,3.740000009536743
3.5299999713897705,3.880000114440918,3.440000057220459,27681500,3.9549999237060547,2025-06-05,3.5299999713897705
3.9000000953674316,3.640000104904175,3.630000114440918,22774200,3.9600000381469727,2025-06-06,3.9000000953674316
4.139999866485596,4.050000190734863,3.869999885559082,26030900,4.21999979019165,2025-06-09,4.139999866485596
4.059999942779541,4.199999809265137,3.9800000190734863,24466700,4.204999923706055,2025-06-10,4.059999942779541
4.079999923706055,4.070000171661377,3.984999895095825,24082500,4.21999979019165,2025-06-11,4.079999923706055
3.8399999141693115,3.9100000858306885,3.8299999237060547,19441100,4.039999961853027,2025-06-12,3.8399999141693115
3.7200000286102295,3.690000057220459,3.630000114440918,21618500,3.875,2025-06-13,3.7200000286102295
3.930000066757202,3.8299999237060547,3.740000009536743,23776600,3.9800000190734863,2025-06-16,3.930000066757202
3.680000066757202,3.799999952316284,3.5899999141693115,21038500,3.8499999046325684,2025-06-17,3.680000066757202
3.809999942779541,3.6500000953674316,3.5899999141693115,28901400,3.924999952316284,2025-06-18,3.809999942779541
3.7899999618530273,3.9549999237060547,3.744999885559082,31893500,4.03000020980835,2025-06-20,3.7899999618530273
3.5299999713897705,3.6649999618530273,3.2899999618530273,36263600,3.674999952316284,2025-06-23,3.5299999713897705
3.8499999046325684,3.6500000953674316,3.630000114440918,28098200,3.869999885559082,2025-06-24,3.8499999046325684
3.8499999046325684,3.940000057220459,3.759999990463257,25796500,3.950000047683716,2025-06-25,3.8499999046325684
4.190000057220459,3.7899999618530273,3.6500000953674316,69426900,4.239999771118164,2025-06-26,4.190000057220459
4.260000228881836,4.239999771118164,4.079999923706055,73713300,4.539999961853027,2025-06-27,4.260000228881836
4.78000020980835,4.349999904632568,4.289999961853027,69565600,4.860000133514404,2025-06-30,4.78000020980835
4.900000095367432,4.699999809265137,4.550000190734863,69022100,5.0,2025-07-01,4.900000095367432
5.679999828338623,5.360000133514404,4.989999771118164,94946300,5.699999809265137,2025-07-02,5.679999828338623
6.050000190734863,5.840000152587891,5.760000228881836,49906000,6.449999809265137,2025-07-03,6.050000190734863
5.789999961853027,5.809999942779541,5.269999980926514,56133400,5.889999866485596,2025-07-07,5.789999961853027
6.03000020980835,5.940000057220459,5.840000152587891,39862700,6.21999979019165,2025-07-08,6.03000020980835
6.260000228881836,6.139999866485596,5.980000019073486,46014800,6.380000114440918,2025-07-09,6.260000228881836
6.239999771118164,6.170000076293945,6.03000020980835,44983300,6.510000228881836,2025-07-10,6.239999771118164
5.869999885559082,6.409999847412109,5.860000133514404,35125400,6.46999979019165,2025-07-11,5.869999885559082
6.03000020980835,6.0,5.929999828338623,39182000,6.385000228881836,2025-07-14,6.03000020980835
5.96999979019165,5.960000038146973,5.809999942779541,37418300,6.199999809265137,2025-07-15,5.96999979019165
6.269999980926514,6.150000095367432,6.130000114440918,43910200,6.565000057220459,2025-07-16,6.269999980926514
6.420000076293945,6.199999809265137,6.059999942779541,31767000,6.539999961853027,2025-07-17,6.420000076293945
6.360000133514404,6.480000019073486,6.040999889373779,27747000,6.739999771118164,2025-07-18,6.360000133514404
6.25,6.414999961853027,6.21999979019165,26757500,6.840000152587891,2025-07-21,6.25
6.940000057220459,6.28000020980835,5.949999809265137,73607700,7.099999904632568,2025-07-22,6.940000057220459
6.679999828338623,6.760000228881836,6.28000020980835,39045700,6.769999980926514,2025-07-23,6.679999828338623
6.650000095367432,6.679999828338623,6.480000019073486,40318400,6.869999885559082,2025-07-24,6.650000095367432
6.46999979019165,6.550000190734863,6.309999942779541,16774500,6.570000171661377,2025-07-25,6.46999979019165
6.159999847412109,6.590000152587891,6.079999923706055,17435800,6.635000228881836,2025-07-28,6.159999847412109
5.679999828338623,6.159999847412109,5.639999866485596,21843900,6.190000057220459,2025-07-29,5.679999828338623
5.449999809265137,5.800000190734863,5.300000190734863,16052900,5.860000133514404,2025-07-30,5.449999809265137
5.460000038146973,5.610000133514404,5.420000076293945,18624900,5.739999771118164,2025-07-31,5.460000038146973
4.929999828338623,5.0320000648498535,4.920000076293945,18975200,5.25,2025-08-01,4.929999828338623
5.190000057220459,4.994999885559082,4.929999828338623,17303300,5.204999923706055,2025-08-04,5.190000057220459
5.010000228881836,5.122000217437744,4.909999847412109,15854800,5.144999980926514,2025-08-05,5.010000228881836
5.210000038146973,5.039999961853027,4.949999809265137,17438200,5.210000038146973,2025-08-06,5.210000038146973
4.869999885559082,5.179999828338623,4.820000171661377,20704700,5.289999961853027,2025-08-07,4.869999885559082
4.75,4.960000038146973,4.550000190734863,18448400,4.980000019073486,2025-08-08,4.75
4.760000228881836,4.934999942779541,4.739999771118164,18901000,5.099999904632568,2025-08-11,4.760000228881836
4.71999979019165,4.75,4.670000076293945,16497400,4.840000152587891,2025-08-12,4.71999979019165
4.900000095367432,4.840000152587891,4.710000038146973,17296600,4.949999809265137,2025-08-13,4.900000095367432
5.320000171661377,4.989999771118164,4.909999847412109,34715100,5.329999923706055,2025-08-14,5.320000171661377
5.210000038146973,5.25,5.0,27210700,5.360000133514404,2025-08-15,5.210000038146973
6.050000190734863,5.300000190734863,5.289999961853027,36317300,6.300000190734863,2025-08-18,6.050000190734863
5.760000228881836,6.070000171661377,5.599999904632568,26049200,6.159999847412109,2025-08-19,5.760000228881836
5.949999809265137,5.760000228881836,5.320000171661377,25525100,5.965000152587891,2025-08-20,5.949999809265137
5.900000095367432,5.741000175476074,5.679999828338623,20635700,5.960000038146973,2025-08-21,5.900000095367432
6.380000114440918,5.869999885559082,5.710000038146973,23186300,6.409999847412109,2025-08-22,6.380000114440918
6.639999866485596,6.314000129699707,6.019999980926514,26545800,6.730000019073486,2025-08-25,6.639999866485596
7.119999885559082,6.550000190734863,6.480000019073486,26674000,7.130000114440918,2025-08-26,7.119999885559082
6.989999771118164,7.130000114440918,6.949999809265137,21089900,7.230000019073486,2025-08-27,6.989999771118164
7.019999980926514,7.28000020980835,7.0,20060700,7.309999942779541,2025-08-28,7.019999980926514
7.639999866485596,7.25,6.949999809265137,70174900,8.710000038146973,2025-08-29,7.639999866485596
8.319999694824219,7.421000003814697,7.21999979019165,62445600,8.779999732971191,2025-09-02,8.319999694824219
8.109999656677246,8.694999694824219,8.0,44183400,8.729999542236328,2025-09-03,8.109999656677246
7.400000095367432,7.980000019073486,7.329999923706055,28128800,8.069999694824219,2025-09-04,7.400000095367432
7.519999980926514,7.78000020980835,7.083000183105469,27484500,7.860000133514404,2025-09-05,7.519999980926514
7.71999979019165,7.389999866485596,7.170000076293945,28362500,7.840000152587891,2025-09-08,7.71999979019165
9.220000267028809,8.17199993133545,7.900000095367432,68754300,9.359999656677246,2025-09-09,9.220000267028809
10.25,9.555000305175781,9.25,69412200,10.430000305175781,2025-09-10,10.25
9.970000267028809,10.149999618530273,9.875,39869100,10.675000190734863,2025-09-11,9.970000267028809
10.850000381469727,9.9350004196167,9.850000381469727,32737500,10.930000305175781,2025-09-12,10.850000381469727
10.850000381469727,10.869999885559082,10.470000267028809,42604900,11.319999694824219,2025-09-15,10.850000381469727
11.510000228881836,11.069999694824219,10.489999771118164,30631000,11.640000343322754,2025-09-16,11.510000228881836
12.380000114440918,11.300000190734863,11.199000358581543,34005100,12.65999984741211,2025-09-17,12.380000114440918
11.850000381469727,12.640000343322754,11.420000076293945,36659700,12.6899995803833,2025-09-18,11.850000381469727
12.279999732971191,11.760000228881836,11.71500015258789,39415100,12.819999694824219,2025-09-19,12.279999732971191
13.960000038146973,12.510000228881836,12.09000015258789,43838300,14.199999809265137,2025-09-22,13.960000038146973
14.149999618530273,14.34000015258789,13.449999809265137,54417400,14.734000205993652,2025-09-23,14.149999618530273
14.140000343322754,14.805000305175781,13.869999885559082,46323300,15.539999961853027,2025-09-24,14.140000343322754
11.65999984741211,13.59000015258789,11.40999984741211,155920100,13.600000381469727,2025-09-25,11.65999984741211
11.470000267028809,11.494999885559082,11.010000228881836,94631700,12.350000381469727,2025-09-26,11.470000267028809
12.649999618530273,11.864999771118164,11.404999732971191,61311200,12.670000076293945,2025-09-29,12.649999618530273
12.59000015258789,12.720000267028809,12.140000343322754,47248700,12.760000228881836,2025-09-30,12.59000015258789
12.600000381469727,12.880000114440918,12.40999984741211,61878700,13.699999809265137,2025-10-01,12.600000381469727
13.8100004196167,13.079999923706055,13.020000457763672,57091300,14.4399995803833,2025-10-02,13.8100004196167
14.699999809265137,14.470000267028809,14.279999732971191,67183500,15.779999732971191,2025-10-03,14.699999809265137
15.34000015258789,15.539999961853027,15.130000114440918,46610700,16.1200008392334,2025-10-06,15.34000015258789
15.75,15.380000114440918,14.329999923706055,49970600,15.930000305175781,2025-10-07,15.75
17.600000381469727,15.814000129699707,15.220000267028809,67518800,18.09000015258789,2025-10-08,17.600000381469727
17.989999771118164,17.979999542236328,16.959999084472656,50786000,18.183000564575195,2025-10-09,17.989999771118164
16.969999313354492,18.780000686645508,16.809999465942383,73426700,20.200000762939453,2025-10-10,16.969999313354492
20.34000015258789,17.850000381469727,17.65999984741211,59302800,20.600000381469727,2025-10-13,20.34000015258789
20.889999389648438,19.889999389648438,18.8799991607666,60582300,21.479999542236328,2025-10-14,20.889999389648438
21.030000686645508,21.510000228881836,19.75,64445500,22.0,2025-10-15,21.030000686645508
18.719999313354492,21.110000610351562,18.510000228881836,50099600,21.15999984741211,2025-10-16,18.719999313354492
18.760000228881836,17.510000228881836,16.65999984741211,52918900,18.84000015258789,2025-10-17,18.760000228881836
19.90999984741211,20.0,19.15999984741211,37770700,20.989999771118164,2025-10-20,19.90999984741211
18.075000762939453,19.3700008392334,17.469999313354492,34788600,19.639999389648438,2025-10-21,18.075000762939453
16.110000610351562,17.09000015258789,15.039999961853027,63765700,18.239999771118164,2025-10-22,16.110000610351562
17.2549991607666,16.110000610351562,15.979999542236328,34793000,17.649999618530273,2025-10-23,17.2549991607666
20.65999984741211,18.270000457763672,18.18000030517578,47036300,20.864999771118164,2025-10-24,20.65999984741211
20.540000915527344,20.90999984741211,19.649999618530273,41321300,21.110000610351562,2025-10-27,20.540000915527344
19.959999084472656,20.53499984741211,19.770000457763672,37356500,21.899999618530273,2025-10-28,19.959999084472656
19.59000015258789,20.2549991607666,18.639999389648438,32941100,20.549999237060547,2025-10-29,19.59000015258789
19.06999969482422,18.700000762939453,18.299999237060547,38479400,20.049999237060547,2025-10-30,19.06999969482422
18.649999618530273,20.030000686645508,18.579999923706055,44117800,20.270000457763672,2025-10-31,18.649999618530273
22.760000228881836,22.940000534057617,21.020000457763672,135849900,25.110000610351562,2025-11-03,22.760000228881836
22.510000228881836,21.0,20.100000381469727,66095100,24.479999542236328,2025-11-04,22.510000228881836
24.709999084472656,22.8700008392334,22.684999465942383,59167000,25.520000457763672,2025-11-05,24.709999084472656
21.709999084472656,24.059999465942383,21.3799991607666,53559900,24.424999237060547,2025-11-06,21.709999084472656
20.690000534057617,20.825000762939453,19.490999221801758,45581000,21.34000015258789,2025-11-07,20.690000534057617
19.649999618530273,21.868000030517578,19.549999237060547,40693100,22.1200008392334,2025-11-10,19.649999618530273
18.670000076293945,19.010000228881836,18.020000457763672,34972400,19.280000686645508,2025-11-11,18.670000076293945
17.3799991607666,18.700000762939453,16.959999084472656,35266800,18.950000762939453,2025-11-12,17.3799991607666
14.930000305175781,16.645000457763672,14.75,57680500,17.049999237060547,2025-11-13,14.930000305175781
14.359999656677246,13.9399995803833,13.550000190734863,56948200,15.760000228881836,2025-11-14,14.359999656677246
14.350000381469727,14.079000473022461,13.579999923706055,43610200,14.9399995803833,2025-11-17,14.350000381469727
14.579999923706055,14.175000190734863,13.609999656677246,45069400,15.100000381469727,2025-11-18,14.579999923706055
14.619999885559082,14.899999618530273,14.260000228881836,40607300,15.699999809265137,2025-11-19,14.619999885559082
14.5600004196167,16.799999237060547,14.300000190734863,84186800,17.55500030517578,2025-11-20,14.5600004196167
14.149999618530273,14.199999809265137,13.09000015258789,56373200,14.970000267028809,2025-11-21,14.149999618530273
16.709999084472656,14.975000381469727,14.819999694824219,44269900,16.8700008392334,2025-11-24,16.709999084472656
17.520000457763672,16.200000762939453,15.920000076293945,37852700,17.68000030517578,2025-11-25,17.520000457763672
19.149999618530273,18.5,17.584999084472656,57090400,19.649999618530273,2025-11-26,19.149999618530273
20.350000381469727,19.549999237060547,19.459999084472656,34179400,21.15999984741211,2025-11-28,20.350000381469727
19.690000534057617,19.329999923706055,19.0,35731600,20.360000610351562,2025-12-01,19.690000534057617
17.639999389648438,19.829999923706055,17.610000610351562,36130000,20.1200008392334,2025-12-02,17.639999389648438
18.6299991607666,17.559999465942383,16.959999084472656,31538800,18.764999389648438,2025-12-03,18.6299991607666
19.829999923706055,18.155000686645508,18.020000457763672,30608600,20.079999923706055,2025-12-04,19.829999923706055
19.280000686645508,19.3799991607666,18.510000228881836,25022500,19.6200008392334,2025-12-05,19.280000686645508
19.479999542236328,19.889999389648438,18.950000762939453,28045100,20.280000686645508,2025-12-08,19.479999542236328
19.559999465942383,19.040000915527344,18.834999084472656,33282600,20.739999771118164,2025-12-09,19.559999465942383
18.479999542236328,19.049999237060547,18.40999984741211,29883400,19.790000915527344,2025-12-10,18.479999542236328
18.8799991607666,18.25,17.34000015258789,29990200,18.979999542236328,2025-12-11,18.8799991607666
17.049999237060547,18.450000762939453,16.989999771118164,31326200,19.239999771118164,2025-12-12,17.049999237060547
14.739999771118164,17.065000534057617,14.569999694824219,49273100,17.15999984741211,2025-12-15,14.739999771118164
14.989999771118164,14.260000228881836,13.670000076293945,43614600,15.15999984741211,2025-12-16,14.989999771118164
14.390000343322754,15.65999984741211,14.305000305175781,47896400,16.0,2025-12-17,14.390000343322754
15.149999618530273,15.399999618530273,14.829999923706055,30724500,15.979999542236328,2025-12-18,15.149999618530273
16.209999084472656,15.529999732971191,15.420000076293945,38280200,16.5,2025-12-19,16.209999084472656
16.34000015258789,16.649999618530273,16.264999389648438,23267900,17.239999771118164,2025-12-22,16.34000015258789
15.90999984741211,15.829999923706055,15.654999732971191,20712000,16.799999237060547,2025-12-23,15.90999984741211
16.219999313354492,15.6850004196167,15.609999656677246,11459900,16.40999984741211,2025-12-24,16.219999313354492
15.1899995803833,16.2549991607666,15.180000305175781,16406000,16.280000686645508,2025-12-26,15.1899995803833
15.079999923706055,14.800000190734863,14.619999885559082,15547900,15.789999961853027,2025-12-29,15.079999923706055
14.59000015258789,15.140000343322754,14.569999694824219,18054700,15.289999961853027,2025-12-30,14.59000015258789
14.760000228881836,14.630000114440918,14.520000457763672,16350200,15.029999732971191,2025-12-31,14.760000228881836
16.200000762939453,14.970000267028809,14.779999732971191,24158800,16.434999465942383,2026-01-02,16.200000762939453
18.15999984741211,16.719999313354492,16.639999389648438,26979000,18.309999465942383,2026-01-05,18.15999984741211
17.540000915527344,18.020000457763672,16.329999923706055,25670100,18.200000762939453,2026-01-06,17.540000915527344
16.079999923706055,17.2450008392334,16.06999969482422,15262500,17.576000213623047,2026-01-07,16.079999923706055
16.549999237060547,16.020000457763672,15.541999816894531,21886700,16.920000076293945,2026-01-08,16.549999237060547
16.6299991607666,17.149999618530273,16.3799991607666,25340200,18.149999618530273,2026-01-09,16.6299991607666
17.68000030517578,16.25,16.030000686645508,26652800,17.905000686645508,2026-01-12,17.68000030517578
18.25,18.31999969482422,17.65999984741211,32087900,19.049999237060547,2026-01-13,18.25
18.1299991607666,18.280000686645508,17.533000946044922,27701400,19.0049991607666,2026-01-14,18.1299991607666
17.520000457763672,18.239999771118164,17.05500030517578,32049000,18.739999771118164,2026-01-15,17.520000457763672
18.799999237060547,17.510000228881836,17.209999084472656,45615100,19.695999145507812,2026-01-16,18.799999237060547
17.920000076293945,17.68000030517578,17.219999313354492,28362300,18.8700008392334,2026-01-20,17.920000076293945
17.719999313354492,18.229999542236328,16.280000686645508,46175100,19.5,2026-01-21,17.719999313354492
17.389999389648438,17.8799991607666,17.110000610351562,22162700,18.420000076293945,2026-01-22,17.389999389648438
17.56999969482422,17.350000381469727,16.364999771118164,41658800,18.670000076293945,2026-01-23,17.56999969482422
16.489999771118164,17.56999969482422,16.209999084472656,29490200,17.56999969482422,2026-01-26,16.489999771118164
18.75,16.649999618530273,16.450000762939453,39892400,18.850000381469727,2026-01-27,18.75
18.969999313354492,18.96500015258789,18.170000076293945,33139400,19.30500030517578,2026-01-28,18.969999313354492
17.700000762939453,18.899999618530273,16.71500015258789,33488400,18.90999984741211,2026-01-29,17.700000762939453
15.960000038146973,17.219999313354492,15.614999771118164,28279800,17.459999084472656,2026-01-30,15.960000038146973
15.8100004196167,15.4399995803833,15.229999542236328,24288600,16.549999237060547,2026-02-02,15.8100004196167
16.260000228881836,16.139999389648438,14.925000190734863,39813600,16.799999237060547,2026-02-03,16.260000228881836
14.25,15.552000045776367,12.744999885559082,53285300,15.729999542236328,2026-02-04,14.25
12.699999809265137,13.75,12.635000228881836,43916600,14.670000076293945,2026-02-05,12.699999809265137
14.729999542236328,13.65999984741211,13.449999809265137,31185300,14.859999656677246,2026-02-06,14.729999542236328
16.760000228881836,15.390000343322754,15.0,36705300,17.010000228881836,2026-02-09,16.760000228881836
17.100000381469727,16.739999771118164,16.649999618530273,40514000,17.959999084472656,2026-02-10,17.100000381469727
16.280000686645508,17.170000076293945,15.649999618530273,31151100,17.610000610351562,2026-02-11,16.280000686645508
16.100000381469727,16.3799991607666,15.220000267028809,34841800,16.690000534057617,2026-02-12,16.100000381469727
16.420000076293945,16.38599967956543,15.770000457763672,37914300,17.510000228881836,2026-02-13,16.420000076293945
15.640000343322754,15.975000381469727,14.954999923706055,30552300,16.170000076293945,2026-02-17,15.640000343322754
15.420000076293945,15.449999809265137,15.100000381469727,20153600,16.2450008392334,2026-02-18,15.420000076293945
15.800000190734863,15.130000114440918,14.65999984741211,21476000,15.850000381469727,2026-02-19,15.800000190734863
14.649999618530273,15.699999809265137,14.390000343322754,27010900,16.18000030517578,2026-02-20,14.649999618530273
15.220000267028809,14.239999771118164,14.069999694824219,23312600,15.350000381469727,2026-02-23,15.220000267028809
17.1200008392334,15.5600004196167,14.630000114440918,51315100,17.55500030517578,2026-02-24,17.1200008392334
16.610000610351562,17.350000381469727,16.399999618530273,30538800,17.81999969482422,2026-02-25,16.610000610351562
16.479999542236328,16.450000762939453,15.720000267028809,25597300,16.860000610351562,2026-02-26,16.479999542236328
15.600000381469727,15.829999923706055,14.979999542236328,22915300,16.260000228881836,2026-02-27,15.600000381469727
15.760000228881836,15.104999542236328,14.925999641418457,22702500,16.22599983215332,2026-03-02,15.760000228881836
14.710000038146973,14.975000381469727,14.295000076293945,26493500,15.300000190734863,2026-03-03,14.710000038146973
16.040000915527344,15.329999923706055,15.114999771118164,22140500,16.280000686645508,2026-03-04,16.040000915527344
15.149999618530273,15.640000343322754,14.461000442504883,24119800,16.040000915527344,2026-03-05,15.149999618530273
13.619999885559082,14.600000381469727,13.539999961853027,27525100,14.760000228881836,2026-03-06,13.619999885559082
14.3100004196167,13.550000190734863,13.050000190734863,24012900,14.40999984741211,2026-03-09,14.3100004196167
13.960000038146973,14.359999656677246,13.760000228881836,22011600,14.625,2026-03-10,13.960000038146973
14.109999656677246,14.225000381469727,13.720000267028809,26921800,14.949999809265137,2026-03-11,14.109999656677246
13.710000038146973,13.640000343322754,13.029999732971191,25128400,13.850000381469727,2026-03-12,13.710000038146973
14.079999923706055,14.020000457763672,13.954000473022461,37028500,15.170000076293945,2026-03-13,14.079999923706055
15.140000343322754,14.774999618530273,14.670000076293945,21356900,15.375,2026-03-16,15.140000343322754
15.09000015258789,15.095000267028809,14.75,14615300,15.34000015258789,2026-03-17,15.09000015258789
14.670000076293945,14.970000267028809,14.609999656677246,15936800,15.1850004196167,2026-03-18,14.670000076293945
14.640000343322754,14.260000228881836,13.859999656677246,18881600,14.774999618530273,2026-03-19,14.640000343322754
14.010000228881836,14.510000228881836,13.51200008392334,25392100,14.899999618530273,2026-03-20,14.010000228881836
14.890000343322754,14.100000381469727,14.100000381469727,23942100,15.479999542236328,2026-03-23,14.890000343322754
14.880000114440918,14.84000015258789,14.274999618530273,19854300,15.260000228881836,2026-03-24,14.880000114440918
15.880000114440918,16.075000762939453,15.470000267028809,40675400,16.670000076293945,2026-03-25,15.880000114440918
14.350000381469727,15.399999618530273,14.10099983215332,23575400,15.479999542236328,2026-03-26,14.350000381469727
13.744999885559082,14.039999961853027,13.4399995803833,19249100,14.260000228881836,2026-03-27,13.744999885559082
12.015000343322754,14.029999732971191,11.800000190734863,32268600,14.0600004196167,2026-03-30,12.015000343322754
12.869999885559082,12.34000015258789,11.720000267028809,26824700,12.869999885559082,2026-03-31,12.869999885559082
12.640000343322754,13.15999984741211,12.600000381469727,21937300,13.420000076293945,2026-04-01,12.640000343322754
12.819999694824219,12.0,11.899999618530273,18962700,13.055000305175781,2026-04-02,12.819999694824219
13.350000381469727,12.779999732971191,12.779999732971191,18144200,13.6899995803833,2026-04-06,13.350000381469727
14.010000228881836,13.149999618530273,12.6899995803833,25749600,14.029999732971191,2026-04-07,14.010000228881836
15.420000076293945,15.25,14.354999542236328,35970400,15.579999923706055,2026-04-08,15.420000076293945
16.360000610351562,15.289999961853027,15.260000228881836,30843900,16.96500015258789,2026-04-09,16.360000610351562
16.530000686645508,16.454999923706055,16.399999618530273,23205100,17.280000686645508,2026-04-10,16.530000686645508
17.760000228881836,16.024999618530273,15.859999656677246,25083100,17.809999465942383,2026-04-13,17.760000228881836
18.450000762939453,18.420000076293945,18.200000762939453,29273700,19.325000762939453,2026-04-14,18.450000762939453
18.0,18.200000762939453,17.434999465942383,22117300,18.385000228881836,2026-04-15,18.0
17.34000015258789,18.200000762939453,16.84000015258789,21047500,18.25,2026-04-16,17.34000015258789
19.3700008392334,17.969999313354492,16.989999771118164,35433700,19.3799991607666,2026-04-17,19.3700008392334
19.290000915527344,19.0,18.65999984741211,25085900,19.8799991607666,2026-04-20,19.290000915527344
18.040000915527344,19.559999465942383,17.770000457763672,25547700,19.635000228881836,2026-04-21,18.040000915527344
19.440000534057617,18.799999237060547,18.524999618530273,22616800,19.84000015258789,2026-04-22,19.440000534057617
18.690000534057617,19.155000686645508,18.3700008392334,27568900,20.239999771118164,2026-04-23,18.690000534057617
18.200000762939453,19.079999923706055,17.959999084472656,28975100,19.610000610351562,2026-04-24,18.200000762939453
18.15999984741211,18.270000457763672,17.833999633789062,21513000,18.985000610351562,2026-04-27,18.15999984741211
17.260000228881836,17.600000381469727,16.479999542236328,21490900,17.600000381469727,2026-04-28,17.260000228881836
16.920000076293945,17.440000534057617,16.604999542236328,15941500,17.5,2026-04-29,16.920000076293945
17.739999771118164,17.489999771118164,17.200000762939453,16837600,18.1299991607666,2026-04-30,17.739999771118164
17.040000915527344,17.940000534057617,16.950000762939453,17324100,18.434999465942383,2026-05-01,17.040000915527344
17.889999389648438,17.1200008392334,17.079999923706055,23579100,18.209999084472656,2026-05-04,17.889999389648438
22.100000381469727,18.309999465942383,17.649999618530273,63658800,22.170000076293945,2026-05-05,22.100000381469727
21.90999984741211,22.309999465942383,21.329999923706055,43299100,22.96500015258789,2026-05-06,21.90999984741211
20.684999465942383,21.690000534057617,19.670000076293945,25929800,21.81999969482422,2026-05-07,20.684999465942383
20.549999237060547,21.3439998626709,19.799999237060547,24464300,21.639999389648438,2026-05-08,20.549999237060547
20.280000686645508,19.920000076293945,19.139999389648438,28416100,21.489999771118164,2026-05-11,20.280000686645508
20.059999465942383,19.75,18.649999618530273,23458900,20.55500030517578,2026-05-12,20.059999465942383
21.239999771118164,20.5,19.700000762939453,30507900,21.610000610351562,2026-05-13,21.239999771118164
22.290000915527344,21.510000228881836,20.665000915527344,27530700,22.520000457763672,2026-05-14,22.290000915527344
20.329999923706055,21.280000686645508,20.040000915527344,24257000,21.31999969482422,2026-05-15,20.329999923706055
19.1200008392334,20.020000457763672,17.850000381469727,23021400,20.059999465942383,2026-05-18,19.1200008392334
18.799999237060547,18.799999237060547,17.6200008392334,19398500,19.125,2026-05-19,18.799999237060547
19.479999542236328,19.295000076293945,19.059999465942383,21509700,20.440000534057617,2026-05-20,19.479999542236328
21.520000457763672,19.81999969482422,19.700000762939453,26727300,21.559999465942383,2026-05-21,21.520000457763672
21.969999313354492,21.299999237060547,20.959999084472656,19436000,22.350000381469727,2026-05-22,21.969999313354492
23.020000457763672,23.260000228881836,22.53499984741211,25430800,24.649999618530273,2026-05-26,23.020000457763672
25.15999984741211,23.1200008392334,22.170000076293945,34659600,25.559999465942383,2026-05-27,25.15999984741211
24.59000015258789,24.829999923706055,23.93000030517578,19156700,25.145000457763672,2026-05-28,24.59000015258789
23.649999618530273,24.360000610351562,22.56999969482422,17095500,24.3799991607666,2026-05-29,23.649999618530273
24.010000228881836,23.100000381469727,22.301000595092773,23373900,24.860000610351562,2026-06-01,24.010000228881836
26.290000915527344,24.725000381469727,24.700000762939453,29972500,26.600000381469727,2026-06-02,26.290000915527344
26.239999771118164,27.16900062561035,25.812000274658203,37902600,28.6200008392334,2026-06-03,26.239999771118164
25.549999237060547,25.014999389648438,24.170000076293945,25965300,26.329999923706055,2026-06-04,25.549999237060547
22.450000762939453,24.4950008392334,21.219999313354492,25866900,24.579999923706055,2026-06-05,22.450000762939453
24.290000915527344,23.315000534057617,22.75,19407900,24.510000228881836,2026-06-08,24.290000915527344
23.03499984741211,25.0,21.809999465942383,23981700,25.579999923706055,2026-06-09,23.03499984741211
21.020000457763672,22.68899917602539,20.93000030517578,19874000,23.59000015258789,2026-06-10,21.020000457763672
22.6299991607666,20.780000686645508,20.691999435424805,22258200,22.850000381469727,2026-06-11,22.6299991607666
24.5,23.299999237060547,22.899999618530273,26160900,25.360000610351562,2026-06-12,24.5
26.030000686645508,25.760000228881836,25.639999389648438,23514500,26.889999389648438,2026-06-15,26.030000686645508
26.209999084472656,26.0,25.934999465942383,19040500,27.389999389648438,2026-06-16,26.209999084472656
26.350000381469727,26.229999542236328,26.121999740600586,23494000,28.170000076293945,2026-06-17,26.350000381469727
29.18000030517578,27.799999237060547,26.559999465942383,39415700,30.010000228881836,2026-06-18,29.18000030517578
28.139999389648438,29.21500015258789,27.8700008392334,18875900,30.139999389648438,2026-06-22,28.139999389648438
27.639999389648438,26.114999771118164,25.649999618530273,18053600,28.959999084472656,2026-06-23,27.639999389648438
26.219999313354492,27.540000915527344,24.950000762939453,22885700,27.540000915527344,2026-06-24,26.219999313354492
25.68000030517578,27.51300048828125,24.420000076293945,22187600,28.079999923706055,2026-06-25,25.68000030517578
25.940000534057617,24.940000534057617,23.799999237060547,44844700,26.1299991607666,2026-06-26,25.940000534057617
24.829999923706055,26.344999313354492,23.290000915527344,20269500,26.8799991607666,2026-06-29,24.829999923706055
24.5,24.420000076293945,23.704999923706055,16524100,24.7549991607666,2026-06-30,24.5
22.84000015258789,23.40999984741211,21.690000534057617,26596800,23.479000091552734,2026-07-01,22.84000015258789
20.040000915527344,22.829999923706055,19.385000228881836,31074900,23.170000076293945,2026-07-02,20.040000915527344
21.729999542236328,21.454999923706055,21.049999237060547,28330500,22.600000381469727,2026-07-06,21.729999542236328
20.469999313354492,20.799999237060547,19.5049991607666,24783100,21.200000762939453,2026-07-07,20.469999313354492
21.850000381469727,20.389999389648438,20.139999389648438,22317000,21.864999771118164,2026-07-08,21.850000381469727
23.260000228881836,22.6200008392334,22.420000076293945,29106500,24.09000015258789,2026-07-09,23.260000228881836
22.110000610351562,23.34000015258789,21.770000457763672,16487900,23.540000915527344,2026-07-10,22.110000610351562
20.084999084472656,21.5,19.652000427246094,18836900,22.17799949645996,2026-07-13,20.084999084472656
19.8700008392334,20.8799991607666,19.040000915527344,18913800,21.225000381469727,2026-07-14,19.8700008392334
19.8700008392334,19.899999618530273,18.69099998474121,21655300,20.739999771118164,2026-07-15,19.8700008392334
17.719999313354492,19.010000228881836,17.600000381469727,18915800,19.270000457763672,2026-07-16,17.719999313354492
17.559999465942383,17.0,16.1299991607666,22952200,17.829999923706055,2026-07-17,17.559999465942383
20.540000915527344,18.780000686645508,18.780000686645508,40939900,21.014999389648438,2026-07-20,20.540000915527344
22.889999389648438,21.014999389648438,20.979999542236328,47445800,24.489999771118164,2026-07-21,22.889999389648438
24.459999084472656,22.450000762939453,22.309999465942383,24515400,24.6299991607666,2026-07-22,24.459999084472656
25.81999969482422,24.165000915527344,23.940000534057617,31634000,26.84000015258789,2026-07-23,25.81999969482422
23.149999618530273,25.309999465942383,22.889999389648438,21181700,25.799999237060547,2026-07-24,23.149999618530273
21.649999618530273,23.815000534057617,20.761999130249023,24720300,23.90999984741211,2026-07-27,21.649999618530273
20.420000076293945,20.81999969482422,18.84000015258789,23678400,20.81999969482422,2026-07-28,20.420000076293945
17.690000534057617,20.579999923706055,17.441999435424805,39794600,20.68000030517578,2026-07-29,17.690000534057617
22.655000686645508,19.735000610351562,19.530000686645508,36327200,22.959999084472656,2026-07-30,22.655000686645508
22.31999969482422,24.18000030517578,21.809999465942383,27799000,24.530000686645508,2026-07-31,22.31999969482422
24.15999984741211,21.809999465942383,21.299999237060547,35732300,25.219999313354492,2026-08-03,24.15999984741211
20.3799991607666,20.25,20.0,61484700,22.389999389648438,2026-08-04,20.3799991607666
18.709999084472656,20.34000015258789,18.65999984741211,35323300,21.1200008392334,2026-08-05,18.709999084472656
18.209999084472656,18.065000534057617,17.700000762939453,31003300,19.594999313354492,2026-08-06,18.209999084472656
17.18000030517578,18.729999542236328,16.94499969482422,45182300,19.049999237060547,2026-08-07,17.18000030517578
16.329999923706055,17.510000228881836,16.200000762939453,33634300,17.510000228881836,2026-08-10,16.329999923706055
17.209999084472656,17.190000534057617,16.974000930786133,32584400,18.2450008392334,2026-08-11,17.209999084472656
17.8700008392334,18.575000762939453,17.479999542236328,34008000,19.1200008392334,2026-08-12,17.8700008392334
16.6200008392334,17.420000076293945,16.385000228881836,35299900,18.079999923706055,2026-08-13,16.6200008392334
17.854999542236328,16.469999313354492,16.229999542236328,38127000,18.139999389648438,2026-08-14,17.854999542236328
18.5,17.760000228881836,17.719999313354492,26942000,18.735000610351562,2026-08-17,18.5
16.094999313354492,17.530000686645508,15.770000457763672,53429100,17.899999618530273,2026-08-18,16.094999313354492
15.890000343322754,16.049999237060547,14.890000343322754,44328000,16.325000762939453,2026-08-19,15.890000343322754
17.209999084472656,16.200000762939453,15.579999923706055,36042000,17.239999771118164,2026-08-20,17.209999084472656
15.765000343322754,17.520000457763672,15.479999542236328,55322000,18.229999542236328,2026-08-21,15.765000343322754
15.359999656677246,15.5,14.960000038146973,33539000,15.869999885559082,2026-08-24,15.359999656677246
16.309999465942383,15.630000114440918,15.399999618530273,29429800,16.3799991607666,2026-08-25,16.309999465942383
16.020000457763672,16.0,15.720999717712402,24944600,16.420000076293945,2026-08-26,16.020000457763672
16.770000457763672,16.520000457763672,16.3799991607666,35794800,17.46500015258789,2026-08-27,16.770000457763672
15.170000076293945,16.190000534057617,15.109999656677246,30897800,16.469999313354492,2026-08-28,15.170000076293945
15.5,15.119999885559082,14.789999961853027,19235800,15.59000015258789,2026-08-31,15.5
14.609999656677246,14.885000228881836,14.470000267028809,20048400,15.100000381469727,2026-09-01,14.609999656677246
15.180000305175781,14.329999923706055,14.180000305175781,21544000,15.329999923706055,2026-09-02,15.180000305175781
17.3700008392334,15.109999656677246,15.020000457763672,37199400,17.56999969482422,2026-09-03,17.3700008392334
17.739999771118164,17.325000762939453,17.270000457763672,25036700,17.920000076293945,2026-09-04,17.739999771118164
18.510000228881836,17.950000762939453,17.56999969482422,39893500,19.489999771118164,2026-09-08,18.510000228881836
16.899999618530273,18.59000015258789,16.850000381469727,42443800,18.690000534057617,2026-09-09,16.899999618530273
15.9399995803833,16.049999237060547,15.279999732971191,47161400,16.459999084472656,2026-09-10,15.9399995803833
16.850000381469727,16.1200008392334,15.890000343322754,34342900,17.510000228881836,2026-09-11,16.850000381469727
15.635000228881836,15.550000190734863,15.399999618530273,34901800,16.459999084472656,2026-09-14,15.635000228881836
15.09000015258789,15.524999618530273,14.850000381469727,25931400,15.645000457763672,2026-09-15,15.09000015258789
16.719999313354492,15.920000076293945,15.829999923706055,62825600,17.579999923706055,2026-09-16,16.719999313354492
16.940000534057617,18.03499984741211,16.56999969482422,41311900,18.437999725341797,2026-09-17,16.940000534057617
18.34000015258789,17.799999237060547,17.045000076293945,41168300,18.420000076293945,2026-09-18,18.34000015258789
18.899999618530273,18.665000915527344,18.290000915527344,42333500,19.25,2026-09-21,18.899999618530273
19.09000015258789,18.510000228881836,18.3799991607666,28768800,19.7450008392334,2026-09-22,19.09000015258789
18.350000381469727,19.0,18.299999237060547,30313100,19.559999465942383,2026-09-23,18.350000381469727
18.100000381469727,17.864999771118164,17.719999313354492,25974900,18.809999465942383,2026-09-24,18.100000381469727
17.729999542236328,18.59000015258789,17.440000534057617,32207000,18.700000762939453,2026-09-25,17.729999542236328
16.739999771118164,17.299999237060547,16.68000030517578,22340300,17.940000534057617,2026-09-28,16.739999771118164
16.510000228881836,17.065000534057617,16.440000534057617,28489200,17.3700008392334,2026-09-29,16.510000228881836
15.824999809265137,16.770000457763672,15.8100004196167,29023000,16.90999984741211,2026-09-30,15.824999809265137
15.460000038146973,15.729999542236328,14.880000114440918,39601900,15.859999656677246,2026-10-01,15.460000038146973
15.710000038146973,15.899999618530273,15.350000381469727,30207500,16.420000076293945,2026-10-02,15.710000038146973
15.479999542236328,15.795000076293945,14.859999656677246,29654600,15.859999656677246,2026-10-05,15.479999542236328
15.5,15.59000015258789,15.21500015258789,22577500,15.779999732971191,2026-10-06,15.5
14.5600004196167,14.989999771118164,14.470000267028809,36663900,15.229999542236328,2026-10-07,14.5600004196167
13.5,14.210000038146973,12.881999969482422,57201800,14.239999771118164,2026-10-08,13.5
