high,close,low,volume,open,date,adjclose
7.53000020980835,7.329999923706055,7.21999979019165,10808900,7.474999904632568,2024-10-10,7.329999923706055
7.815000057220459,7.739999771118164,7.400000095367432,13875700,7.420000076293945,2024-10-11,7.739999771118164
8.65999984741211,8.529999732971191,7.888999938964844,26287500,8.109999656677246,2024-10-14,8.529999732971191
9.170000076293945,8.729999542236328,8.40999984741211,18515200,8.5600004196167,2024-10-15,8.729999542236328
9.380000114440918,9.350000381469727,8.765000343322754,19637100,9.100000381469727,2024-10-16,9.350000381469727
9.449999809265137,8.949999809265137,8.90999984741211,13642600,9.289999961853027,2024-10-17,8.949999809265137
9.670000076293945,9.489999771118164,9.130000114440918,18430500,9.220000267028809,2024-10-18,9.489999771118164
9.699999809265137,9.619999885559082,8.800000190734863,21262200,9.130000114440918,2024-10-21,9.619999885559082
9.609999656677246,9.279999732971191,9.020000457763672,17578000,9.529999732971191,2024-10-22,9.279999732971191
9.210000038146973,8.680000305175781,8.420000076293945,20289900,9.029999732971191,2024-10-23,8.680000305175781
9.414999961853027,9.239999771118164,8.829999923706055,18381500,8.829999923706055,2024-10-24,9.239999771118164
9.6899995803833,9.25,8.979999542236328,18557500,9.3100004196167,2024-10-25,9.25
10.960000038146973,10.899999618530273,9.680000305175781,23972900,9.699999809265137,2024-10-28,10.899999618530273
11.350000381469727,10.550000190734863,10.390000343322754,27092100,11.335000038146973,2024-10-29,10.550000190734863
10.84000015258789,10.319999694824219,10.0,11914700,10.210000038146973,2024-10-30,10.319999694824219
10.369999885559082,9.119999885559082,9.109999656677246,16739100,10.1899995803833,2024-10-31,9.119999885559082
9.640000343322754,9.050000190734863,8.895000457763672,14840800,9.260000228881836,2024-11-01,9.050000190734863
8.829999923706055,8.510000228881836,8.329999923706055,13971200,8.800000190734863,2024-11-04,8.510000228881836
9.095000267028809,8.9399995803833,8.520000457763672,14034400,8.699999809265137,2024-11-05,8.9399995803833
11.140000343322754,11.039999961853027,9.510000228881836,25767000,9.989999771118164,2024-11-06,11.039999961853027
11.395000457763672,11.210000038146973,10.670000076293945,13696500,10.789999961853027,2024-11-07,11.210000038146973
11.470000267028809,10.989999771118164,10.529999732971191,16019000,11.130000114440918,2024-11-08,10.989999771118164
13.069999694824219,12.75,11.850000381469727,29870900,12.149999618530273,2024-11-11,12.75
12.40999984741211,12.399999618530273,11.654999732971191,18966300,12.119999885559082,2024-11-12,12.399999618530273
12.425000190734863,10.880000114440918,10.704000473022461,30569000,12.199999809265137,2024-11-13,10.880000114440918
11.510000228881836,10.329999923706055,10.199999809265137,17393800,11.307999610900879,2024-11-14,10.329999923706055
10.824999809265137,10.670000076293945,10.119999885559082,12962800,10.699999809265137,2024-11-15,10.670000076293945
10.970000267028809,10.25,10.020000457763672,12404400,10.569999694824219,2024-11-18,10.25
10.699999809265137,10.40999984741211,9.779999732971191,14893500,10.050000190734863,2024-11-19,10.40999984741211
10.911999702453613,10.100000381469727,9.899999618530273,17312900,10.711999893188477,2024-11-20,10.100000381469727
10.829999923706055,9.720000267028809,9.34000015258789,22627100,10.619999885559082,2024-11-21,9.720000267028809
11.0,10.779999732971191,9.550000190734863,15088000,9.680000305175781,2024-11-22,10.779999732971191
11.140000343322754,10.40999984741211,10.204999923706055,16393600,10.989999771118164,2024-11-25,10.40999984741211
10.364999771118164,9.5600004196167,9.510000228881836,17683600,9.989999771118164,2024-11-26,9.5600004196167
12.699999809265137,12.399999618530273,10.609999656677246,44547500,10.699999809265137,2024-11-27,12.399999618530273
13.760000228881836,13.510000228881836,12.199999809265137,19269900,12.515000343322754,2024-11-29,13.510000228881836
13.859999656677246,12.619999885559082,12.4399995803833,16802600,13.350000381469727,2024-12-02,12.619999885559082
13.4399995803833,12.930000305175781,12.119999885559082,15380400,12.130000114440918,2024-12-03,12.930000305175781
14.510000228881836,14.270000457763672,12.65999984741211,38666400,12.819999694824219,2024-12-04,14.270000457763672
15.4399995803833,14.149999618530273,13.829999923706055,26996200,15.010000228881836,2024-12-05,14.149999618530273
15.920000076293945,15.390000343322754,14.180000305175781,21809300,14.1899995803833,2024-12-06,15.390000343322754
15.789999961853027,14.510000228881836,14.329999923706055,16356900,15.369999885559082,2024-12-09,14.510000228881836
14.529999732971191,13.359999656677246,13.020000457763672,17655100,14.300000190734863,2024-12-10,13.359999656677246
14.149999618530273,13.609999656677246,13.255000114440918,18948900,13.859999656677246,2024-12-11,13.609999656677246
14.920000076293945,13.430000305175781,13.300000190734863,14455700,14.199999809265137,2024-12-12,13.430000305175781
13.670000076293945,13.109999656677246,12.914999961853027,10457200,13.350000381469727,2024-12-13,13.109999656677246
14.845000267028809,13.90999984741211,13.010000228881836,15509100,13.34000015258789,2024-12-16,13.90999984741211
14.289999961853027,13.729999542236328,13.300000190734863,12172800,14.100000381469727,2024-12-17,13.729999542236328
14.25,12.130000114440918,11.899999618530273,18783800,13.680000305175781,2024-12-18,12.130000114440918
12.84000015258789,11.414999961853027,11.324999809265137,15101600,12.65999984741211,2024-12-19,11.414999961853027
12.119999885559082,11.8100004196167,11.052000045776367,14505100,11.119999885559082,2024-12-20,11.8100004196167
11.770000457763672,11.25,10.710000038146973,12753700,11.760000228881836,2024-12-23,11.25
11.9399995803833,11.8100004196167,11.4399995803833,5974100,11.880000114440918,2024-12-24,11.8100004196167
11.619999885559082,11.34000015258789,11.170000076293945,6451400,11.479999542236328,2024-12-26,11.34000015258789
11.404999732971191,10.710000038146973,10.630000114440918,9798600,11.300000190734863,2024-12-27,10.710000038146973
10.489999771118164,9.9399995803833,9.805000305175781,11506900,10.270000457763672,2024-12-30,9.9399995803833
10.279999732971191,9.819999694824219,9.770000457763672,13488200,10.180000305175781,2024-12-31,9.819999694824219
11.020000457763672,10.460000038146973,10.109999656677246,12118500,10.3100004196167,2025-01-02,10.460000038146973
11.630000114440918,11.34000015258789,10.239999771118164,12106600,10.420000076293945,2025-01-03,11.34000015258789
12.020000457763672,11.770000457763672,11.34000015258789,20376500,11.720000267028809,2025-01-06,11.770000457763672
12.399999618530273,11.380000114440918,11.204999923706055,15144100,11.649999618530273,2025-01-07,11.380000114440918
11.270000457763672,10.510000228881836,10.232000350952148,14441700,11.0,2025-01-08,10.510000228881836
11.15999984741211,11.0,10.220000267028809,11952200,10.529999732971191,2025-01-10,11.0
10.588000297546387,10.460000038146973,9.970000267028809,10331500,10.319999694824219,2025-01-13,10.460000038146973
11.399999618530273,10.970000267028809,10.725000381469727,9788900,11.149999618530273,2025-01-14,10.970000267028809
11.949999809265137,11.550000190734863,11.289999961853027,12268900,11.649999618530273,2025-01-15,11.550000190734863
11.670000076293945,11.449999809265137,11.140000343322754,7318400,11.539999961853027,2025-01-16,11.449999809265137
12.600000381469727,11.989999771118164,11.800000190734863,17125400,12.029999732971191,2025-01-17,11.989999771118164
11.399999618530273,10.8100004196167,10.09000015258789,29293600,11.220000267028809,2025-01-21,10.8100004196167
11.920000076293945,11.65999984741211,10.699999809265137,18511800,10.770000457763672,2025-01-22,11.65999984741211
12.539999961853027,12.279999732971191,11.25,21953500,11.300000190734863,2025-01-23,12.279999732971191
13.625,13.319999694824219,11.989999771118164,22650500,12.5,2025-01-24,13.319999694824219
11.670000076293945,10.09000015258789,9.680000305175781,47261800,11.640000343322754,2025-01-27,10.09000015258789
10.399999618530273,10.079999923706055,9.390000343322754,22408800,10.380000114440918,2025-01-28,10.079999923706055
10.220000267028809,9.979999542236328,9.550000190734863,13118400,10.0649995803833,2025-01-29,9.979999542236328
10.739999771118164,10.300000190734863,10.0649995803833,14453700,10.25,2025-01-30,10.300000190734863
10.8100004196167,10.220000267028809,10.09000015258789,13103000,10.739999771118164,2025-01-31,10.220000267028809
10.890000343322754,10.680000305175781,9.270000457763672,21458000,9.319999694824219,2025-02-03,10.680000305175781
11.0,10.680000305175781,10.470000267028809,12914100,10.720000267028809,2025-02-04,10.680000305175781
11.175000190734863,11.069999694824219,10.75,15429600,10.75,2025-02-05,11.069999694824219
11.989999771118164,11.59000015258789,11.220000267028809,14900400,11.220000267028809,2025-02-06,11.59000015258789
12.625,12.470000267028809,11.760000228881836,18093300,11.989999771118164,2025-02-07,12.470000267028809
13.15999984741211,12.859999656677246,12.5,11304500,12.630000114440918,2025-02-10,12.859999656677246
12.979999542236328,12.420000076293945,12.220000267028809,8896300,12.720000267028809,2025-02-11,12.420000076293945
13.170000076293945,13.010000228881836,11.970000267028809,13859800,12.020000457763672,2025-02-12,13.010000228881836
13.170000076293945,13.079999923706055,12.149999618530273,21864000,12.899999618530273,2025-02-13,13.079999923706055
13.319999694824219,13.010000228881836,12.829999923706055,14108700,13.03499984741211,2025-02-14,13.010000228881836
13.5,12.970000267028809,12.529999732971191,13439100,12.960000038146973,2025-02-18,12.970000267028809
13.619999885559082,13.0,12.970000267028809,12940900,13.109999656677246,2025-02-19,13.0
13.300000190734863,12.359999656677246,12.09000015258789,11855500,13.300000190734863,2025-02-20,12.359999656677246
12.739999771118164,10.880000114440918,10.819999694824219,18536900,12.5600004196167,2025-02-21,10.880000114440918
11.010000228881836,10.15999984741211,10.020000457763672,11822100,10.96500015258789,2025-02-24,10.15999984741211
9.90999984741211,8.779999732971191,8.579999923706055,29434100,9.645000457763672,2025-02-25,8.779999732971191
9.09000015258789,8.489999771118164,8.369999885559082,15639000,8.592000007629395,2025-02-26,8.489999771118164
8.890000343322754,7.860000133514404,7.800000190734863,22481900,8.770000457763672,2025-02-27,7.860000133514404
8.510000228881836,8.239999771118164,7.630000114440918,15303400,7.71999979019165,2025-02-28,8.239999771118164
8.960000038146973,7.570000171661377,7.480000019073486,16859500,8.90999984741211,2025-03-03,7.570000171661377
7.880000114440918,7.539999961853027,6.889999866485596,19717100,7.150000095367432,2025-03-04,7.539999961853027
8.164999961853027,8.0600004196167,7.610000133514404,12450600,7.760000228881836,2025-03-05,8.0600004196167
8.289999961853027,7.619999885559082,7.454999923706055,15600700,7.570000171661377,2025-03-06,7.619999885559082
7.829999923706055,7.699999809265137,7.199999809265137,14040700,7.505000114440918,2025-03-07,7.699999809265137
7.380000114440918,6.619999885559082,6.429999828338623,15279100,7.269999980926514,2025-03-10,6.619999885559082
7.179999828338623,7.050000190734863,6.460000038146973,10740400,6.769999980926514,2025-03-11,7.050000190734863
7.400000095367432,7.039999961853027,6.684999942779541,10040300,7.329999923706055,2025-03-12,7.039999961853027
7.264999866485596,6.75,6.724999904632568,11623800,7.159999847412109,2025-03-13,6.75
7.295000076293945,7.210000038146973,6.849999904632568,11249600,6.920000076293945,2025-03-14,7.210000038146973
7.474999904632568,7.349999904632568,6.909999847412109,9791200,7.230000019073486,2025-03-17,7.349999904632568
7.14300012588501,6.590000152587891,6.579999923706055,11908600,7.099999904632568,2025-03-18,6.590000152587891
7.400000095367432,7.199999809265137,6.730000019073486,14726400,6.730000019073486,2025-03-19,7.199999809265137
7.46999979019165,7.210000038146973,7.073999881744385,10067800,7.119999885559082,2025-03-20,7.210000038146973
7.190000057220459,7.150000095367432,6.900000095367432,8308800,6.989999771118164,2025-03-21,7.150000095367432
7.730000019073486,7.690000057220459,7.400000095367432,14158800,7.400000095367432,2025-03-24,7.690000057220459
7.670000076293945,7.400000095367432,7.230000019073486,11561700,7.670000076293945,2025-03-25,7.400000095367432
7.389999866485596,6.710000038146973,6.659999847412109,14025200,7.349999904632568,2025-03-26,6.710000038146973
6.769999980926514,6.460000038146973,6.300000190734863,9697300,6.510000228881836,2025-03-27,6.460000038146973
6.394999980926514,6.070000171661377,5.965000152587891,13708500,6.320000171661377,2025-03-28,6.070000171661377
6.139999866485596,6.090000152587891,5.659999847412109,11729900,5.800000190734863,2025-03-31,6.090000152587891
6.677999973297119,6.639999866485596,5.909999847412109,15518400,6.177999973297119,2025-04-01,6.639999866485596
6.78000020980835,6.760000228881836,6.409999847412109,14876100,6.420000076293945,2025-04-02,6.760000228881836
6.289999961853027,6.039999961853027,5.949999809265137,10325200,6.03000020980835,2025-04-03,6.039999961853027
6.014999866485596,5.940000057220459,5.150000095367432,20376600,5.760000228881836,2025-04-04,5.940000057220459
6.420000076293945,5.880000114440918,5.230000019073486,13632000,5.239999771118164,2025-04-07,5.880000114440918
6.199999809265137,5.300000190734863,5.190000057220459,16667900,6.175000190734863,2025-04-08,5.300000190734863
6.179999828338623,5.900000095367432,5.125,27012200,5.28000020980835,2025-04-09,5.900000095367432
5.784999847412109,5.489999771118164,5.28000020980835,13388000,5.710000038146973,2025-04-10,5.489999771118164
5.670000076293945,5.630000114440918,5.380000114440918,11933600,5.559999942779541,2025-04-11,5.630000114440918
5.929999828338623,5.75,5.59499979019165,10927400,5.889999866485596,2025-04-14,5.75
5.78000020980835,5.449999809265137,5.269999980926514,14528200,5.769999980926514,2025-04-15,5.449999809265137
5.570000171661377,5.46999979019165,5.239999771118164,12434900,5.289999961853027,2025-04-16,5.46999979019165
5.644999980926514,5.590000152587891,5.360000133514404,7353300,5.460000038146973,2025-04-17,5.590000152587891
5.820000171661377,5.510000228881836,5.454999923706055,9716500,5.590000152587891,2025-04-21,5.510000228881836
6.179999828338623,6.059999942779541,5.630000114440918,23560800,5.679999828338623,2025-04-22,6.059999942779541
6.550000190734863,6.099999904632568,5.989999771118164,19930200,6.480000019073486,2025-04-23,6.099999904632568
6.349999904632568,6.300000190734863,6.010000228881836,13092300,6.079999923706055,2025-04-24,6.300000190734863
6.639999866485596,6.539999961853027,6.21999979019165,14578600,6.369999885559082,2025-04-25,6.539999961853027
6.5960001945495605,6.389999866485596,6.125,10517100,6.559999942779541,2025-04-28,6.389999866485596
6.429999828338623,6.269999980926514,6.239999771118164,5299200,6.329999923706055,2025-04-29,6.269999980926514
6.114999771118164,6.110000133514404,5.724999904632568,12746600,6.039999961853027,2025-04-30,6.110000133514404
6.519999980926514,6.369999885559082,6.230000019073486,19118000,6.400000095367432,2025-05-01,6.369999885559082
6.630000114440918,6.53000020980835,6.369999885559082,18465700,6.440000057220459,2025-05-02,6.53000020980835
6.369999885559082,6.190000057220459,6.130000114440918,8130100,6.300000190734863,2025-05-05,6.190000057220459
6.53000020980835,6.5,6.010000228881836,9057200,6.059999942779541,2025-05-06,6.5
6.635000228881836,6.570000171661377,6.360000133514404,8276300,6.539999961853027,2025-05-07,6.570000171661377
7.090000152587891,6.889999866485596,6.760000228881836,17071900,6.869999885559082,2025-05-08,6.889999866485596
7.25,7.039999961853027,6.769999980926514,18715600,6.954999923706055,2025-05-09,7.039999961853027
7.760000228881836,7.510000228881836,7.290999889373779,20827900,7.445000171661377,2025-05-12,7.510000228881836
8.220000267028809,8.119999885559082,7.53000020980835,23967700,7.807000160217285,2025-05-13,8.119999885559082
8.234999656677246,7.96999979019165,7.9120001792907715,20614500,8.225000381469727,2025-05-14,7.96999979019165
7.789999961853027,7.75,7.349999904632568,20239700,7.78000020980835,2025-05-15,7.75
8.619999885559082,8.40999984741211,7.849999904632568,25155400,7.869999885559082,2025-05-16,8.40999984741211
8.720000267028809,8.539999961853027,8.109999656677246,15926200,8.1850004196167,2025-05-19,8.539999961853027
8.649999618530273,8.609999656677246,8.270000457763672,13335200,8.579999923706055,2025-05-20,8.609999656677246
9.130000114440918,8.890000343322754,8.329999923706055,20713900,8.479999542236328,2025-05-21,8.890000343322754
9.670000076293945,9.279999732971191,9.1899995803833,21381600,9.350000381469727,2025-05-22,9.279999732971191
9.220000267028809,9.119999885559082,8.779999732971191,15027900,8.949999809265137,2025-05-23,9.119999885559082
9.430000305175781,9.239999771118164,8.869999885559082,18897300,9.430000305175781,2025-05-27,9.239999771118164
9.220000267028809,8.859999656677246,8.720000267028809,10761900,9.220000267028809,2025-05-28,8.859999656677246
9.048999786376953,8.600000381469727,8.5600004196167,9431800,9.039999961853027,2025-05-29,8.600000381469727
8.5600004196167,8.390000343322754,8.279999732971191,11744500,8.369999885559082,2025-05-30,8.390000343322754
8.774999618530273,8.729999542236328,8.3149995803833,10105000,8.359999656677246,2025-06-02,8.729999542236328
8.949999809265137,8.890000343322754,8.609999656677246,13802100,8.845000267028809,2025-06-03,8.890000343322754
9.53499984741211,9.430000305175781,8.699999809265137,13650700,8.819999694824219,2025-06-04,9.430000305175781
9.710000038146973,8.949999809265137,8.819999694824219,14140500,9.699999809265137,2025-06-05,8.949999809265137
10.0,9.75,9.079999923706055,26504500,9.170000076293945,2025-06-06,9.75
10.399999618530273,10.34000015258789,9.869999885559082,19349600,10.279999732971191,2025-06-09,10.34000015258789
10.600000381469727,10.489999771118164,10.210000038146973,14165200,10.569999694824219,2025-06-10,10.489999771118164
10.489999771118164,10.300000190734863,9.920000076293945,28921400,10.020000457763672,2025-06-11,10.300000190734863
10.5,10.170000076293945,9.899999618530273,13934100,10.0,2025-06-12,10.170000076293945
10.390000343322754,9.829999923706055,9.699999809265137,14358100,9.850000381469727,2025-06-13,9.829999923706055
10.40999984741211,10.399999618530273,9.899999618530273,14675600,10.100000381469727,2025-06-16,10.399999618530273
10.329999923706055,9.770000457763672,9.520000457763672,15897900,10.319999694824219,2025-06-17,9.770000457763672
10.095000267028809,9.800000190734863,9.633000373840332,12109900,9.710000038146973,2025-06-18,9.800000190734863
10.899999618530273,10.470000267028809,10.1899995803833,31972100,10.244999885559082,2025-06-20,10.470000267028809
10.819999694824219,10.65999984741211,9.824999809265137,27106000,10.720000267028809,2025-06-23,10.65999984741211
11.619999885559082,11.539999961853027,10.920000076293945,31954800,11.069999694824219,2025-06-24,11.539999961853027
12.234999656677246,11.869999885559082,11.75,26053200,11.979999542236328,2025-06-25,11.869999885559082
13.295000076293945,13.109999656677246,11.600000381469727,34235700,11.890000343322754,2025-06-26,13.109999656677246
14.289999961853027,14.0,13.09000015258789,37868700,13.390000343322754,2025-06-27,14.0
15.140000343322754,14.569999694824219,14.140000343322754,33223300,14.529999732971191,2025-06-30,14.569999694824219
16.229999542236328,15.229999542236328,13.989999771118164,41763600,14.0,2025-07-01,15.229999542236328
15.899999618530273,15.65999984741211,14.609999656677246,33730400,15.300000190734863,2025-07-02,15.65999984741211
18.540000915527344,16.81999969482422,15.789999961853027,42840900,15.970000267028809,2025-07-03,16.81999969482422
17.899999618530273,16.950000762939453,15.180000305175781,50888900,16.334999084472656,2025-07-07,16.950000762939453
18.299999237060547,16.889999389648438,16.809999465942383,28538800,17.459999084472656,2025-07-08,16.889999389648438
17.3799991607666,16.959999084472656,16.55500030517578,25177400,17.3700008392334,2025-07-09,16.959999084472656
17.665000915527344,17.030000686645508,16.584999084472656,22972800,16.8700008392334,2025-07-10,17.030000686645508
17.91699981689453,16.229999542236328,16.219999313354492,23514100,17.614999771118164,2025-07-11,16.229999542236328
18.635000228881836,17.280000686645508,16.719999313354492,42183400,16.7450008392334,2025-07-14,17.280000686645508
17.389999389648438,16.8799991607666,16.31999969482422,20618700,17.329999923706055,2025-07-15,16.8799991607666
17.815000534057617,17.309999465942383,16.799999237060547,20100200,17.135000228881836,2025-07-16,17.309999465942383
18.360000610351562,18.049999237060547,16.950000762939453,25370500,17.350000381469727,2025-07-17,18.049999237060547
18.860000610351562,17.940000534057617,17.264999389648438,27280400,18.469999313354492,2025-07-18,17.940000534057617
21.540000915527344,18.149999618530273,18.09000015258789,70400200,18.469999313354492,2025-07-21,18.149999618530273
18.975000381469727,18.59000015258789,17.489999771118164,39521600,18.975000381469727,2025-07-22,18.59000015258789
19.020000457763672,18.989999771118164,17.920000076293945,34218600,18.489999771118164,2025-07-23,18.989999771118164
19.360000610351562,18.139999389648438,17.920000076293945,40214700,19.125,2025-07-24,18.139999389648438
18.049999237060547,17.719999313354492,17.3700008392334,20278500,18.020000457763672,2025-07-25,17.719999313354492
17.84000015258789,16.579999923706055,16.34000015258789,24461500,17.84000015258789,2025-07-28,16.579999923706055
16.399999618530273,15.789999961853027,15.279999732971191,24144200,16.30500030517578,2025-07-29,15.789999961853027
16.45800018310547,16.139999389648438,15.539999961853027,15319600,15.994999885559082,2025-07-30,16.139999389648438
17.094999313354492,16.110000610351562,16.079999923706055,22905900,16.75,2025-07-31,16.110000610351562
15.869999885559082,15.399999618530273,14.720000267028809,23781300,15.295000076293945,2025-08-01,15.399999618530273
16.485000610351562,16.479999542236328,15.489999771118164,11044400,15.744999885559082,2025-08-04,16.479999542236328
16.479999542236328,16.450000762939453,15.90999984741211,8329300,16.389999389648438,2025-08-05,16.450000762939453
18.469999313354492,18.31999969482422,16.65999984741211,26736000,16.90999984741211,2025-08-06,18.31999969482422
18.959999084472656,18.56999969482422,17.600000381469727,21241000,18.700000762939453,2025-08-07,18.56999969482422
19.059999465942383,18.450000762939453,18.1299991607666,12842900,18.815000534057617,2025-08-08,18.450000762939453
19.84000015258789,17.969999313354492,17.940000534057617,18186500,19.06999969482422,2025-08-11,17.969999313354492
18.600000381469727,17.829999923706055,17.709999084472656,13768300,17.969999313354492,2025-08-12,17.829999923706055
18.424999237060547,17.729999542236328,17.610000610351562,17062100,17.959999084472656,2025-08-13,17.729999542236328
19.3799991607666,19.079999923706055,17.559999465942383,36247900,17.625,2025-08-14,19.079999923706055
20.34000015258789,19.690000534057617,18.079999923706055,25690200,19.1299991607666,2025-08-15,19.690000534057617
21.219999313354492,20.704999923706055,19.139999389648438,25197700,19.924999237060547,2025-08-18,20.704999923706055
20.920000076293945,18.729999542236328,18.549999237060547,26783300,20.899999618530273,2025-08-19,18.729999542236328
19.780000686645508,19.760000228881836,17.219999313354492,24060100,18.575000762939453,2025-08-20,19.760000228881836
20.06999969482422,19.59000015258789,19.079999923706055,16685800,19.135000228881836,2025-08-21,19.59000015258789
21.719999313354492,21.43000030517578,18.8700008392334,28734900,19.440000534057617,2025-08-22,21.43000030517578
23.3799991607666,23.1200008392334,20.739999771118164,30481900,21.299999237060547,2025-08-25,23.1200008392334
23.200000762939453,22.989999771118164,22.350000381469727,20461900,22.809999465942383,2025-08-26,22.989999771118164
23.18000030517578,22.354999542236328,22.040000915527344,15923400,23.18000030517578,2025-08-27,22.354999542236328
24.290000915527344,23.040000915527344,22.6299991607666,32177000,22.895000457763672,2025-08-28,23.040000915527344
29.5,26.479999542236328,25.6200008392334,76548800,27.5,2025-08-29,26.479999542236328
29.850000381469727,29.110000610351562,25.399999618530273,50917800,25.59000015258789,2025-09-02,29.110000610351562
30.014999389648438,28.209999084472656,27.610000610351562,32961700,30.0,2025-09-03,28.209999084472656
28.56999969482422,26.1299991607666,25.81999969482422,30079100,27.93000030517578,2025-09-04,26.1299991607666
27.299999237060547,26.149999618530273,25.309999465942383,23577500,27.155000686645508,2025-09-05,26.149999618530273
27.016000747680664,26.190000534057617,25.3799991607666,23531500,26.43000030517578,2025-09-08,26.190000534057617
30.5,30.190000534057617,27.049999237060547,50274600,28.524999618530273,2025-09-09,30.190000534057617
33.63999938964844,33.630001068115234,30.469999313354492,43774900,30.68000030517578,2025-09-10,33.630001068115234
33.755001068115234,32.849998474121094,31.739999771118164,38169100,33.26499938964844,2025-09-11,32.849998474121094
34.08000183105469,33.959999084472656,32.34000015258789,21067800,33.279998779296875,2025-09-12,33.959999084472656
37.22999954223633,37.13999938964844,34.099998474121094,38205300,34.76499938964844,2025-09-15,37.13999938964844
37.66999816894531,36.45000076293945,35.7599983215332,36440500,37.459999084472656,2025-09-16,36.45000076293945
38.474998474121094,37.900001525878906,34.619998931884766,34636100,35.755001068115234,2025-09-17,37.900001525878906
38.5,36.31999969482422,36.029998779296875,25890800,38.380001068115234,2025-09-18,36.31999969482422
39.869998931884766,38.63999938964844,36.630001068115234,36698900,36.709999084472656,2025-09-19,38.63999938964844
42.93000030517578,41.900001525878906,39.64500045776367,46224300,41.3849983215332,2025-09-22,41.900001525878906
44.25,41.77000045776367,40.58000183105469,32022700,43.02000045776367,2025-09-23,41.77000045776367
49.29999923706055,47.13999938964844,43.31999969482422,65566800,43.3849983215332,2025-09-24,47.13999938964844
49.38999938964844,46.290000915527344,43.56999969482422,61876700,44.275001525878906,2025-09-25,46.290000915527344
44.08000183105469,41.86000061035156,39.70000076293945,59655300,43.68000030517578,2025-09-26,41.86000061035156
46.220001220703125,45.93000030517578,43.209999084472656,37032600,43.625,2025-09-29,45.93000030517578
47.630001068115234,46.93000030517578,44.9900016784668,31035100,45.314998626708984,2025-09-30,46.93000030517578
48.150001525878906,47.08000183105469,45.93000030517578,28111600,46.61000061035156,2025-10-01,47.08000183105469
49.380001068115234,47.02000045776367,44.95000076293945,29215600,48.41999816894531,2025-10-02,47.02000045776367
52.185001373291016,50.459999084472656,46.66999816894531,40830100,47.540000915527344,2025-10-03,50.459999084472656
58.279998779296875,57.75,53.1510009765625,42021500,54.025001525878906,2025-10-06,57.75
63.400001525878906,61.68000030517578,55.459999084472656,76432900,60.224998474121094,2025-10-07,61.68000030517578
62.189998626708984,60.09000015258789,57.2599983215332,58446400,59.959999084472656,2025-10-08,60.09000015258789
65.20500183105469,63.849998474121094,60.915000915527344,57909000,62.4900016784668,2025-10-09,63.849998474121094
70.05000305175781,59.77000045776367,58.02000045776367,72743300,67.87999725341797,2025-10-10,59.77000045776367
67.79000091552734,64.13999938964844,61.790000915527344,47094500,63.48500061035156,2025-10-13,64.13999938964844
72.30000305175781,69.55999755859375,59.63100051879883,52129800,63.22999954223633,2025-10-14,69.55999755859375
74.1500015258789,67.9800033569336,66.54000091552734,48022500,71.38500213623047,2025-10-15,67.9800033569336
68.94000244140625,61.83000183105469,61.099998474121094,46540000,68.94000244140625,2025-10-16,61.83000183105469
61.95000076293945,60.720001220703125,57.63999938964844,38301400,59.279998779296875,2025-10-17,60.720001220703125
63.70000076293945,59.220001220703125,57.43000030517578,35132100,63.61000061035156,2025-10-20,59.220001220703125
58.2400016784668,55.19499969482422,52.64500045776367,41174200,57.244998931884766,2025-10-21,55.19499969482422
57.87300109863281,51.83000183105469,48.20000076293945,53283000,53.650001525878906,2025-10-22,51.83000183105469
57.779998779296875,55.86000061035156,52.06999969482422,31241100,52.72999954223633,2025-10-23,55.86000061035156
63.11000061035156,62.900001525878906,58.130001068115234,37485900,59.06999969482422,2025-10-24,62.900001525878906
66.4800033569336,64.98999786376953,62.560001373291016,33505200,64.98999786376953,2025-10-27,64.98999786376953
67.31999969482422,62.41999816894531,61.849998474121094,27360400,63.68000030517578,2025-10-28,62.41999816894531
63.0099983215332,60.41999816894531,58.02000045776367,28918700,61.45000076293945,2025-10-29,60.41999816894531
61.0099983215332,58.220001220703125,57.279998779296875,18455700,58.560001373291016,2025-10-30,58.220001220703125
63.18000030517578,60.75,59.459999084472656,20997100,61.79999923706055,2025-10-31,60.75
75.7300033569336,67.75,64.37999725341797,80440700,73.06999969482422,2025-11-03,67.75
72.45500183105469,66.62999725341797,63.29999923706055,45952300,64.21499633789062,2025-11-04,66.62999725341797
76.87000274658203,76.41000366210938,67.69999694824219,45875000,68.80000305175781,2025-11-05,76.41000366210938
75.79000091552734,66.95999908447266,66.66999816894531,52439800,75.76000213623047,2025-11-06,66.95999908447266
65.70999908447266,62.380001068115234,58.380001068115234,53464600,65.11000061035156,2025-11-07,62.380001068115234
68.30000305175781,60.16999816894531,59.779998779296875,39901000,65.8499984741211,2025-11-10,60.16999816894531
59.63999938964844,57.380001068115234,56.08000183105469,29975800,59.27000045776367,2025-11-11,57.380001068115234
58.45000076293945,55.70000076293945,53.540000915527344,28778000,58.310001373291016,2025-11-12,55.70000076293945
53.369998931884766,48.650001525878906,48.029998779296875,49348200,52.75,2025-11-13,48.650001525878906
50.18000030517578,46.369998931884766,44.54999923706055,49855900,45.63999938964844,2025-11-14,46.369998931884766
49.41999816894531,47.40999984741211,45.45000076293945,33606900,46.11000061035156,2025-11-17,47.40999984741211
50.66999816894531,48.849998474121094,46.5,37845900,46.814998626708984,2025-11-18,48.849998474121094
52.31999969482422,45.83000183105469,45.52000045776367,42020900,49.529998779296875,2025-11-19,45.83000183105469
54.060001373291016,43.470001220703125,43.20000076293945,63289000,48.970001220703125,2025-11-20,43.470001220703125
44.47999954223633,42.2599983215332,39.52000045776367,50691400,42.86000061035156,2025-11-21,42.2599983215332
48.9900016784668,48.4900016784668,42.91999816894531,36655400,43.0,2025-11-24,48.4900016784668
47.97999954223633,47.470001220703125,44.099998474121094,38228300,47.01499938964844,2025-11-25,47.470001220703125
49.43000030517578,48.45000076293945,46.040000915527344,26981700,49.375,2025-11-26,48.45000076293945
51.5,47.810001373291016,47.244998931884766,19588900,49.54499816894531,2025-11-28,47.810001373291016
48.84000015258789,48.4900016784668,44.2599983215332,22962900,45.17499923706055,2025-12-01,48.4900016784668
47.099998474121094,41.119998931884766,40.83000183105469,83201700,45.86000061035156,2025-12-02,41.119998931884766
44.369998931884766,43.959999084472656,39.93000030517578,60083200,41.1349983215332,2025-12-03,43.959999084472656
46.83000183105469,46.45000076293945,42.52000045776367,37973700,42.97999954223633,2025-12-04,46.45000076293945
46.25,44.709999084472656,44.04999923706055,28827200,45.599998474121094,2025-12-05,44.709999084472656
46.560001373291016,46.34000015258789,43.619998931884766,31025500,45.31999969482422,2025-12-08,46.34000015258789
48.90999984741211,46.84000015258789,45.20000076293945,30778400,45.810001373291016,2025-12-09,46.84000015258789
46.41999816894531,43.91999816894531,43.845001220703125,32084700,46.41999816894531,2025-12-10,43.91999816894531
44.040000915527344,43.939998626708984,40.86000061035156,26514600,43.119998931884766,2025-12-11,43.939998626708984
44.16999816894531,40.130001068115234,39.31999969482422,35607100,43.34000015258789,2025-12-12,40.130001068115234
40.369998931884766,35.47999954223633,35.36000061035156,47434800,40.34000015258789,2025-12-15,35.47999954223633
36.755001068115234,36.59000015258789,33.34000015258789,44868200,34.88999938964844,2025-12-16,36.59000015258789
37.38999938964844,33.779998779296875,33.611000061035156,33031700,37.16999816894531,2025-12-17,33.779998779296875
36.92499923706055,35.79999923706055,35.06999969482422,36087300,35.65999984741211,2025-12-18,35.79999923706055
40.36000061035156,39.91999816894531,36.689998626708984,30827100,36.900001525878906,2025-12-19,39.91999816894531
43.52000045776367,42.040000915527344,41.0099983215332,34981800,42.0620002746582,2025-12-22,42.040000915527344
43.369998931884766,42.06999969482422,40.650001525878906,22761100,40.720001220703125,2025-12-23,42.06999969482422
42.88999938964844,41.97999954223633,40.849998474121094,10710700,41.83000183105469,2025-12-24,41.97999954223633
42.63999938964844,40.29999923706055,39.529998779296875,20249600,42.529998779296875,2025-12-26,40.29999923706055
42.290000915527344,39.40999984741211,39.060001373291016,22027500,39.38999938964844,2025-12-29,39.40999984741211
39.900001525878906,38.29999923706055,38.119998931884766,19073000,39.619998931884766,2025-12-30,38.29999923706055
39.029998779296875,37.77000045776367,37.20000076293945,20982400,38.349998474121094,2025-12-31,37.77000045776367
42.75,42.70000076293945,38.06999969482422,30533300,39.0099983215332,2026-01-02,42.70000076293945
48.29999923706055,48.2400016784668,44.16999816894531,47924800,44.79999923706055,2026-01-05,48.2400016784668
47.900001525878906,45.90999984741211,43.18000030517578,38993600,47.20500183105469,2026-01-06,45.90999984741211
46.632999420166016,43.625,43.599998474121094,21816500,45.4900016784668,2026-01-07,43.625
47.57500076293945,45.68000030517578,42.54999923706055,34060200,43.73500061035156,2026-01-08,45.68000030517578
50.099998474121094,46.029998779296875,45.720001220703125,41300400,46.875,2026-01-09,46.029998779296875
51.625,50.33000183105469,45.849998474121094,53225800,46.724998474121094,2026-01-12,50.33000183105469
53.0,52.9900016784668,49.81999969482422,42181900,50.650001525878906,2026-01-13,52.9900016784668
53.659000396728516,52.880001068115234,50.81999969482422,38744000,53.224998474121094,2026-01-14,52.880001068115234
54.63999938964844,51.88999938964844,50.75,38235000,53.2400016784668,2026-01-15,51.88999938964844
58.75,57.81999969482422,51.91999816894531,53965900,52.404998779296875,2026-01-16,57.81999969482422
57.650001525878906,54.2599983215332,53.33000183105469,45490100,54.95000076293945,2026-01-20,54.2599983215332
57.189998626708984,53.47999954223633,48.83000183105469,62001200,55.91999816894531,2026-01-21,53.47999954223633
56.6879997253418,52.2599983215332,51.81999969482422,32969600,55.03499984741211,2026-01-22,52.2599983215332
58.58000183105469,56.68000030517578,50.11199951171875,56562200,52.36000061035156,2026-01-23,56.68000030517578
57.04600143432617,52.36000061035156,51.78499984741211,42447700,56.119998931884766,2026-01-26,52.36000061035156
60.0,59.9900016784668,52.900001525878906,55177900,53.459999084472656,2026-01-27,59.9900016784668
63.59000015258789,62.939998626708984,59.54999923706055,44007300,60.06999969482422,2026-01-28,62.939998626708984
62.09000015258789,59.84000015258789,56.720001220703125,49193900,61.400001525878906,2026-01-29,59.84000015258789
58.58000183105469,53.7400016784668,52.29999923706055,48061800,58.41999816894531,2026-01-30,53.7400016784668
55.060001373291016,53.08000183105469,49.630001068115234,40905300,52.349998474121094,2026-02-02,53.08000183105469
55.720001220703125,54.38999938964844,50.189998626708984,36286500,54.93000030517578,2026-02-03,54.38999938964844
52.5,44.939998626708984,43.90999984741211,66531600,52.2599983215332,2026-02-04,44.939998626708984
44.91999816894531,39.790000915527344,38.900001525878906,71587100,42.63999938964844,2026-02-05,39.790000915527344
44.220001220703125,41.83000183105469,36.52000045776367,75224200,39.95500183105469,2026-02-06,41.83000183105469
47.189998626708984,46.150001525878906,40.58000183105469,48851000,40.834999084472656,2026-02-09,46.150001525878906
47.15999984741211,42.93000030517578,42.90999984741211,35751800,45.33000183105469,2026-02-10,42.93000030517578
43.900001525878906,42.66999816894531,40.08599853515625,37394900,43.779998779296875,2026-02-11,42.66999816894531
42.83000183105469,40.029998779296875,39.5099983215332,30323000,42.52000045776367,2026-02-12,40.029998779296875
43.470001220703125,42.220001220703125,39.52000045776367,31579600,40.849998474121094,2026-02-13,42.220001220703125
42.22999954223633,40.970001220703125,39.70000076293945,23513900,41.0,2026-02-17,40.970001220703125
43.72999954223633,42.08000183105469,40.400001525878906,28281700,40.85499954223633,2026-02-18,42.08000183105469
43.61000061035156,43.290000915527344,40.119998931884766,26594300,41.0,2026-02-19,43.290000915527344
44.31999969482422,39.97999954223633,39.529998779296875,41944000,42.7599983215332,2026-02-20,39.97999954223633
42.560001373291016,42.36000061035156,38.939998626708984,30811400,39.189998626708984,2026-02-23,42.36000061035156
45.68000030517578,45.45000076293945,40.83000183105469,37593200,41.56999969482422,2026-02-24,45.45000076293945
47.25,44.029998779296875,43.630001068115234,32306300,46.619998931884766,2026-02-25,44.029998779296875
45.22999954223633,44.2400016784668,42.619998931884766,26661500,43.95000076293945,2026-02-26,44.2400016784668
43.084999084472656,40.95000076293945,39.540000915527344,52659300,42.505001068115234,2026-02-27,40.95000076293945
42.2400016784668,41.38999938964844,38.82899856567383,27535200,39.06999969482422,2026-03-02,41.38999938964844
40.400001525878906,38.849998474121094,37.54999923706055,31251300,39.790000915527344,2026-03-03,38.849998474121094
44.19499969482422,43.84000015258789,40.52000045776367,39073900,40.55500030517578,2026-03-04,43.84000015258789
41.880001068115234,40.125,38.7599983215332,45269300,41.189998626708984,2026-03-05,40.125
39.869998931884766,36.70000076293945,36.66999816894531,34750200,38.90999984741211,2026-03-06,36.70000076293945
39.16999816894531,38.84000015258789,35.630001068115234,31856500,36.459999084472656,2026-03-09,38.84000015258789
40.36000061035156,38.119998931884766,37.88999938964844,28138200,39.040000915527344,2026-03-10,38.119998931884766
42.61000061035156,41.97999954223633,39.04999923706055,39131200,39.25,2026-03-11,41.97999954223633
41.7400016784668,41.369998931884766,39.27000045776367,29491900,40.7599983215332,2026-03-12,41.369998931884766
44.150001525878906,41.58000183105469,41.0,34432200,42.625,2026-03-13,41.58000183105469
45.349998474121094,44.939998626708984,43.369998931884766,40308400,44.029998779296875,2026-03-16,44.939998626708984
44.290000915527344,42.959999084472656,42.57099914550781,27945800,43.79999923706055,2026-03-17,42.959999084472656
42.89500045776367,42.209999084472656,41.59000015258789,23967300,42.70000076293945,2026-03-18,42.209999084472656
41.95000076293945,41.65999984741211,39.83000183105469,23952700,40.959999084472656,2026-03-19,41.65999984741211
42.56999969482422,41.290000915527344,38.935001373291016,34840900,41.65999984741211,2026-03-20,41.290000915527344
44.75,42.15999984741211,41.21500015258789,40609200,41.400001525878906,2026-03-23,42.15999984741211
42.638999938964844,41.119998931884766,40.220001220703125,29659400,41.880001068115234,2026-03-24,41.119998931884766
43.18000030517578,41.43000030517578,40.64500045776367,29776700,42.38999938964844,2026-03-25,41.43000030517578
40.70000076293945,37.45000076293945,37.25,36651300,40.67499923706055,2026-03-26,37.45000076293945
37.439998626708984,35.09000015258789,34.560001373291016,28954900,36.994998931884766,2026-03-27,35.09000015258789
35.900001525878906,31.6200008392334,30.760000228881836,41739000,35.88999938964844,2026-03-30,31.6200008392334
34.290000915527344,34.279998779296875,31.649999618530273,32709500,32.970001220703125,2026-03-31,34.279998779296875
35.369998931884766,34.09000015258789,33.61000061035156,27730900,35.06999969482422,2026-04-01,34.09000015258789
35.029998779296875,34.77000045776367,31.350000381469727,30118100,32.349998474121094,2026-04-02,34.77000045776367
35.66999816894531,35.130001068115234,34.38999938964844,21654600,34.720001220703125,2026-04-06,35.130001068115234
35.77000045776367,35.7400016784668,33.189998626708984,23915500,34.47999954223633,2026-04-07,35.7400016784668
38.900001525878906,36.83000183105469,35.869998931884766,35485700,38.70000076293945,2026-04-08,36.83000183105469
38.099998474121094,37.060001373291016,35.25,27723400,36.43000030517578,2026-04-09,37.060001373291016
40.7400016784668,39.31999969482422,37.70000076293945,35297500,37.720001220703125,2026-04-10,39.31999969482422
43.529998779296875,43.06999969482422,38.310001373291016,39511500,38.459999084472656,2026-04-13,43.06999969482422
47.650001525878906,47.369998931884766,44.5,46944100,45.244998931884766,2026-04-14,47.369998931884766
48.86000061035156,48.81999969482422,46.220001220703125,32206700,47.25,2026-04-15,48.81999969482422
49.79999923706055,47.70000076293945,45.06999969482422,36818000,49.69499969482422,2026-04-16,47.70000076293945
49.84000015258789,48.119998931884766,47.16999816894531,30817700,48.97999954223633,2026-04-17,48.119998931884766
49.9900016784668,48.720001220703125,47.40999984741211,35973000,48.10499954223633,2026-04-20,48.720001220703125
48.733001708984375,45.16999816894531,44.939998626708984,35271300,48.68000030517578,2026-04-21,45.16999816894531
48.83000183105469,48.38999938964844,46.744998931884766,33306600,46.79999923706055,2026-04-22,48.38999938964844
53.369998931884766,52.02000045776367,47.939998626708984,57871800,48.349998474121094,2026-04-23,52.02000045776367
54.13999938964844,50.63999938964844,50.130001068115234,41941300,53.2400016784668,2026-04-24,50.63999938964844
50.369998931884766,48.36000061035156,47.65999984741211,33168600,50.220001220703125,2026-04-27,48.36000061035156
46.7400016784668,44.439998626708984,43.529998779296875,39925200,45.869998931884766,2026-04-28,44.439998626708984
44.70000076293945,42.86000061035156,42.209999084472656,25357000,44.689998626708984,2026-04-29,42.86000061035156
45.58000183105469,45.5099983215332,42.599998474121094,29279600,44.040000915527344,2026-04-30,45.5099983215332
47.400001525878906,45.65999984741211,45.150001525878906,26149800,46.16999816894531,2026-05-01,45.65999984741211
51.290000915527344,49.47999954223633,46.119998931884766,42428800,46.2400016784668,2026-05-04,49.47999954223633
56.1349983215332,54.7400016784668,49.06999969482422,48226600,50.02000045776367,2026-05-05,54.7400016784668
61.5,60.97999954223633,56.10200119018555,62384700,56.244998931884766,2026-05-06,60.97999954223633
62.43000030517578,56.849998474121094,55.40999984741211,81891800,59.39500045776367,2026-05-07,56.849998474121094
65.61000061035156,61.20000076293945,57.90999984741211,110542100,63.845001220703125,2026-05-08,61.20000076293945
61.720001220703125,55.150001525878906,52.36000061035156,112561500,54.970001220703125,2026-05-11,55.150001525878906
57.21799850463867,56.560001373291016,53.0,76104700,55.400001525878906,2026-05-12,56.560001373291016
57.59000015258789,55.16999816894531,53.70000076293945,49514600,57.439998626708984,2026-05-13,55.16999816894531
60.18000030517578,58.400001525878906,54.0,58403000,54.46500015258789,2026-05-14,58.400001525878906
56.790000915527344,52.939998626708984,52.86000061035156,48691600,56.7400016784668,2026-05-15,52.939998626708984
53.11000061035156,50.459999084472656,48.47999954223633,43039800,53.084999084472656,2026-05-18,50.459999084472656
49.27000045776367,47.7400016784668,46.0,37577500,48.619998931884766,2026-05-19,47.7400016784668
53.119998931884766,52.709999084472656,48.54999923706055,44421000,49.119998931884766,2026-05-20,52.709999084472656
58.099998474121094,58.060001373291016,53.20000076293945,50294800,53.9900016784668,2026-05-21,58.060001373291016
58.814998626708984,56.83000183105469,55.55500030517578,36358400,57.935001373291016,2026-05-22,56.83000183105469
61.4900016784668,59.779998779296875,58.61000061035156,41949000,59.68000030517578,2026-05-26,59.779998779296875
68.1259994506836,67.83999633789062,59.83000183105469,85377500,61.83000183105469,2026-05-27,67.83999633789062
66.75,64.05000305175781,63.54999923706055,46938600,66.54000091552734,2026-05-28,64.05000305175781
64.74500274658203,63.540000915527344,60.72999954223633,50313600,64.69999694824219,2026-05-29,63.540000915527344
66.5,65.33000183105469,60.2599983215332,56409500,62.20000076293945,2026-06-01,65.33000183105469
69.56999969482422,66.5999984741211,64.26000213623047,51690000,64.58000183105469,2026-06-02,66.5999984741211
70.70700073242188,65.4800033569336,64.45999908447266,59382900,68.81500244140625,2026-06-03,65.4800033569336
62.90999984741211,61.86000061035156,59.68000030517578,47120800,62.130001068115234,2026-06-04,61.86000061035156
59.310001373291016,54.349998474121094,51.040000915527344,64148700,59.310001373291016,2026-06-05,54.349998474121094
59.66999816894531,59.189998626708984,55.13999938964844,41125900,56.599998474121094,2026-06-08,59.189998626708984
60.86000061035156,54.02000045776367,51.14500045776367,57349400,58.959999084472656,2026-06-09,54.02000045776367
56.459999084472656,51.52000045776367,51.220001220703125,40574500,53.91999816894531,2026-06-10,51.52000045776367
57.09000015258789,56.709999084472656,50.75,48863200,51.189998626708984,2026-06-11,56.709999084472656
61.400001525878906,59.77000045776367,55.939998626708984,45354100,56.505001068115234,2026-06-12,59.77000045776367
63.16999816894531,60.849998474121094,60.34000015258789,33192900,62.31999969482422,2026-06-15,60.849998474121094
62.02000045776367,59.18000030517578,58.939998626708984,32102100,60.060001373291016,2026-06-16,59.18000030517578
61.66999816894531,58.11000061035156,57.709999084472656,36100500,58.96500015258789,2026-06-17,58.11000061035156
61.529998779296875,59.959999084472656,58.0,39394600,61.275001525878906,2026-06-18,59.959999084472656
61.279998779296875,56.869998931884766,56.29999923706055,35086500,60.68000030517578,2026-06-22,56.869998931884766
57.540000915527344,54.720001220703125,52.75,32248100,53.45500183105469,2026-06-23,54.720001220703125
54.790000915527344,50.29999923706055,48.84000015258789,38885600,54.09199905395508,2026-06-24,50.29999923706055
52.290000915527344,47.7400016784668,47.150001525878906,36214700,52.220001220703125,2026-06-25,47.7400016784668
48.38600158691406,47.209999084472656,45.04999923706055,50929300,46.650001525878906,2026-06-26,47.209999084472656
48.98099899291992,45.90999984741211,43.88999938964844,34318400,48.60499954223633,2026-06-29,45.90999984741211
46.7599983215332,45.72999954223633,44.5,28300000,45.70000076293945,2026-06-30,45.72999954223633
44.79999923706055,43.31999969482422,41.7599983215332,41807500,44.04499816894531,2026-07-01,43.31999969482422
43.417999267578125,38.81999969482422,37.65999984741211,60144900,42.525001525878906,2026-07-02,38.81999969482422
44.970001220703125,43.90999984741211,41.75,53915700,41.970001220703125,2026-07-06,43.90999984741211
42.709999084472656,39.814998626708984,39.19499969482422,42364000,42.23500061035156,2026-07-07,39.814998626708984
43.060001373291016,43.005001068115234,40.275001525878906,34991000,40.7400016784668,2026-07-08,43.005001068115234
45.540000915527344,41.720001220703125,41.58000183105469,38622400,44.494998931884766,2026-07-09,41.720001220703125
42.61000061035156,41.13999938964844,39.96500015258789,30169800,42.61000061035156,2026-07-10,41.13999938964844
42.16999816894531,38.97999954223633,38.08000183105469,36157700,40.34000015258789,2026-07-13,38.97999954223633
40.619998931884766,38.59000015258789,37.040000915527344,35274500,40.04999923706055,2026-07-14,38.59000015258789
40.44499969482422,38.279998779296875,37.95399856567383,36231900,39.1150016784668,2026-07-15,38.279998779296875
37.41999816894531,34.83000183105469,34.439998626708984,41339100,37.09000015258789,2026-07-16,34.83000183105469
34.91999816894531,33.619998931884766,32.220001220703125,47227400,33.790000915527344,2026-07-17,33.619998931884766
41.095001220703125,40.20000076293945,36.310001373291016,93338200,36.391998291015625,2026-07-20,40.20000076293945
42.68000030517578,41.290000915527344,40.34000015258789,51030000,40.90999984741211,2026-07-21,41.290000915527344
43.720001220703125,41.279998779296875,40.25,41772800,40.29999923706055,2026-07-22,41.279998779296875
43.42900085449219,40.58000183105469,40.349998474121094,41864300,40.599998474121094,2026-07-23,40.58000183105469
40.22999954223633,37.06999969482422,37.02000045776367,34580400,40.01499938964844,2026-07-24,37.06999969482422
38.499000549316406,36.290000915527344,34.880001068115234,34868100,37.59000015258789,2026-07-27,36.290000915527344
35.09000015258789,33.93000030517578,32.540000915527344,47608800,35.01499938964844,2026-07-28,33.93000030517578
34.2400016784668,29.309999465942383,28.93000030517578,71021400,34.07500076293945,2026-07-29,29.309999465942383
38.334999084472656,38.2599983215332,32.31999969482422,72983600,32.505001068115234,2026-07-30,38.2599983215332
40.814998626708984,36.79999923706055,35.15999984741211,65451200,40.814998626708984,2026-07-31,36.79999923706055
40.209999084472656,39.75,35.459999084472656,43898300,36.52000045776367,2026-08-03,39.75
42.2400016784668,40.849998474121094,39.20000076293945,41251300,39.220001220703125,2026-08-04,40.849998474121094
41.15999984741211,38.88999938964844,38.88999938964844,34371000,40.04999923706055,2026-08-05,38.88999938964844
40.470001220703125,37.93000030517578,37.08000183105469,31457000,37.255001068115234,2026-08-06,37.93000030517578
41.29999923706055,41.22999954223633,37.29999923706055,32417500,39.470001220703125,2026-08-07,41.22999954223633
41.310001373291016,38.7400016784668,38.689998626708984,33395800,41.279998779296875,2026-08-10,38.7400016784668
40.95600128173828,39.75,39.349998474121094,42117200,40.20000076293945,2026-08-11,39.75
44.66999816894531,43.66999816894531,42.060001373291016,48616700,43.584999084472656,2026-08-12,43.66999816894531
49.185001373291016,44.7599983215332,43.9900016784668,87993100,45.97999954223633,2026-08-13,44.7599983215332
46.43000030517578,44.060001373291016,43.689998626708984,42034100,44.09000015258789,2026-08-14,44.060001373291016
46.59000015258789,44.900001525878906,43.8650016784668,40135200,45.22999954223633,2026-08-17,44.900001525878906
45.279998779296875,42.0,41.58000183105469,43221900,43.560001373291016,2026-08-18,42.0
43.4900016784668,42.84000015258789,39.47999954223633,44038400,41.415000915527344,2026-08-19,42.84000015258789
43.58000183105469,42.599998474121094,41.111000061035156,44995400,42.459999084472656,2026-08-20,42.599998474121094
45.93000030517578,41.880001068115234,40.86000061035156,49894700,44.0,2026-08-21,41.880001068115234
41.27000045776367,39.810001373291016,39.599998474121094,33260300,40.849998474121094,2026-08-24,39.810001373291016
42.404998779296875,42.209999084472656,40.029998779296875,32507000,40.165000915527344,2026-08-25,42.209999084472656
41.56999969482422,39.58000183105469,39.36000061035156,39496900,41.20000076293945,2026-08-26,39.58000183105469
41.52000045776367,40.529998779296875,40.310001373291016,50348200,40.650001525878906,2026-08-27,40.529998779296875
38.04800033569336,35.45000076293945,34.810001373291016,89874200,37.64500045776367,2026-08-28,35.45000076293945
37.316001892089844,37.1150016784668,35.51100158691406,39689600,35.810001373291016,2026-08-31,37.1150016784668
37.2599983215332,36.81999969482422,35.13999938964844,33560100,36.08000183105469,2026-09-01,36.81999969482422
39.709999084472656,39.599998474121094,35.7599983215332,40648100,35.79499816894531,2026-09-02,39.599998474121094
41.81999969482422,41.650001525878906,39.029998779296875,44985200,39.290000915527344,2026-09-03,41.650001525878906
44.744998931884766,44.68000030517578,41.0,36266200,41.04999923706055,2026-09-04,44.68000030517578
49.290000915527344,46.93000030517578,46.0099983215332,50914800,46.13999938964844,2026-09-08,46.93000030517578
47.29999923706055,45.369998931884766,45.09000015258789,29847400,46.86000061035156,2026-09-09,45.369998931884766
45.849998474121094,43.63999938964844,43.45000076293945,35839500,44.0099983215332,2026-09-10,43.63999938964844
45.09000015258789,43.83000183105469,43.279998779296875,28985500,44.595001220703125,2026-09-11,43.83000183105469
44.35499954223633,43.16999816894531,41.77000045776367,35150200,41.970001220703125,2026-09-14,43.16999816894531
42.97999954223633,41.58000183105469,40.970001220703125,28677200,42.54999923706055,2026-09-15,41.58000183105469
43.915000915527344,42.619998931884766,41.54999923706055,33906000,42.45000076293945,2026-09-16,42.619998931884766
46.16999816894531,43.47999954223633,42.34000015258789,46463300,45.5,2026-09-17,43.47999954223633
46.7400016784668,46.68000030517578,43.362998962402344,45496300,44.70000076293945,2026-09-18,46.68000030517578
48.76900100708008,47.22999954223633,46.400001525878906,41082300,47.849998474121094,2026-09-21,47.22999954223633
49.349998474121094,48.54999923706055,46.83000183105469,33761800,46.97999954223633,2026-09-22,48.54999923706055
49.369998931884766,47.04999923706055,47.0099983215332,32390100,48.130001068115234,2026-09-23,47.04999923706055
47.31999969482422,46.150001525878906,45.143001556396484,30391600,45.84000015258789,2026-09-24,46.150001525878906
46.4900016784668,44.125,43.40999984741211,41168100,46.27000045776367,2026-09-25,44.125
43.9900016784668,41.720001220703125,41.69499969482422,26574700,43.36000061035156,2026-09-28,41.720001220703125
42.849998474121094,41.380001068115234,40.97999954223633,33902800,42.53499984741211,2026-09-29,41.380001068115234
42.400001525878906,40.880001068115234,40.599998474121094,25977800,42.150001525878906,2026-09-30,40.880001068115234
40.974998474121094,40.650001525878906,39.33000183105469,37004100,40.7599983215332,2026-10-01,40.650001525878906
43.90999984741211,41.7599983215332,40.95000076293945,41744000,41.869998931884766,2026-10-02,41.7599983215332
42.20000076293945,40.47999954223633,39.96500015258789,33452900,41.994998931884766,2026-10-05,40.47999954223633
42.178001403808594,41.279998779296875,40.5,35892400,40.97999954223633,2026-10-06,41.279998779296875
40.5,38.689998626708984,38.34000015258789,52598700,40.2599983215332,2026-10-07,38.689998626708984
38.060001373291016,35.709999084472656,35.2400016784668,55685900,37.81999969482422,2026-10-08,35.709999084472656
36.290000915527344,35.189998626708984,34.63999938964844,37497174,36.279998779296875,2026-10-09,35.189998626708984
