low,high,close,volume,open,date,adjclose
185.25,198.38999938964844,188.91000366210938,13445300,189.77000427246094,2024-10-09,188.91000366210938
178.0,192.1999969482422,183.33999633789062,15937500,191.88999938964844,2024-10-10,183.33999633789062
187.41000366210938,212.80999755859375,212.58999633789062,29933800,188.5,2024-10-11,212.58999633789062
201.42999267578125,227.14999389648438,201.6699981689453,31736600,224.47999572753906,2024-10-14,201.6699981689453
189.6999969482422,211.16000366210938,194.30999755859375,23114600,206.72999572753906,2024-10-15,194.30999755859375
191.9600067138672,200.6199951171875,194.08999633789062,12434600,199.89999389648438,2024-10-16,194.08999633789062
185.80999755859375,198.8800048828125,193.4199981689453,11414300,192.8000030517578,2024-10-17,193.4199981689453
197.10000610351562,218.64999389648438,215.86000061035156,22814800,197.58999633789062,2024-10-18,215.86000061035156
208.4499969482422,223.14999389648438,219.0500030517578,18028600,214.49000549316406,2024-10-21,219.0500030517578
212.0800018310547,221.39999389648438,219.6999969482422,13758100,216.2100067138672,2024-10-22,219.6999969482422
204.91000366210938,222.85000610351562,213.9499969482422,17025500,215.0800018310547,2024-10-23,213.9499969482422
218.25,236.2899932861328,235.88999938964844,23221500,220.08999633789062,2024-10-24,235.88999938964844
227.75,245.57000732421875,234.33999633789062,25093200,236.38999938964844,2024-10-25,234.33999633789062
242.77000427246094,259.5,255.33999633789062,23182000,244.63999938964844,2024-10-28,255.33999633789062
251.24000549316406,267.8900146484375,258.239990234375,25958500,264.25,2024-10-29,258.239990234375
239.0,255.8000030517578,247.30999755859375,20593300,246.5,2024-10-30,247.30999755859375
237.0,252.8800048828125,244.5,21954100,251.1199951171875,2024-10-31,244.5
225.92999267578125,255.75,229.7100067138672,26258900,245.3300018310547,2024-11-01,229.7100067138672
220.82000732421875,231.67999267578125,222.99000549316406,13438800,226.97000122070312,2024-11-04,222.99000549316406
225.42999267578125,243.4600067138672,227.8000030517578,17993900,233.33999633789062,2024-11-05,227.8000030517578
242.69000244140625,261.20001220703125,257.80999755859375,26270400,260.0,2024-11-06,257.80999755859375
252.6999969482422,280.79998779296875,270.80999755859375,23931700,256.79998779296875,2024-11-07,270.80999755859375
262.6000061035156,279.3800048828125,270.4200134277344,18764200,275.5799865722656,2024-11-08,270.4200134277344
293.29998779296875,351.7300109863281,340.0,47315700,297.0,2024-11-11,340.0
325.5,360.8900146484375,356.5899963378906,39705800,334.7699890136719,2024-11-12,356.5899963378906
321.70001220703125,383.3999938964844,328.3800048828125,46238500,366.9800109863281,2024-11-13,328.3800048828125
318.6199951171875,348.0,327.6700134277344,26605700,341.7699890136719,2024-11-14,327.6700134277344
324.1000061035156,349.94000244140625,340.6499938964844,25842000,336.6000061035156,2024-11-15,340.6499938964844
339.3800048828125,388.489990234375,384.7900085449219,32612800,345.4200134277344,2024-11-18,384.7900085449219
381.0,449.0,430.5400085449219,50954500,389.5,2024-11-19,430.5400085449219
457.29998779296875,504.8299865722656,473.8299865722656,70212600,463.3999938964844,2024-11-20,473.8299865722656
371.8399963378906,543.0,397.2799987792969,100444000,535.6300048828125,2024-11-21,397.2799987792969
393.1000061035156,453.0,421.8800048828125,55935000,403.6000061035156,2024-11-22,421.8800048828125
383.79998779296875,440.75,403.45001220703125,40180400,440.75,2024-11-25,403.45001220703125
338.6700134277344,403.0,353.69000244140625,47891000,382.7799987792969,2024-11-26,353.69000244140625
372.5,397.6600036621094,388.8399963378906,34921200,384.2900085449219,2024-11-27,388.8399963378906
381.0,417.6199951171875,387.4700012207031,21987600,405.75,2024-11-29,387.4700012207031
374.3599853515625,398.7900085449219,380.29998779296875,23404300,393.6400146484375,2024-12-02,380.29998779296875
362.6700134277344,393.1199951171875,373.42999267578125,22817500,367.8500061035156,2024-12-03,373.42999267578125
365.6000061035156,409.9700012207031,406.0,29862200,380.0,2024-12-04,406.0
379.3500061035156,444.94000244140625,386.3999938964844,46189800,440.1199951171875,2024-12-05,386.3999938964844
384.0199890136719,405.0,395.010009765625,26206200,395.2900085449219,2024-12-06,395.010009765625
363.44000244140625,399.79998779296875,365.3399963378906,22606100,394.0,2024-12-09,365.3399963378906
356.04998779296875,379.79998779296875,377.32000732421875,20139900,373.3699951171875,2024-12-10,377.32000732421875
385.5,412.67999267578125,411.3999938964844,27594400,385.6600036621094,2024-12-11,411.3999938964844
386.1099853515625,415.79998779296875,392.19000244140625,21074300,413.7099914550781,2024-12-12,392.19000244140625
388.8800048828125,409.7099914550781,408.6700134277344,21536900,400.07000732421875,2024-12-13,408.6700134277344
406.4599914550781,437.6099853515625,408.5,31099400,424.8699951171875,2024-12-16,408.5
386.010009765625,415.67999267578125,386.4200134277344,21822000,413.45001220703125,2024-12-17,386.4200134277344
338.0,390.32000732421875,349.6400146484375,24422900,386.0,2024-12-18,349.6400146484375
323.4800109863281,367.5,326.4599914550781,26922900,365.44000244140625,2024-12-19,326.4599914550781
317.0,364.8800048828125,364.20001220703125,44889900,319.3699951171875,2024-12-20,364.20001220703125
329.0799865722656,359.739990234375,332.2300109863281,21742500,358.0,2024-12-23,332.2300109863281
342.70001220703125,361.0,358.17999267578125,16377800,343.5,2024-12-24,358.17999267578125
340.0,351.79998779296875,341.04998779296875,13249000,350.30999755859375,2024-12-26,341.04998779296875
323.20001220703125,342.7099914550781,330.0,13778500,342.29998779296875,2024-12-27,330.0
301.75,320.010009765625,302.9599914550781,25771200,319.3999938964844,2024-12-30,302.9599914550781
285.010009765625,317.9100036621094,289.6199951171875,22486100,316.9599914550781,2024-12-31,289.6199951171875
292.32000732421875,310.79998779296875,300.010009765625,17933900,300.1099853515625,2025-01-02,300.010009765625
301.7699890136719,343.3999938964844,339.6600036621094,25039000,303.0,2025-01-03,339.6600036621094
335.5,383.0199890136719,379.0899963378906,26707300,349.8500061035156,2025-01-06,379.0899963378906
335.29998779296875,371.2799987792969,341.42999267578125,24736800,366.4700012207031,2025-01-07,341.42999267578125
317.2200012207031,344.3900146484375,331.70001220703125,18274800,335.25,2025-01-08,331.70001220703125
317.9100036621094,337.0,327.9100036621094,16478700,330.30999755859375,2025-01-10,327.9100036621094
303.79998779296875,329.6000061035156,328.3999938964844,15914500,309.95001220703125,2025-01-13,328.3999938964844
331.29998779296875,354.8999938964844,342.1700134277344,17889500,343.0,2025-01-14,342.1700134277344
353.010009765625,368.4200134277344,360.6199951171875,19941300,357.80999755859375,2025-01-15,360.6199951171875
345.79998779296875,370.260009765625,367.0,14826600,357.8900146484375,2025-01-16,367.0
380.1499938964844,398.67999267578125,396.5,24339100,383.2799987792969,2025-01-17,396.5
367.760009765625,404.4200134277344,389.1000061035156,26215800,395.4599914550781,2025-01-21,389.1000061035156
371.04998779296875,390.3500061035156,377.30999755859375,16000300,384.9100036621094,2025-01-22,377.30999755859375
370.70001220703125,390.20001220703125,373.1199951171875,23306500,371.75,2025-01-23,373.1199951171875
351.0,378.1099853515625,353.6700134277344,22943800,377.6700134277344,2025-01-24,353.6700134277344
322.29998779296875,356.8800048828125,347.9200134277344,21224400,340.5,2025-01-27,347.9200134277344
333.0899963378906,348.9200134277344,335.92999267578125,11461400,344.67999267578125,2025-01-28,335.92999267578125
329.3299865722656,343.6300048828125,341.25,11716800,338.20001220703125,2025-01-29,341.25
338.5199890136719,356.1099853515625,340.0899963378906,12607800,345.8299865722656,2025-01-30,340.0899963378906
332.0,352.7099914550781,334.7900085449219,15533300,340.1099853515625,2025-01-31,334.7900085449219
308.8999938964844,348.8500061035156,347.0899963378906,18207300,310.0,2025-02-03,347.0899963378906
340.45001220703125,353.7900085449219,348.30999755859375,12486000,341.20001220703125,2025-02-04,348.30999755859375
333.54998779296875,352.3599853515625,336.70001220703125,10874100,349.0,2025-02-05,336.70001220703125
320.7099914550781,344.5,325.4599914550781,12795200,338.70001220703125,2025-02-06,325.4599914550781
327.0,344.3999938964844,327.55999755859375,15049700,335.0,2025-02-07,327.55999755859375
328.29998779296875,340.3800048828125,334.6199951171875,10104100,333.5,2025-02-10,334.6199951171875
318.70001220703125,338.5,319.4599914550781,12017200,332.9800109863281,2025-02-11,319.4599914550781
314.19000244140625,331.1700134277344,326.82000732421875,9837900,315.9599914550781,2025-02-12,326.82000732421875
317.3500061035156,330.5899963378906,324.9200134277344,9848100,325.5,2025-02-13,324.9200134277344
323.7099914550781,344.8900146484375,337.7300109863281,13912800,325.1499938964844,2025-02-14,337.7300109863281
326.7900085449219,340.489990234375,333.9700012207031,10179800,337.3500061035156,2025-02-18,333.9700012207031
317.2200012207031,340.19000244140625,318.6700134277344,17043100,337.29998779296875,2025-02-19,318.6700134277344
314.95001220703125,327.8299865722656,323.9200134277344,12291700,323.7300109863281,2025-02-20,323.9200134277344
299.0400085449219,329.0,299.69000244140625,17930800,327.92999267578125,2025-02-21,299.69000244140625
276.3999938964844,304.0400085449219,282.760009765625,17974900,304.0,2025-02-24,282.760009765625
243.6999969482422,270.2900085449219,250.50999450683594,31379600,268.1000061035156,2025-02-25,250.50999450683594
244.00999450683594,264.4599914550781,263.2699890136719,19876900,245.38999938964844,2025-02-26,263.2699890136719
239.47999572753906,271.4599914550781,240.0500030517578,18520300,267.42999267578125,2025-02-27,240.0500030517578
231.9199981689453,257.5,255.42999267578125,22662600,238.32000732421875,2025-02-28,255.42999267578125
246.10000610351562,295.1000061035156,250.9199981689453,30575700,293.1499938964844,2025-03-03,250.9199981689453
237.00999450683594,293.0400085449219,275.1499938964844,30130200,240.27999877929688,2025-03-04,275.1499938964844
271.7699890136719,311.2799987792969,308.54998779296875,26199800,278.30999755859375,2025-03-05,308.54998779296875
292.1700134277344,320.94000244140625,304.1099853515625,25309500,298.95001220703125,2025-03-06,304.1099853515625
281.44000244140625,310.44000244140625,287.17999267578125,22764500,298.1499938964844,2025-03-07,287.17999267578125
231.6199951171875,272.0,239.27000427246094,31478300,268.0,2025-03-10,239.27000427246094
231.50999450683594,263.1000061035156,260.5899963378906,22076100,245.0,2025-03-11,260.5899963378906
248.22000122070312,269.7699890136719,262.54998779296875,14328600,264.6000061035156,2025-03-12,262.54998779296875
253.75999450683594,270.3999938964844,263.260009765625,13804700,262.0,2025-03-13,263.260009765625
272.6199951171875,298.70001220703125,297.489990234375,23714000,273.989990234375,2025-03-14,297.489990234375
281.6000061035156,296.80999755859375,294.2699890136719,12998700,292.1499938964844,2025-03-17,294.2699890136719
272.5,290.989990234375,283.19000244140625,15398200,283.20001220703125,2025-03-18,283.19000244140625
287.1199951171875,309.0799865722656,304.2300109863281,19378800,290.29998779296875,2025-03-19,304.2300109863281
293.3999938964844,309.3999938964844,302.07000732421875,15058100,298.7900085449219,2025-03-20,302.07000732421875
293.04998779296875,306.3900146484375,304.0,21774000,295.70001220703125,2025-03-21,304.0
311.3599853515625,336.7699890136719,335.7200012207031,23099700,316.1400146484375,2025-03-24,335.7200012207031
329.5,343.5899963378906,341.80999755859375,15053700,333.4800109863281,2025-03-25,341.80999755859375
319.7300109863281,340.3399963378906,329.30999755859375,16732400,336.5,2025-03-26,329.30999755859375
318.0,333.489990234375,324.5899963378906,13838300,322.5299987792969,2025-03-27,324.5899963378906
289.25,320.79998779296875,289.4100036621094,21058900,318.3800048828125,2025-03-28,289.4100036621094
272.79998779296875,294.8900146484375,288.2699890136719,14866300,281.8699951171875,2025-03-31,288.2699890136719
280.6499938964844,307.6000061035156,306.0199890136719,16780100,293.5299987792969,2025-04-01,306.0199890136719
296.9800109863281,319.4700012207031,312.5400085449219,16293800,297.8599853515625,2025-04-02,312.5400085449219
276.0299987792969,299.2200012207031,282.2799987792969,18223000,286.75,2025-04-03,282.2799987792969
265.29998779296875,299.1400146484375,293.6099853515625,24847100,285.0199890136719,2025-04-04,293.6099853515625
252.60000610351562,297.6000061035156,268.1400146484375,28449300,260.1400146484375,2025-04-07,268.1400146484375
235.92999267578125,282.8399963378906,237.9499969482422,22952700,278.1499938964844,2025-04-08,237.9499969482422
241.69000244140625,302.3399963378906,296.8599853515625,38346400,242.02000427246094,2025-04-09,296.8599853515625
261.3699951171875,288.30999755859375,272.3399963378906,19237800,282.5,2025-04-10,272.3399963378906
276.29998779296875,304.1499938964844,299.9800109863281,21334100,281.29998779296875,2025-04-11,299.9800109863281
300.1000061035156,314.6000061035156,311.45001220703125,15635400,309.79998779296875,2025-04-14,311.45001220703125
306.80999755859375,319.75,310.7200012207031,11217800,312.2200012207031,2025-04-15,310.7200012207031
304.0,318.6000061035156,311.6600036621094,12847200,306.05999755859375,2025-04-16,311.6600036621094
306.0,320.0,317.20001220703125,13511100,313.8900146484375,2025-04-17,317.20001220703125
309.0,330.989990234375,317.760009765625,16053200,324.989990234375,2025-04-21,317.760009765625
327.010009765625,348.9599914550781,343.0299987792969,24036500,328.7099914550781,2025-04-22,343.0299987792969
339.0,355.8299865722656,345.7300109863281,16690700,354.70001220703125,2025-04-23,345.7300109863281
343.239990234375,351.0299987792969,350.3399963378906,10781400,344.9700012207031,2025-04-24,350.3399963378906
353.1199951171875,373.2300109863281,368.7099914550781,19338600,354.0,2025-04-25,368.7099914550781
354.5299987792969,373.6600036621094,369.25,11490900,373.2900085449219,2025-04-28,369.25
366.79998779296875,383.95001220703125,381.45001220703125,13038800,369.0199890136719,2025-04-29,381.45001220703125
362.3900146484375,384.0,380.1099853515625,13762900,373.7799987792969,2025-04-30,380.1099853515625
381.0299987792969,403.8999938964844,381.6000061035156,16944100,392.2900085449219,2025-05-01,381.6000061035156
387.510009765625,401.70001220703125,394.3699951171875,15948000,393.8800048828125,2025-05-02,394.3699951171875
374.20001220703125,391.92999267578125,386.5299987792969,14424100,383.3299865722656,2025-05-05,386.5299987792969
377.7699890136719,387.8599853515625,385.6000061035156,9695600,378.55999755859375,2025-05-06,385.6000061035156
388.260009765625,396.3500061035156,392.4800109863281,10555300,393.79998779296875,2025-05-07,392.4800109863281
404.5,423.1099853515625,414.3800048828125,22135600,408.1700134277344,2025-05-08,414.3800048828125
406.2200012207031,430.3500061035156,416.0299987792969,17161800,420.0,2025-05-09,416.0299987792969
400.8299865722656,422.0400085449219,404.8999938964844,16245500,420.9200134277344,2025-05-12,404.8999938964844
404.1199951171875,422.54998779296875,421.6099853515625,12925000,412.54998779296875,2025-05-13,421.6099853515625
410.4100036621094,425.94000244140625,416.75,10722700,420.3999938964844,2025-05-14,416.75
394.1400146484375,415.3599853515625,397.0299987792969,14674700,411.70001220703125,2025-05-15,397.0299987792969
389.010009765625,406.8999938964844,399.79998779296875,12461100,399.0,2025-05-16,399.79998779296875
392.6199951171875,414.5899963378906,413.4200134277344,12822000,392.80999755859375,2025-05-19,413.4200134277344
406.1000061035156,417.8500061035156,416.9200134277344,11532200,413.5,2025-05-20,416.9200134277344
395.5299987792969,423.3399963378906,402.69000244140625,18698500,415.9200134277344,2025-05-21,402.69000244140625
398.9100036621094,426.32000732421875,399.4599914550781,16511400,413.20001220703125,2025-05-22,399.4599914550781
367.30999755859375,392.19000244140625,369.510009765625,21448800,391.510009765625,2025-05-23,369.510009765625
364.17999267578125,381.29998779296875,372.20001220703125,14116000,381.1199951171875,2025-05-27,372.20001220703125
358.5,370.6499938964844,364.25,9936800,368.5299987792969,2025-05-28,364.25
362.739990234375,373.8599853515625,370.6300048828125,10175500,370.7900085449219,2025-05-29,370.6300048828125
359.1600036621094,372.55999755859375,369.05999755859375,12564000,369.0,2025-05-30,369.05999755859375
367.0199890136719,378.42999267578125,372.2699890136719,8102800,367.8900146484375,2025-06-02,372.2699890136719
371.3699951171875,391.010009765625,387.42999267578125,11351800,379.3999938964844,2025-06-03,387.42999267578125
375.6600036621094,386.1199951171875,378.1000061035156,8472200,385.79998779296875,2025-06-04,378.1000061035156
364.29998779296875,385.3800048828125,368.7900085449219,11871400,383.8500061035156,2025-06-05,368.7900085449219
369.7099914550781,380.6000061035156,374.4700012207031,9384200,377.3999938964844,2025-06-06,374.4700012207031
377.6000061035156,394.7900085449219,392.1199951171875,10924600,380.67999267578125,2025-06-09,392.1199951171875
383.6000061035156,394.0,391.17999267578125,7074800,393.239990234375,2025-06-10,391.17999267578125
380.5,392.7699890136719,387.1099853515625,6812200,391.2300109863281,2025-06-11,387.1099853515625
373.9800109863281,391.2200012207031,379.760009765625,9423900,378.3999938964844,2025-06-12,379.760009765625
370.6199951171875,383.55999755859375,382.8699951171875,9378900,375.2300109863281,2025-06-13,382.8699951171875
377.3999938964844,388.1499938964844,382.25,8105200,387.6099853515625,2025-06-16,382.25
367.0,378.4800109863281,375.17999267578125,11218500,375.260009765625,2025-06-17,375.17999267578125
367.4200134277344,374.9100036621094,369.0299987792969,9200500,371.42999267578125,2025-06-18,369.0299987792969
365.1099853515625,376.1000061035156,369.70001220703125,12821800,372.75,2025-06-20,369.70001220703125
358.79998779296875,370.29998779296875,367.17999267578125,10614700,362.4800109863281,2025-06-23,367.17999267578125
371.0,384.3599853515625,377.0199890136719,10174900,373.67999267578125,2025-06-24,377.0199890136719
379.30999755859375,389.489990234375,388.6700134277344,10606600,384.8299865722656,2025-06-25,388.6700134277344
384.1499938964844,392.6700134277344,386.44000244140625,10202300,386.3500061035156,2025-06-26,386.44000244140625
383.4100036621094,397.989990234375,383.8800048828125,18694400,385.2300109863281,2025-06-27,383.8800048828125
384.25,407.3900146484375,404.2300109863281,13752900,389.7799987792969,2025-06-30,404.2300109863281
372.9100036621094,397.8699951171875,373.29998779296875,17289600,395.70001220703125,2025-07-01,373.29998779296875
379.8800048828125,405.29998779296875,402.2799987792969,17454400,383.3399963378906,2025-07-02,402.2799987792969
400.3999938964844,414.6000061035156,403.989990234375,10013900,400.8699951171875,2025-07-03,403.989990234375
395.20001220703125,405.6400146484375,395.6700134277344,8848200,402.6400146484375,2025-07-07,395.6700134277344
393.2099914550781,402.20001220703125,396.94000244140625,7022700,399.69000244140625,2025-07-08,396.94000244140625
395.95001220703125,416.3399963378906,415.4100036621094,13065400,401.6000061035156,2025-07-09,415.4100036621094
411.20001220703125,422.3999938964844,421.739990234375,13208600,412.57000732421875,2025-07-10,421.739990234375
423.5,438.8399963378906,434.5799865722656,18448500,430.5400085449219,2025-07-11,434.5799865722656
440.6499938964844,456.45001220703125,451.0199890136719,17952500,447.20001220703125,2025-07-14,451.0199890136719
441.0199890136719,456.6600036621094,442.30999755859375,14315400,445.2200012207031,2025-07-15,442.30999755859375
445.55999755859375,457.2200012207031,455.8999938964844,10575400,448.30999755859375,2025-07-16,455.8999938964844
446.5799865722656,456.0,451.3399963378906,8901400,451.67999267578125,2025-07-17,451.3399963378906
422.2200012207031,454.3299865722656,423.2200012207031,19105400,451.7200012207031,2025-07-18,423.2200012207031
425.0199890136719,437.0,426.2799987792969,9984500,430.1000061035156,2025-07-21,426.2799987792969
413.6000061035156,433.94000244140625,426.3999938964844,10524200,428.8500061035156,2025-07-22,426.3999938964844
406.1000061035156,424.0,412.6700134277344,12990000,422.8299865722656,2025-07-23,412.6700134277344
406.1700134277344,419.95001220703125,414.9200134277344,7407300,414.5799865722656,2025-07-24,414.9200134277344
402.20001220703125,410.95001220703125,405.8900146484375,8380200,405.6700134277344,2025-07-25,405.8900146484375
403.4599914550781,417.010009765625,403.79998779296875,6996500,416.95001220703125,2025-07-28,403.79998779296875
390.4100036621094,407.0,394.6600036621094,10580000,405.9599914550781,2025-07-29,394.6600036621094
392.5899963378906,404.3900146484375,395.0400085449219,7543800,396.7799987792969,2025-07-30,395.0400085449219
397.0799865722656,410.80999755859375,401.8599853515625,10467500,399.1300048828125,2025-07-31,401.8599853515625
365.70001220703125,392.6400146484375,366.6300048828125,21808900,390.4100036621094,2025-08-01,366.6300048828125
366.20001220703125,390.0199890136719,389.239990234375,12362400,372.7699890136719,2025-08-04,389.239990234375
373.3500061035156,388.30999755859375,375.4599914550781,8467100,384.17999267578125,2025-08-05,375.4599914550781
373.0,384.4200134277344,383.4100036621094,7242600,374.75,2025-08-06,383.4100036621094
387.1400146484375,406.239990234375,402.010009765625,13051200,388.3999938964844,2025-08-07,402.010009765625
389.0299987792969,409.6499938964844,395.1300048828125,11200100,397.6000061035156,2025-08-08,395.1300048828125
398.9200134277344,414.3599853515625,400.25,10394400,403.9200134277344,2025-08-11,400.25
390.1400146484375,401.6700134277344,394.3900146484375,8333600,400.5,2025-08-12,394.3900146484375
383.54998779296875,399.44000244140625,389.8999938964844,10884900,397.7300109863281,2025-08-13,389.8999938964844
365.0,381.0,372.94000244140625,16461700,380.0,2025-08-14,372.94000244140625
360.0299987792969,372.6199951171875,366.32000732421875,13125300,372.2099914550781,2025-08-15,366.32000732421875
358.010009765625,367.57000732421875,363.6000061035156,9002000,359.95001220703125,2025-08-18,363.6000061035156
333.3999938964844,364.6300048828125,336.57000732421875,18254600,363.19000244140625,2025-08-19,336.57000732421875
325.55999755859375,345.5,344.3699951171875,13807200,339.3800048828125,2025-08-20,344.3699951171875
334.8500061035156,343.2699890136719,337.5799865722656,8398500,340.0,2025-08-21,337.5799865722656
332.6099853515625,359.5299987792969,358.1300048828125,17386900,335.20001220703125,2025-08-22,358.1300048828125
339.2099914550781,351.510009765625,343.20001220703125,10983400,344.9100036621094,2025-08-25,343.20001220703125
340.67999267578125,351.989990234375,351.3599853515625,9144200,341.80999755859375,2025-08-26,351.3599853515625
341.8399963378906,351.7699890136719,342.05999755859375,8454300,348.67999267578125,2025-08-27,342.05999755859375
336.6499938964844,348.1700134277344,338.8399963378906,8116100,346.1600036621094,2025-08-28,338.8399963378906
332.6400146484375,339.6300048828125,334.4100036621094,10162300,334.6000061035156,2025-08-29,334.4100036621094
331.57000732421875,348.6000061035156,341.6199951171875,11123000,334.92999267578125,2025-09-02,341.6199951171875
327.6099853515625,344.5,330.260009765625,9180200,341.7699890136719,2025-09-03,330.260009765625
317.75,332.55999755859375,327.5899963378906,10530000,330.0,2025-09-04,327.5899963378906
320.0,337.20001220703125,335.8699951171875,14047600,334.80999755859375,2025-09-05,335.8699951171875
321.5,333.1000061035156,329.8999938964844,9954500,328.1099853515625,2025-09-08,329.8999938964844
324.45001220703125,331.9599914550781,328.5299987792969,6587800,330.2300109863281,2025-09-09,328.5299987792969
321.9599914550781,340.010009765625,326.45001220703125,9741400,332.79998779296875,2025-09-10,326.45001220703125
322.7699890136719,329.75,326.0199890136719,7506900,326.8699951171875,2025-09-11,326.0199890136719
327.6000061035156,336.1300048828125,331.44000244140625,10809900,329.1499938964844,2025-09-12,331.44000244140625
320.45001220703125,331.3299865722656,327.7900085449219,9527700,329.3999938964844,2025-09-15,327.7900085449219
324.8399963378906,335.44000244140625,335.0899963378906,8651300,329.2300109863281,2025-09-16,335.0899963378906
323.2099914550781,340.1099853515625,329.7099914550781,9691000,335.6600036621094,2025-09-17,329.7099914550781
334.6300048828125,358.25,349.1199951171875,19697300,335.8599853515625,2025-09-18,349.1199951171875
337.07000732421875,352.9200134277344,344.75,17699700,347.45001220703125,2025-09-19,344.75
329.0,341.5899963378906,335.92999267578125,10053500,337.0199890136719,2025-09-22,335.92999267578125
327.7699890136719,339.0,327.7799987792969,9468800,337.05999755859375,2025-09-23,327.7799987792969
323.1400146484375,337.05999755859375,323.30999755859375,9153100,330.6300048828125,2025-09-24,323.30999755859375
292.3599853515625,317.0,300.70001220703125,22087000,316.6099853515625,2025-09-25,300.70001220703125
297.7099914550781,310.0,309.05999755859375,11693400,301.29998779296875,2025-09-26,309.05999755859375
311.0,327.989990234375,326.4200134277344,12652000,313.7300109863281,2025-09-29,326.4200134277344
316.19000244140625,324.5,322.2099914550781,7798800,320.8299865722656,2025-09-30,322.2099914550781
331.20001220703125,343.7300109863281,338.4100036621094,13994800,332.4700012207031,2025-10-01,338.4100036621094
341.1499938964844,353.2200012207031,352.3299865722656,13666800,348.57000732421875,2025-10-02,352.3299865722656
344.3999938964844,358.5400085449219,351.6300048828125,12107900,350.8699951171875,2025-10-03,351.6300048828125
354.70001220703125,365.2099914550781,359.69000244140625,9551000,362.95001220703125,2025-10-06,359.69000244140625
328.1600036621094,359.44000244140625,328.3999938964844,19584100,358.8800048828125,2025-10-07,328.3999938964844
322.29998779296875,336.3599853515625,330.79998779296875,12996300,335.6199951171875,2025-10-08,330.79998779296875
318.2200012207031,328.989990234375,320.2900085449219,11213200,327.3999938964844,2025-10-09,320.2900085449219
303.57000732421875,323.42999267578125,304.7900085449219,13643700,323.17999267578125,2025-10-10,304.7900085449219
300.5899963378906,315.95001220703125,315.4700012207031,11575000,306.6700134277344,2025-10-13,315.4700012207031
297.3399963378906,312.7099914550781,300.6700134277344,11480500,301.0,2025-10-14,300.6700134277344
294.6199951171875,308.8800048828125,296.760009765625,10625600,303.6000061035156,2025-10-15,296.760009765625
282.19000244140625,301.5799865722656,283.8399963378906,13817900,299.8999938964844,2025-10-16,283.8399963378906
279.0,292.79998779296875,289.8699951171875,13110700,279.2699890136719,2025-10-17,289.8699951171875
294.3999938964844,306.1600036621094,296.6099853515625,9679700,297.2099914550781,2025-10-20,296.6099853515625
291.5199890136719,305.989990234375,301.9100036621094,7902800,293.95001220703125,2025-10-21,301.9100036621094
276.6000061035156,297.9599914550781,280.80999755859375,15129500,293.0199890136719,2025-10-22,280.80999755859375
278.0,289.07000732421875,284.9200134277344,9082100,285.4700012207031,2025-10-23,284.9200134277344
286.1099853515625,292.1499938964844,289.0799865722656,7881700,290.42999267578125,2025-10-24,289.0799865722656
293.0,299.79998779296875,295.6300048828125,8135900,299.5,2025-10-27,295.6300048828125
284.25,297.20001220703125,284.6400146484375,7996800,295.1400146484375,2025-10-28,284.6400146484375
274.0,286.17999267578125,275.3599853515625,10184100,284.3800048828125,2025-10-29,275.3599853515625
254.0,271.3699951171875,254.57000732421875,15564200,269.989990234375,2025-10-30,254.57000732421875
263.0,276.32000732421875,269.510009765625,14071800,269.9800109863281,2025-10-31,269.510009765625
259.8500061035156,270.3599853515625,264.6700134277344,11074600,264.19000244140625,2025-11-03,264.6700134277344
245.86000061035156,258.2099914550781,246.99000549316406,15735100,255.16000366210938,2025-11-04,246.99000549316406
247.02000427246094,255.36000061035156,255.0,9676200,250.1999969482422,2025-11-05,255.0
235.02999877929688,252.33999633789062,237.1999969482422,14468300,252.13999938964844,2025-11-06,237.1999969482422
219.67999267578125,243.72999572753906,241.92999267578125,16976100,222.66000366210938,2025-11-07,241.92999267578125
234.60000610351562,249.9600067138672,238.8800048828125,9527200,249.67999267578125,2025-11-10,238.8800048828125
230.5500030517578,239.24000549316406,231.35000610351562,8340300,236.4600067138672,2025-11-11,231.35000610351562
219.8000030517578,234.83999633789062,224.61000061035156,10800400,233.89999389648438,2025-11-12,224.61000061035156
207.02999877929688,226.0,208.5399932861328,16474500,223.8000030517578,2025-11-13,208.5399932861328
194.55999755859375,208.83999633789062,199.75,23233800,200.5800018310547,2025-11-14,199.75
189.52999877929688,204.14999389648438,195.4199981689453,19545000,197.02999877929688,2025-11-17,195.4199981689453
196.0,213.8300018310547,206.8000030517578,22049500,196.36000061035156,2025-11-18,206.8000030517578
181.72999572753906,203.9499969482422,186.5,28025400,202.36000061035156,2025-11-19,186.5
171.47999572753906,193.52999877929688,177.1300048828125,27684400,192.44000244140625,2025-11-20,177.1300048828125
166.30999755859375,181.19000244140625,170.5,29651300,172.74000549316406,2025-11-21,170.5
166.00999450683594,179.83999633789062,179.0399932861328,23282600,171.6199951171875,2025-11-24,179.0399932861328
166.77999877929688,176.75999450683594,172.19000244140625,19112700,173.7100067138672,2025-11-25,172.19000244140625
169.6999969482422,180.6300048828125,175.63999938964844,20016500,173.69000244140625,2025-11-26,175.63999938964844
175.0500030517578,187.2899932861328,177.17999267578125,15114300,182.99000549316406,2025-11-28,177.17999267578125
155.61000061035156,172.17999267578125,171.4199981689453,42940200,168.25999450683594,2025-12-01,171.4199981689453
176.88999938964844,188.3699951171875,181.3300018310547,31285600,177.75,2025-12-02,181.3300018310547
177.82000732421875,190.44000244140625,188.38999938964844,26686100,183.39999389648438,2025-12-03,188.38999938964844
182.35000610351562,191.0,186.00999450683594,16474400,186.02000427246094,2025-12-04,186.00999450683594
176.3000030517578,185.38999938964844,178.99000549316406,20750700,183.33999633789062,2025-12-05,178.99000549316406
178.0,185.58999633789062,183.69000244140625,16328100,182.10000610351562,2025-12-08,183.69000244140625
179.9199981689453,198.39999389648438,188.99000549316406,24269600,181.49000549316406,2025-12-09,188.99000549316406
182.1999969482422,191.07000732421875,184.63999938964844,22459000,189.32000732421875,2025-12-10,184.63999938964844
171.41000366210938,183.5,183.3000030517578,19542400,179.7899932861328,2025-12-11,183.3000030517578
176.22000122070312,185.25,176.4499969482422,14532100,182.97000122070312,2025-12-12,176.4499969482422
160.5399932861328,176.5,162.0800018310547,25393400,176.0,2025-12-15,162.0800018310547
161.9499969482422,171.49000549316406,167.5,21181000,164.97000122070312,2025-12-16,167.5
160.30999755859375,171.16000366210938,160.3800048828125,19144900,167.75,2025-12-17,160.3800048828125
157.42999267578125,169.50999450683594,158.24000549316406,17534700,167.80999755859375,2025-12-18,158.24000549316406
161.6300048828125,167.75,164.82000732421875,22062400,163.39999389648438,2025-12-19,164.82000732421875
163.69000244140625,170.6699981689453,164.32000732421875,19234500,168.82000732421875,2025-12-22,164.32000732421875
156.5,162.72999572753906,157.8800048828125,15891200,162.25,2025-12-23,157.8800048828125
155.10000610351562,159.27999877929688,158.7100067138672,7097600,157.1999969482422,2025-12-24,158.7100067138672
154.1199951171875,159.91000366210938,158.80999755859375,12298200,159.88999938964844,2025-12-26,158.80999755859375
155.32000732421875,162.92999267578125,155.38999938964844,14073500,157.9499969482422,2025-12-29,155.38999938964844
154.1300048828125,159.3800048828125,155.61000061035156,12740200,155.82000732421875,2025-12-30,155.61000061035156
151.4199981689453,156.8000030517578,151.9499969482422,15918100,156.24000549316406,2025-12-31,151.9499969482422
149.75,160.7899932861328,157.16000366210938,20185600,154.58999633789062,2026-01-02,157.16000366210938
160.9600067138672,167.6999969482422,164.72000122070312,22859000,163.4199981689453,2026-01-05,164.72000122070312
154.0500030517578,167.13999938964844,157.97000122070312,22627800,166.8800048828125,2026-01-06,157.97000122070312
158.4499969482422,170.16000366210938,161.8300018310547,28406900,163.4499969482422,2026-01-07,161.8300018310547
156.1699981689453,170.6199951171875,166.97000122070312,25159400,158.6300048828125,2026-01-08,166.97000122070312
155.4600067138672,167.1999969482422,157.3300018310547,27962600,166.75,2026-01-09,157.3300018310547
154.69000244140625,163.82000732421875,162.22999572753906,16182000,156.27000427246094,2026-01-12,162.22999572753906
159.92999267578125,173.75999450683594,172.99000549316406,27656200,164.4499969482422,2026-01-13,172.99000549316406
176.1199951171875,190.1999969482422,179.3300018310547,40257000,178.63999938964844,2026-01-14,179.3300018310547
170.08999633789062,179.25,170.91000366210938,21486500,179.1300048828125,2026-01-15,170.91000366210938
167.58999633789062,173.8800048828125,173.7100067138672,19462500,171.92999267578125,2026-01-16,173.7100067138672
158.85000610351562,165.72000122070312,160.22999572753906,25666700,165.1699981689453,2026-01-20,160.22999572753906
156.00999450683594,165.72000122070312,163.80999755859375,18440800,161.27000427246094,2026-01-21,163.80999755859375
159.44000244140625,164.63999938964844,160.97999572753906,11116000,163.72999572753906,2026-01-22,160.97999572753906
158.72000122070312,168.9600067138672,163.11000061035156,14879300,160.94000244140625,2026-01-23,163.11000061035156
158.6199951171875,163.9199981689453,160.5800018310547,14516500,159.41000366210938,2026-01-26,160.5800018310547
156.97999572753906,161.6699981689453,161.5800018310547,13962200,160.30999755859375,2026-01-27,161.5800018310547
157.0,165.72000122070312,158.4499969482422,14082600,164.4499969482422,2026-01-28,158.4499969482422
139.36000061035156,156.0,143.19000244140625,34618500,155.9499969482422,2026-01-29,143.19000244140625
139.89999389648438,151.14999389648438,149.7100067138672,22768000,140.0,2026-01-30,149.7100067138672
138.0,147.8800048828125,139.6300048828125,27171500,139.77000427246094,2026-02-02,139.6300048828125
126.73999786376953,140.22999572753906,133.25999450683594,26169000,140.13999938964844,2026-02-03,133.25999450683594
121.19000244140625,130.82000732421875,129.08999633789062,25775600,130.00999450683594,2026-02-04,129.08999633789062
104.16999816894531,122.0,106.98999786376953,60129700,120.25,2026-02-05,106.98999786376953
114.68000030517578,135.6699981689453,134.92999267578125,57771000,114.94999694824219,2026-02-06,134.92999267578125
125.12999725341797,139.5800018310547,138.44000244140625,34291600,127.37000274658203,2026-02-09,138.44000244140625
132.67999267578125,139.16000366210938,133.0,23002100,133.66000366210938,2026-02-10,133.0
123.91999816894531,133.91000366210938,126.06999969482422,25837800,133.69000244140625,2026-02-11,126.06999969482422
120.63999938964844,128.99000549316406,123.0,20960700,127.56999969482422,2026-02-12,123.0
125.76000213623047,135.25,133.8800048828125,24573900,127.0,2026-02-13,133.8800048828125
125.91000366210938,132.1199951171875,128.6699981689453,18881000,129.00999450683594,2026-02-17,128.6699981689453
123.62000274658203,132.25,125.19999694824219,17307700,127.62999725341797,2026-02-18,125.19999694824219
121.87000274658203,130.0399932861328,129.4499969482422,15457200,123.48999786376953,2026-02-19,129.4499969482422
129.41000366210938,136.13999938964844,131.0500030517578,17625400,130.50999450683594,2026-02-20,131.0500030517578
122.83000183105469,130.3800048828125,123.70999908447266,18858900,127.9000015258789,2026-02-23,123.70999908447266
118.4000015258789,126.73999786376953,124.61000061035156,15352700,121.70999908447266,2026-02-24,124.61000061035156
128.94000244140625,137.86000061035156,135.64999389648438,24152100,130.0500030517578,2026-02-25,135.64999389648438
128.63999938964844,135.75,133.39999389648438,18110800,133.6999969482422,2026-02-26,133.39999389648438
127.86000061035156,131.1199951171875,129.5,14027700,128.9499969482422,2026-02-27,129.5
128.94000244140625,140.13999938964844,137.64999389648438,25456100,129.13999938964844,2026-03-02,137.64999389648438
127.80000305175781,136.4600067138672,132.67999267578125,19405900,133.33999633789062,2026-03-03,132.67999267578125
142.19000244140625,149.5399932861328,146.44000244140625,37382600,143.8300018310547,2026-03-04,146.44000244140625
137.2100067138672,146.44000244140625,139.80999755859375,21286000,145.0399932861328,2026-03-05,139.80999755859375
131.77000427246094,136.36000061035156,133.52999877929688,19538800,134.89999389648438,2026-03-06,133.52999877929688
135.3000030517578,140.19000244140625,138.9499969482422,20433000,136.0,2026-03-09,138.9499969482422
133.94000244140625,142.4600067138672,138.4600067138672,18325000,141.92999267578125,2026-03-10,138.4600067138672
135.13999938964844,142.6699981689453,138.3300018310547,15637600,139.80999755859375,2026-03-11,138.3300018310547
133.3800048828125,138.8000030517578,137.33999633789062,15229400,137.16000366210938,2026-03-12,137.33999633789062
138.44000244140625,147.25999450683594,139.6699981689453,23685400,143.86000061035156,2026-03-13,139.6699981689453
143.30999755859375,148.24000549316406,147.52000427246094,22933200,145.35000610351562,2026-03-16,147.52000427246094
145.22999572753906,152.27000427246094,150.27999877929688,18448500,145.97000122070312,2026-03-17,150.27999877929688
140.35000610351562,146.75999450683594,140.55999755859375,21314100,144.99000549316406,2026-03-18,140.55999755859375
132.75999450683594,139.77999877929688,138.24000549316406,19227700,135.02000427246094,2026-03-19,138.24000549316406
134.1300048828125,139.69000244140625,135.66000366210938,28568300,139.47000122070312,2026-03-20,135.66000366210938
133.97000122070312,139.92999267578125,138.1999969482422,21633700,138.61000061035156,2026-03-23,138.1999969482422
134.27999877929688,140.0500030517578,136.25,19098500,138.72999572753906,2026-03-24,136.25
136.8000030517578,143.85000610351562,139.1300048828125,18708000,140.39999389648438,2026-03-25,139.1300048828125
132.69000244140625,139.0800018310547,132.92999267578125,15285500,136.5500030517578,2026-03-26,132.92999267578125
123.9800033569336,130.64999389648438,126.02999877929688,21475100,129.8800048828125,2026-03-27,126.02999877929688
120.80000305175781,130.33999633789062,121.44000244140625,15800400,129.5500030517578,2026-03-30,121.44000244140625
117.75,125.30000305175781,124.80000305175781,21290300,123.16000366210938,2026-03-31,124.80000305175781
121.44000244140625,126.30000305175781,122.77999877929688,15378300,126.18000030517578,2026-04-01,122.77999877929688
116.4000015258789,122.6500015258789,119.83000183105469,17609700,119.80000305175781,2026-04-02,119.83000183105469
123.19999694824219,128.4600067138672,127.69000244140625,18435900,124.56999969482422,2026-04-06,127.69000244140625
121.13999938964844,126.73999786376953,123.72000122070312,14284200,125.31999969482422,2026-04-07,123.72000122070312
126.12999725341797,134.5,128.3000030517578,17149200,133.6699981689453,2026-04-08,128.3000030517578
125.80000305175781,132.2100067138672,128.86000061035156,14497400,127.83000183105469,2026-04-09,128.86000061035156
127.4000015258789,132.27999877929688,128.63999938964844,13097500,130.0500030517578,2026-04-10,128.63999938964844
125.04000091552734,132.49000549316406,132.36000061035156,12804700,126.6500015258789,2026-04-13,132.36000061035156
136.32000732421875,143.6999969482422,137.41000366210938,20643200,137.92999267578125,2026-04-14,137.41000366210938
135.49000549316406,143.75,143.5399932861328,13941700,139.75,2026-04-15,143.5399932861328
139.3300018310547,149.16000366210938,148.94000244140625,17638000,143.2100067138672,2026-04-16,148.94000244140625
153.77000427246094,173.14999389648438,166.52000427246094,52173700,154.6300048828125,2026-04-17,166.52000427246094
160.63999938964844,171.05999755859375,170.80999755859375,22173500,162.3000030517578,2026-04-20,170.80999755859375
163.75,172.89999389648438,163.97000122070312,22153500,170.61000061035156,2026-04-21,163.97000122070312
174.0,183.25,179.36000061035156,31893900,174.92999267578125,2026-04-22,179.36000061035156
171.5399932861328,180.9199981689453,172.47000122070312,19559000,175.8800048828125,2026-04-23,172.47000122070312
169.00999450683594,177.27999877929688,171.02000427246094,14119400,176.8800048828125,2026-04-24,171.02000427246094
167.61000061035156,175.75,169.1999969482422,13295400,170.9199981689453,2026-04-27,169.1999969482422
159.67999267578125,166.83999633789062,165.7100067138672,13858700,163.8699951171875,2026-04-28,165.7100067138672
156.11000061035156,165.74000549316406,158.19000244140625,15146200,165.7100067138672,2026-04-29,158.19000244140625
159.0,166.83999633789062,165.4499969482422,12437800,161.77000427246094,2026-04-30,165.4499969482422
169.42999267578125,180.3800048828125,177.1699981689453,21661200,170.8000030517578,2026-05-01,177.1699981689453
178.49000549316406,186.00999450683594,183.8000030517578,18210200,180.89999389648438,2026-05-04,183.8000030517578
183.72000122070312,190.41000366210938,186.89999389648438,15512800,189.5500030517578,2026-05-05,186.89999389648438
178.94000244140625,188.25999450683594,186.82000732421875,14338600,184.57000732421875,2026-05-06,186.82000732421875
175.72000122070312,184.41000366210938,179.83999633789062,15918100,184.41000366210938,2026-05-07,179.83999633789062
177.60000610351562,187.77000427246094,187.58999633789062,15985200,178.67999267578125,2026-05-08,187.58999633789062
182.30999755859375,197.0,195.94000244140625,16063000,189.1999969482422,2026-05-11,195.94000244140625
179.85000610351562,192.24000549316406,184.4199981689453,14738500,191.3300018310547,2026-05-12,184.4199981689453
175.57000732421875,182.47999572753906,178.02999877929688,12480700,182.02999877929688,2026-05-13,178.02999877929688
174.63999938964844,193.0,186.97000122070312,15859400,177.85000610351562,2026-05-14,186.97000122070312
173.61000061035156,182.22999572753906,177.4199981689453,19654300,182.11000061035156,2026-05-15,177.4199981689453
162.02000427246094,169.17999267578125,166.6300048828125,19299700,169.17999267578125,2026-05-18,166.6300048828125
163.5,168.49000549316406,164.6300048828125,10002000,163.99000549316406,2026-05-19,164.6300048828125
163.25999450683594,169.22999572753906,165.80999755859375,9825300,166.0,2026-05-20,165.80999755859375
160.57000732421875,168.7100067138672,164.85000610351562,10526900,164.27999877929688,2026-05-21,164.85000610351562
159.24000549316406,165.66000366210938,159.88999938964844,12786800,164.08999633789062,2026-05-22,159.88999938964844
159.27999877929688,167.0,159.92999267578125,11819500,160.8300018310547,2026-05-26,159.92999267578125
153.82000732421875,157.5500030517578,154.1999969482422,11885100,156.75999450683594,2026-05-27,154.1999969482422
144.3000030517578,153.63999938964844,151.63999938964844,16275000,148.97999572753906,2026-05-28,151.63999938964844
148.1999969482422,162.05999755859375,159.08999633789062,19225600,149.92999267578125,2026-05-29,159.08999633789062
144.2899932861328,153.8699951171875,149.77999877929688,17780300,148.47000122070312,2026-06-01,149.77999877929688
134.11000061035156,142.8000030517578,136.0800018310547,31130800,142.69000244140625,2026-06-02,136.0800018310547
125.0,138.17999267578125,126.55000305175781,21141800,134.5,2026-06-03,126.55000305175781
125.6500015258789,131.47000122070312,129.3699951171875,24590400,126.75,2026-06-04,129.3699951171875
114.30999755859375,125.30000305175781,120.44000244140625,41943500,124.25,2026-06-05,120.44000244140625
123.1500015258789,129.0,127.19999694824219,20952000,125.83999633789062,2026-06-08,127.19999694824219
114.20999908447266,125.55000305175781,117.0199966430664,23055700,122.8499984741211,2026-06-09,117.0199966430664
115.0,120.94000244140625,115.3499984741211,15690800,116.30000305175781,2026-06-10,115.3499984741211
113.2699966430664,121.0999984741211,120.1500015258789,17574200,116.11000061035156,2026-06-11,120.1500015258789
117.2699966430664,128.60000610351562,123.97000122070312,16772200,119.48999786376953,2026-06-12,123.97000122070312
130.6300048828125,136.25,131.13999938964844,19982400,133.22000122070312,2026-06-15,131.13999938964844
122.5,131.6999969482422,122.80999755859375,17795600,129.3800048828125,2026-06-16,122.80999755859375
116.36000061035156,125.41999816894531,116.55999755859375,18052900,123.01000213623047,2026-06-17,116.55999755859375
107.8499984741211,117.75,112.52999877929688,35530700,117.63999938964844,2026-06-18,112.52999877929688
107.30999755859375,120.0,109.45999908447266,25287400,116.20999908447266,2026-06-22,109.45999908447266
103.5199966430664,107.76000213623047,103.83999633789062,22502900,106.54000091552734,2026-06-23,103.83999633789062
92.27999877929688,102.97000122070312,94.12999725341797,40121100,102.4800033569336,2026-06-24,94.12999725341797
85.0,94.72000122070312,85.33000183105469,45066500,94.69000244140625,2026-06-25,85.33000183105469
81.80999755859375,87.66999816894531,82.30999755859375,45680000,83.2300033569336,2026-06-26,82.30999755859375
82.72000122070312,94.37000274658203,92.68000030517578,44931500,85.66999816894531,2026-06-29,92.68000030517578
83.41999816894531,88.26000213623047,86.93000030517578,35676600,86.20999908447266,2026-06-30,86.93000030517578
86.19999694824219,98.52999877929688,93.38999938964844,34687100,87.69999694824219,2026-07-01,93.38999938964844
97.56999969482422,104.11000061035156,100.7699966430664,34625800,99.8499984741211,2026-07-02,100.7699966430664
94.62999725341797,104.77999877929688,100.7699966430664,27536200,95.13999938964844,2026-07-06,100.7699966430664
96.95999908447266,103.55999755859375,97.36000061035156,18218000,101.18000030517578,2026-07-07,97.36000061035156
91.77999877929688,95.04000091552734,93.87000274658203,17801100,93.68000030517578,2026-07-08,93.87000274658203
92.83000183105469,96.80000305175781,93.88999938964844,13822800,94.05999755859375,2026-07-09,93.88999938964844
93.3499984741211,100.12000274658203,94.63999938964844,16284500,98.76000213623047,2026-07-10,94.63999938964844
90.0199966430664,93.63999938964844,92.0999984741211,12682300,91.48999786376953,2026-07-13,92.0999984741211
93.55999755859375,98.02999877929688,97.58000183105469,18043700,94.76000213623047,2026-07-14,97.58000183105469
96.36000061035156,101.94999694824219,97.47000122070312,14584900,99.79000091552734,2026-07-15,97.47000122070312
93.44999694824219,96.61000061035156,94.02999877929688,11365100,96.0,2026-07-16,94.02999877929688
90.05999755859375,95.97000122070312,94.8499984741211,13064500,91.30000305175781,2026-07-17,94.8499984741211
94.86000061035156,100.91999816894531,97.81999969482422,16170500,95.62000274658203,2026-07-20,97.81999969482422
99.94999694824219,104.5999984741211,101.94999694824219,20223500,101.30999755859375,2026-07-21,101.94999694824219
98.12000274658203,101.94999694824219,100.01000213623047,13066300,100.05999755859375,2026-07-22,100.01000213623047
92.33999633789062,97.51000213623047,93.62999725341797,17186400,97.0,2026-07-23,93.62999725341797
89.76000213623047,93.68000030517578,91.66999816894531,13088100,93.37000274658203,2026-07-24,91.66999816894531
94.0199966430664,99.16000366210938,98.6500015258789,17633500,94.54000091552734,2026-07-27,98.6500015258789
93.12000274658203,98.37000274658203,96.16000366210938,13353300,95.47000122070312,2026-07-28,96.16000366210938
93.2699966430664,100.05000305175781,93.33000183105469,14243200,96.37999725341797,2026-07-29,93.33000183105469
94.33000183105469,98.22000122070312,97.73999786376953,13472200,95.08999633789062,2026-07-30,97.73999786376953
89.20999908447266,95.19999694824219,93.27999877929688,20678300,94.86000061035156,2026-07-31,93.27999877929688
90.93000030517578,96.05999755859375,94.86000061035156,13894600,92.01000213623047,2026-08-03,94.86000061035156
93.4000015258789,97.9800033569336,97.6500015258789,15220800,93.91000366210938,2026-08-04,97.6500015258789
96.12000274658203,99.2300033569336,98.37000274658203,13695600,97.91999816894531,2026-08-05,98.37000274658203
95.44000244140625,98.37999725341797,96.8499984741211,10128700,96.05999755859375,2026-08-06,96.8499984741211
96.7699966430664,105.5,100.01000213623047,29002700,101.33999633789062,2026-08-07,100.01000213623047
96.23999786376953,100.7699966430664,97.33000183105469,13560300,99.45999908447266,2026-08-10,97.33000183105469
95.13999938964844,99.26000213623047,96.08999633789062,12159900,97.4000015258789,2026-08-11,96.08999633789062
94.5999984741211,97.88999938964844,94.83000183105469,11468100,97.16000366210938,2026-08-12,94.83000183105469
94.27999877929688,98.87999725341797,97.0999984741211,18336800,94.83000183105469,2026-08-13,97.0999984741211
91.66999816894531,95.08000183105469,93.04000091552734,20678800,94.9800033569336,2026-08-14,93.04000091552734
93.08000183105469,98.56999969482422,97.68000030517578,20353400,93.25,2026-08-17,97.68000030517578
92.44999694824219,97.66000366210938,92.5199966430664,16911000,95.83999633789062,2026-08-18,92.5199966430664
94.30000305175781,106.9000015258789,104.25,49175200,94.54000091552734,2026-08-19,104.25
108.3499984741211,113.73999786376953,112.38999938964844,47249100,113.2300033569336,2026-08-20,112.38999938964844
115.80000305175781,121.91000366210938,119.25,46364300,119.69000244140625,2026-08-21,119.25
119.37999725341797,127.9000015258789,122.62999725341797,41298800,121.83999633789062,2026-08-24,122.62999725341797
118.44999694824219,128.66000366210938,126.83000183105469,31722400,119.11000061035156,2026-08-25,126.83000183105469
120.87000274658203,125.54000091552734,123.19000244140625,17032300,123.26000213623047,2026-08-26,123.19000244140625
124.47000122070312,139.77999877929688,137.39999389648438,44380800,126.7699966430664,2026-08-27,137.39999389648438
126.33999633789062,135.97000122070312,127.30999755859375,31279400,134.0,2026-08-28,127.30999755859375
125.73999786376953,133.3800048828125,132.94000244140625,24230500,128.57000732421875,2026-08-31,132.94000244140625
123.58999633789062,129.89999389648438,124.87999725341797,22289000,128.02999877929688,2026-09-01,124.87999725341797
121.37999725341797,124.66000366210938,123.19000244140625,14852200,123.3499984741211,2026-09-02,123.19000244140625
127.58000183105469,144.9199981689453,144.82000732421875,45245400,127.98999786376953,2026-09-03,144.82000732421875
137.07000732421875,144.39999389648438,142.8000030517578,27162700,137.35000610351562,2026-09-04,142.8000030517578
135.3800048828125,139.30999755859375,136.52000427246094,19904000,137.6199951171875,2026-09-08,136.52000427246094
132.58999633789062,141.97999572753906,132.6999969482422,17359700,141.82000732421875,2026-09-09,132.6999969482422
126.91000366210938,131.8800048828125,128.55999755859375,14529500,128.44000244140625,2026-09-10,128.55999755859375
129.27999877929688,137.88999938964844,130.97000122070312,19473000,130.6699981689453,2026-09-11,130.97000122070312
130.72999572753906,137.50999450683594,136.94000244140625,18712900,130.89999389648438,2026-09-14,136.94000244140625
125.44000244140625,134.0,129.60000610351562,23136900,131.67999267578125,2026-09-15,129.60000610351562
123.33000183105469,130.4199981689453,126.18000030517578,22226100,130.02000427246094,2026-09-16,126.18000030517578
127.79000091552734,133.4199981689453,132.25,18591700,129.89999389648438,2026-09-17,132.25
136.17999267578125,154.02000427246094,153.9199981689453,54674100,136.5800018310547,2026-09-18,153.9199981689453
164.49000549316406,169.52000427246094,168.5,41898400,164.5800018310547,2026-09-21,168.5
167.25,171.19000244140625,167.3300018310547,23855700,167.5500030517578,2026-09-22,167.3300018310547
161.83999633789062,169.5,162.1999969482422,21238100,167.22999572753906,2026-09-23,162.1999969482422
158.2899932861328,165.13999938964844,161.61000061035156,16938200,161.00999450683594,2026-09-24,161.61000061035156
156.77999877929688,162.86000061035156,158.61000061035156,18529100,162.83999633789062,2026-09-25,158.61000061035156
155.05999755859375,161.72000122070312,157.13999938964844,16368800,157.75999450683594,2026-09-28,157.13999938964844
152.33999633789062,161.6300048828125,154.6699981689453,16376400,161.6300048828125,2026-09-29,154.6699981689453
152.02000427246094,163.52999877929688,153.08999633789062,17559300,160.88999938964844,2026-09-30,153.08999633789062
152.6300048828125,161.5800018310547,160.5,19345200,153.8300018310547,2026-10-01,160.5
155.88999938964844,170.1699981689453,160.00999450683594,27457400,165.88999938964844,2026-10-02,160.00999450683594
160.1199951171875,166.1999969482422,164.42999267578125,18216500,164.67999267578125,2026-10-05,164.42999267578125
163.17999267578125,168.72999572753906,164.5500030517578,17497200,165.82000732421875,2026-10-06,164.5500030517578
152.52999877929688,158.66000366210938,153.3699951171875,21670900,157.6999969482422,2026-10-07,153.3699951171875
147.3699951171875,153.6300048828125,151.47000122070312,23624800,150.33999633789062,2026-10-08,151.47000122070312
