open,close,low,volume,high,date,adjclose
42.72999954223633,44.040000915527344,41.61000061035156,2370363000,44.86000061035156,2006-11-01,37.6390266418457
44.0,43.15999984741211,42.880001068115234,1898275500,44.7599983215332,2006-12-01,36.931854248046875
43.459999084472656,44.06999969482422,42.52000045776367,2620557700,45.400001525878906,2007-01-01,37.710533142089844
44.27000045776367,43.33000183105469,42.93000030517578,2394303300,45.54999923706055,2007-02-01,37.077327728271484
42.54999923706055,43.529998779296875,42.060001373291016,2886831700,44.45000076293945,2007-03-01,37.271934509277344
43.66999816894531,45.959999084472656,43.29999923706055,1840448700,46.70000076293945,2007-04-01,39.35259246826172
45.970001220703125,47.40999984741211,45.65999984741211,2575501900,47.52000045776367,2007-05-01,40.59415817260742
47.58000183105469,47.599998474121094,46.15999984741211,2815209900,47.91999816894531,2007-06-01,40.788673400878906
47.709999084472656,47.529998779296875,47.43000030517578,2780452500,50.65999984741211,2007-07-01,40.72868347167969
47.38999938964844,48.869998931884766,44.38999938964844,3835583500,49.060001373291016,2007-08-01,41.8769645690918
48.93000030517578,51.40999984741211,47.810001373291016,1980639900,51.68000030517578,2007-09-01,44.07640838623047
51.45000076293945,55.029998779296875,51.34000015258789,3400285100,55.06999969482422,2007-10-01,47.18001174926758
54.68000030517578,51.310001373291016,48.650001525878906,4567776300,54.77000045776367,2007-11-01,43.99065017700195
51.09000015258789,51.220001220703125,49.18000030517578,2233867700,52.84000015258789,2007-12-01,43.959293365478516
51.27000045776367,45.130001068115234,41.61000061035156,4828694600,51.470001220703125,2008-01-01,38.732574462890625
45.5,42.95000076293945,42.150001525878906,3020516600,45.880001068115234,2008-02-01,36.86158752441406
42.91999816894531,43.720001220703125,41.04999923706055,3404279700,45.06999969482422,2008-03-01,37.55177307128906
44.41999816894531,47.209999084472656,43.68000030517578,2616810900,48.060001373291016,2008-04-01,40.54937744140625
47.22999954223633,50.0099983215332,47.220001220703125,2682797700,50.470001220703125,2008-05-01,42.954349517822266
49.91999816894531,45.16999816894531,44.970001220703125,3542909100,50.61000061035156,2008-06-01,38.82426071166992
44.810001373291016,45.459999084472656,43.29999923706055,3953264300,46.150001525878906,2008-07-01,39.073516845703125
45.5099983215332,46.119998931884766,44.29999923706055,2893866300,48.56999969482422,2008-08-01,39.64078903198242
46.869998931884766,38.90999984741211,37.18000030517578,5188670400,47.08000183105469,2008-09-01,33.46624755859375
38.84000015258789,32.88999938964844,28.09000015258789,7240779800,38.970001220703125,2008-10-01,28.28847885131836
32.810001373291016,29.1200008392334,25.049999237060547,3919285900,34.0099983215332,2008-11-01,25.045928955078125
28.5,29.739999771118164,26.84000015258789,2944238700,30.829999923706055,2008-12-01,25.616323471069336
29.75,29.059999465942383,27.959999084472656,2829542600,31.6299991607666,2009-01-01,25.030611038208008
28.780000686645508,27.530000686645508,27.389999389648438,3324074200,31.68000030517578,2009-02-01,23.712753295898438
27.1200008392334,30.31999969482422,25.6299991607666,3805123800,31.459999084472656,2009-03-01,26.159086227416992
29.940000534057617,34.279998779296875,29.790000915527344,2991632100,34.900001525878906,2009-04-01,29.575645446777344
34.27000045776367,35.380001068115234,32.959999084472656,2734076200,35.5,2009-05-01,30.524675369262695
35.7599983215332,36.380001068115234,34.77000045776367,2511948000,37.22999954223633,2009-06-01,31.426055908203125
36.560001373291016,39.45000076293945,34.29999923706055,2575607800,40.18000030517578,2009-07-01,34.0780143737793
39.869998931884766,40.029998779296875,38.459999084472656,2248149500,41.08000183105469,2009-08-01,34.57902908325195
39.88999938964844,42.25,39.02000045776367,2114774900,43.16999816894531,2009-09-01,36.53202819824219
42.099998474121094,40.959999084472656,40.720001220703125,2291065900,43.81999969482422,2009-10-01,35.41664123535156
41.0,43.560001373291016,40.63999938964844,1807922400,44.650001525878906,2009-11-01,37.66475296020508
43.88999938964844,45.75,43.31999969482422,1524036700,46.29999923706055,2009-12-01,39.624366760253906
46.33000183105469,42.790000915527344,42.630001068115234,2382152500,46.63999938964844,2010-01-01,37.060699462890625
42.900001525878906,44.7599983215332,42.119998931884766,1932176400,45.04999923706055,2010-02-01,38.766910552978516
44.959999084472656,48.15999984741211,44.95000076293945,1623606900,48.599998474121094,2010-03-01,41.756202697753906
48.36000061035156,49.2400016784668,47.790000915527344,1701457500,50.650001525878906,2010-04-01,42.692604064941406
49.45000076293945,45.599998474121094,42.63999938964844,2952228100,50.16999816894531,2010-05-01,39.5366096496582
45.43000030517578,42.709999084472656,42.63999938964844,2058088600,47.68000030517578,2010-06-01,37.174034118652344
42.84000015258789,45.810001373291016,41.77000045776367,1748673600,46.720001220703125,2010-07-01,39.872215270996094
46.38999938964844,43.459999084472656,42.970001220703125,1483278100,47.189998626708984,2010-08-01,37.82682800292969
44.099998474121094,49.06999969482422,44.06999969482422,1574743200,49.84000015258789,2010-09-01,42.8096923828125
49.47999954223633,52.18000030517578,48.20000076293945,1538354800,52.4900016784668,2010-10-01,45.52290344238281
52.369998931884766,52.09000015258789,50.849998474121094,1564994700,54.040000915527344,2010-11-01,45.44438552856445
52.86000061035156,54.459999084472656,52.84000015258789,1006766900,54.959999084472656,2010-12-01,47.60622024536133
54.970001220703125,56.0,54.91999816894531,1265608600,57.349998474121094,2011-01-01,48.952430725097656
56.41999816894531,57.77000045776367,56.130001068115234,1101561900,59.040000915527344,2011-02-01,50.499671936035156
58.02000045776367,57.43000030517578,53.77000045776367,1729243300,58.369998931884766,2011-03-01,50.273292541503906
57.720001220703125,59.08000183105469,55.31999969482422,1032891200,59.290000915527344,2011-04-01,51.717674255371094
59.16999816894531,58.36000061035156,56.470001220703125,1054622500,59.34000015258789,2011-05-01,51.087406158447266
58.220001220703125,57.04999923706055,53.619998931884766,1155628500,58.36000061035156,2011-06-01,50.05262756347656
57.08000183105469,58.0,56.869998931884766,1277418400,59.83000183105469,2011-07-01,50.88608932495117
58.70000076293945,55.060001373291016,49.93000030517578,2526145600,58.81999969482422,2011-08-01,48.306705474853516
55.20000076293945,52.4900016784668,51.90999984741211,1666877800,57.349998474121094,2011-09-01,46.13733673095703
52.02000045776367,57.95000076293945,50.099998474121094,1616785100,59.20000076293945,2011-10-01,50.9365348815918
56.52000045776367,56.38999938964844,52.869998931884766,1295070500,58.97999954223633,2011-11-01,49.565338134765625
56.380001068115234,55.83000183105469,54.16999816894531,1004361600,57.619998931884766,2011-12-01,49.26092529296875
56.90999984741211,60.529998779296875,56.560001373291016,828883900,60.86000061035156,2012-01-01,53.40790557861328
60.880001068115234,64.41000366210938,60.65999984741211,1018602500,64.95999908447266,2012-02-01,56.831390380859375
64.6500015258789,67.55000305175781,63.22999954223633,1070054300,68.51000213623047,2012-03-01,59.703094482421875
67.4800033569336,66.76000213623047,64.44999694824219,1056184900,68.55000305175781,2012-04-01,59.0048713684082
66.69000244140625,62.060001373291016,60.7599983215332,1300328800,67.62999725341797,2012-05-01,54.850833892822266
60.939998626708984,64.16000366210938,60.040000915527344,973815200,64.56999969482422,2012-06-01,56.837223052978516
64.25,64.80000305175781,61.86000061035156,860805100,65.30999755859375,2012-07-01,57.40418243408203
65.26000213623047,68.16000366210938,63.90999984741211,679866200,68.87999725341797,2012-08-01,60.38069152832031
68.02999877929688,68.56999969482422,67.41999816894531,639521900,70.58000183105469,2012-09-01,60.917137145996094
68.9000015258789,64.94999694824219,64.6500015258789,863124200,69.80000305175781,2012-10-01,57.70112991333008
65.36000061035156,65.80000305175781,61.310001373291016,901783900,66.20999908447266,2012-11-01,58.45628356933594
66.30999755859375,65.12999725341797,63.58000183105469,815856000,66.76000213623047,2012-12-01,58.183326721191406
66.7300033569336,66.87000274658203,66.16999816894531,741836700,67.79000091552734,2013-01-01,59.73774719238281
67.33999633789062,67.0999984741211,65.95999908447266,656562100,68.26000213623047,2013-02-01,59.943172454833984
66.87000274658203,68.97000122070312,66.54000091552734,557979300,69.05999755859375,2013-03-01,61.75632858276367
69.0199966430664,70.72000122070312,66.87999725341797,835537700,70.7300033569336,2013-04-01,63.32330322265625
70.73999786376953,73.25,70.25,680414200,74.94999694824219,2013-05-01,65.58870697021484
73.26000213623047,71.2699966430664,69.1500015258789,748561600,73.81999969482422,2013-06-01,64.01764678955078
71.75,75.7699966430664,71.3499984741211,581695700,76.20999908447266,2013-07-01,68.05974578857422
76.29000091552734,75.47000122070312,74.95999908447266,529245500,77.27999877929688,2013-08-01,67.79029083251953
76.08999633789062,78.87999725341797,75.54000091552734,503988800,79.69000244140625,2013-09-01,71.06604766845703
78.88999938964844,82.79000091552734,76.3499984741211,817353700,83.48999786376953,2013-10-01,74.58872985839844
83.06999969482422,85.7300033569336,81.37000274658203,542339400,85.83999633789062,2013-11-01,77.23747253417969
85.83000183105469,87.95999908447266,84.05000305175781,651649200,87.95999908447266,2013-12-01,79.49829864501953
87.55000305175781,86.2699966430664,84.76000213623047,831732700,89.0,2014-01-01,77.97087097167969
86.11000061035156,90.33999633789062,83.73999786376953,713558700,90.95999908447266,2014-02-01,81.9882583618164
89.48999786376953,87.66999816894531,86.4000015258789,809345400,91.36000061035156,2014-03-01,79.74706268310547
88.0999984741211,87.38999938964844,83.27999877929688,1141398200,89.68000030517578,2014-04-01,79.49234008789062
87.52999877929688,91.30999755859375,85.52999877929688,789193700,91.44999694824219,2014-05-01,83.05809783935547
91.41999816894531,93.91000366210938,90.63999938964844,567012900,94.13999938964844,2014-06-01,85.65266418457031
94.23999786376953,95.0199966430664,93.62999725341797,661530400,97.51000213623047,2014-07-01,86.6650619506836
94.81999969482422,99.77999877929688,93.88999938964844,645904700,99.91000366210938,2014-08-01,91.00653839111328
100.0199966430664,98.79000091552734,97.69999694824219,755958700,100.55999755859375,2014-09-01,90.31793975830078
98.51000213623047,101.4000015258789,90.23999786376953,1285037500,101.75,2014-10-01,92.70413970947266
101.58000183105469,106.01000213623047,100.66999816894531,434990100,106.25,2014-11-01,96.91877746582031
105.72000122070312,103.25,99.91999816894531,815702200,105.91999816894531,2014-12-01,94.74717712402344
103.76000213623047,101.0999984741211,99.36000061035156,826291600,104.58000183105469,2015-01-01,92.77424621582031
101.33000183105469,108.4000015258789,99.75,472456500,108.94000244140625,2015-02-01,99.47307586669922
108.61000061035156,105.5999984741211,104.23999786376953,633635600,109.41999816894531,2015-03-01,97.12651824951172
105.5999984741211,107.62999725341797,104.33999633789062,568699300,111.16000366210938,2015-04-01,98.99364471435547
108.05000305175781,110.05000305175781,106.0,518233500,111.08000183105469,2015-05-01,101.21944427490234
110.63999938964844,107.06999969482422,106.63999938964844,577030600,111.12999725341797,2015-06-01,98.7050552368164
108.12999725341797,111.94999694824219,105.83000183105469,644885700,114.38999938964844,2015-07-01,103.20382690429688
111.97000122070312,104.30999755859375,84.73999786376953,1010304800,113.0,2015-08-01,96.16069030761719
101.70999908447266,101.76000213623047,98.75,881201500,108.7300033569336,2015-09-01,94.03815460205078
101.94000244140625,113.33000183105469,100.4800033569336,740627200,114.08000183105469,2015-10-01,104.73016357421875
113.62999725341797,114.0199966430664,109.4800033569336,543413300,115.47000122070312,2015-11-01,105.36781311035156
114.4800033569336,111.86000061035156,109.37999725341797,757497500,115.75,2015-12-01,103.68743133544922
109.44999694824219,104.12999725341797,97.25,1077308200,110.18000030517578,2016-01-01,96.52217864990234
103.62999725341797,102.5,94.83999633789062,942259600,104.80000305175781,2016-02-01,95.01128387451172
103.4800033569336,109.19999694824219,103.16000366210938,601605100,110.04000091552734,2016-03-01,101.52204895019531
108.54000091552734,105.72000122070312,104.87999725341797,559253800,111.44000244140625,2016-04-01,98.2867202758789
105.98999786376953,110.33999633789062,104.4000015258789,536482700,110.51000213623047,2016-05-01,102.58187103271484
110.0,107.54000091552734,101.75,577926300,110.75,2016-06-01,100.24507141113281
107.48999786376953,115.2300033569336,106.56999969482422,421072600,115.54000091552734,2016-07-01,107.41340637207031
115.30999755859375,116.44000244140625,114.22000122070312,369269900,118.01000213623047,2016-08-01,108.54132843017578
116.4800033569336,118.72000122070312,113.62999725341797,540756600,119.22000122070312,2016-09-01,110.94392395019531
118.56999969482422,116.98999786376953,115.94000244140625,406941800,119.66000366210938,2016-10-01,109.32723999023438
117.19000244140625,117.5,113.44999694824219,598118800,119.51000213623047,2016-11-01,109.80384826660156
117.45999908447266,118.4800033569336,115.22000122070312,498414300,121.5199966430664,2016-12-01,111.04710388183594
119.2699966430664,124.56999969482422,118.88999938964844,366254600,125.91999816894531,2017-01-01,116.75502014160156
125.44999694824219,130.02000427246094,124.86000061035156,307437600,130.6999969482422,2017-02-01,121.86306762695312
130.85000610351562,132.3800048828125,129.39999389648438,442963500,132.74000549316406,2017-03-01,124.33312225341797
132.49000549316406,135.99000549316406,130.3800048828125,388248100,136.33999633789062,2017-04-01,127.72370147705078
136.44000244140625,141.2899932861328,135.8699951171875,532489700,141.83999633789062,2017-05-01,132.7014617919922
141.5800018310547,137.63999938964844,136.25,1046003200,143.89999389648438,2017-06-01,129.6255645751953
138.27000427246094,143.22999572753906,135.8000030517578,705002300,145.9600067138672,2017-07-01,134.89007568359375
143.72000122070312,146.1999969482422,140.17999267578125,810771900,146.2100067138672,2017-08-01,137.68711853027344
146.38999938964844,145.4499969482422,142.10000610351562,631562000,146.58999633789062,2017-09-01,137.28065490722656
145.6699981689453,152.14999389648438,144.92999267578125,549094600,152.3699951171875,2017-10-01,143.60430908203125
152.75999450683594,155.14999389648438,150.77000427246094,584198400,156.69000244140625,2017-11-01,146.43577575683594
154.1999969482422,155.75999450683594,152.05999755859375,622383900,158.77000427246094,2017-12-01,147.3189697265625
156.55999755859375,169.39999389648438,156.1699981689453,698394900,170.9499969482422,2018-01-01,160.21975708007812
168.10000610351562,167.2100067138672,150.1300048828125,1179841200,170.72999572753906,2018-02-01,158.1485137939453
167.3000030517578,160.1300048828125,156.0399932861328,1085306700,175.2100067138672,2018-03-01,151.69789123535156
158.99000549316406,160.94000244140625,153.8800048828125,987380500,167.0,2018-04-01,152.46522521972656
160.52000427246094,170.07000732421875,159.22000122070312,687987000,171.1999969482422,2018-05-01,161.1144561767578
170.9199981689453,171.64999389648438,169.1699981689453,784338500,177.97999572753906,2018-06-01,162.95928955078125
170.0399932861328,176.4499969482422,169.6699981689453,708010500,182.92999267578125,2018-07-01,167.51625061035156
176.86000061035156,186.64999389648438,175.7899932861328,667523000,187.52000427246094,2018-08-01,177.19985961914062
186.0800018310547,185.7899932861328,180.44000244140625,645534400,186.49000549316406,2018-09-01,176.7008056640625
186.8699951171875,169.82000732421875,160.08999633789062,1817070600,187.52999877929688,2018-10-01,161.5120849609375
170.07000732421875,169.3699951171875,157.1300048828125,1152121500,175.5800018310547,2018-11-01,161.08407592773438
173.11000061035156,154.25999450683594,143.4600067138672,1395544900,173.30999755859375,2018-12-01,147.13304138183594
150.99000549316406,168.16000366210938,149.49000549316406,933706500,168.99000549316406,2019-01-01,160.39085388183594
167.3300018310547,173.19000244140625,166.57000732421875,535964100,174.66000366210938,2019-02-01,165.18846130371094
174.44000244140625,179.66000366210938,169.33999633789062,781972700,182.8300018310547,2019-03-01,171.6714324951172
181.50999450683594,189.5399932861328,180.77000427246094,550157700,191.32000732421875,2019-04-01,181.11215209960938
190.77999877929688,173.9499969482422,173.8699951171875,901554000,191.32000732421875,2019-05-01,166.2152862548828
173.47999572753906,186.74000549316406,169.27000427246094,688730400,189.77000427246094,2019-06-01,178.8311309814453
190.32000732421875,191.10000610351562,188.3800048828125,494025500,195.5500030517578,2019-07-01,183.00648498535156
191.42999267578125,187.47000122070312,179.1999969482422,814286500,194.97999572753906,2019-08-01,179.53018188476562
186.22000122070312,188.80999755859375,185.02999877929688,550650200,194.7100067138672,2019-09-01,181.17808532714844
189.5,197.0800018310547,181.82000732421875,576983400,197.8300018310547,2019-10-01,189.11380004882812
197.92999267578125,205.10000610351562,197.6300048828125,351429700,206.0500030517578,2019-11-01,196.80963134765625
205.11000061035156,212.61000061035156,199.22999572753906,429951100,214.55999755859375,2019-12-01,204.45838928222656
214.39999389648438,219.07000732421875,212.24000549316406,585493000,225.8800048828125,2020-01-01,210.6707000732422
220.13999938964844,205.8000030517578,198.1699981689453,952392300,237.47000122070312,2020-02-01,197.9095001220703
208.8800048828125,190.39999389648438,164.92999267578125,2191775700,219.61000061035156,2020-03-01,183.4900665283203
184.77000427246094,218.91000366210938,180.86000061035156,1092071200,220.0399932861328,2020-04-01,210.9654083251953
214.5,233.36000061035156,211.1199951171875,846592000,233.60000610351562,2020-05-01,224.89105224609375
232.4600067138672,247.60000610351562,231.47000122070312,928360400,251.14999389648438,2020-06-01,239.02919006347656
247.63999938964844,265.7900085449219,247.0800018310547,924935100,269.7900085449219,2020-07-01,256.58953857421875
268.0,294.8800048828125,264.6300048828125,701414600,296.75,2020-08-01,284.6725769042969
297.6199951171875,277.8399963378906,260.1099853515625,1325374300,303.5,2020-09-01,268.2224426269531
281.7900085449219,269.3800048828125,267.07000732421875,936826500,297.4599914550781,2020-10-01,260.05535888671875
271.8500061035156,299.6199951171875,266.9700012207031,751645800,300.1700134277344,2020-11-01,289.2484436035156
301.9700012207031,313.739990234375,298.0899963378906,569870600,314.69000244140625,2020-12-01,303.4287109375
315.1099853515625,314.55999755859375,305.17999267578125,655263000,330.32000732421875,2021-01-01,304.22174072265625
318.1099853515625,314.1400146484375,310.8800048828125,795468600,338.19000244140625,2021-02-01,303.8155517578125
319.2699890136719,319.1300048828125,297.45001220703125,1621173600,324.3299865722656,2021-03-01,309.0313720703125
323.07000732421875,337.989990234375,322.80999755859375,771139800,342.79998779296875,2021-04-01,327.2945556640625
339.2300109863281,333.92999267578125,316.0,965410800,340.0,2021-05-01,323.3630676269531
335.29998779296875,354.42999267578125,328.2799987792969,751288500,355.2300109863281,2021-06-01,343.61248779296875
354.07000732421875,364.57000732421875,352.0400085449219,813285700,368.8900146484375,2021-07-01,353.44305419921875
366.2799987792969,379.95001220703125,359.9599914550781,683466500,380.760009765625,2021-08-01,368.3536071777344
381.0400085449219,357.9599914550781,357.1000061035156,931849900,382.7799987792969,2021-09-01,347.4195251464844
358.6000061035156,386.1099853515625,350.32000732421875,878747900,386.2799987792969,2021-10-01,374.7405090332031
386.55999755859375,393.82000732421875,384.4200134277344,922244500,408.7099914550781,2021-11-01,382.2235412597656
398.2799987792969,397.8500061035156,377.4700012207031,1232817200,404.5799865722656,2021-12-01,386.6280212402344
399.04998779296875,363.04998779296875,334.1499938964844,1847203000,402.2799987792969,2022-01-01,352.8096618652344
364.42999267578125,346.79998779296875,318.260009765625,1522923600,370.1000061035156,2022-02-01,337.0179443359375
345.75,362.5400085449219,317.45001220703125,1686792800,371.8299865722656,2022-03-01,352.74969482421875
362.80999755859375,313.25,312.6000061035156,1501959100,369.30999755859375,2022-04-01,304.7906494140625
312.8299865722656,308.2799987792969,280.2099914550781,1951162500,330.2900085449219,2022-05-01,299.954833984375
310.4700012207031,280.2799987792969,269.2799987792969,1359608000,314.55999755859375,2022-06-01,273.2351989746094
278.95001220703125,315.4599914550781,276.75,1178025500,316.3900146484375,2022-07-01,307.5309753417969
313.6499938964844,299.2699890136719,298.44000244140625,1069920100,334.4200134277344,2022-08-01,291.74786376953125
296.7200012207031,267.260009765625,267.1000061035156,1370988700,311.0799865722656,2022-09-01,261.0107116699219
269.07000732421875,277.95001220703125,254.25999450683594,1356809000,284.6000061035156,2022-10-01,271.4507751464844
281.5,293.3599853515625,259.0799865722656,1195762800,293.4700012207031,2022-11-01,286.50048828125
293.69000244140625,266.2799987792969,259.7300109863281,1057037700,296.8800048828125,2022-12-01,260.67620849609375
268.6499938964844,294.6199951171875,260.3399963378906,961927300,298.260009765625,2023-01-01,288.4197692871094
294.4100036621094,293.55999755859375,290.04998779296875,1094424800,313.67999267578125,2023-02-01,287.38214111328125
293.260009765625,320.92999267578125,285.19000244140625,1544782600,321.1700134277344,2023-03-01,314.66253662109375
318.7699890136719,322.55999755859375,309.8900146484375,993554700,322.6499938964844,2023-04-01,316.26068115234375
322.0899963378906,347.989990234375,315.1199951171875,1149238500,353.92999267578125,2023-05-01,341.1940612792969
347.7300109863281,369.4200134277344,346.6600036621094,1137978700,372.8500061035156,2023-06-01,362.702392578125
370.07000732421875,383.67999267578125,363.4100036621094,975077400,387.9800109863281,2023-07-01,376.70306396484375
382.30999755859375,377.989990234375,354.7099914550781,1202289000,383.55999755859375,2023-08-01,371.1165466308594
380.3999938964844,358.2699890136719,351.3599853515625,960022300,380.8299865722656,2023-09-01,352.2642822265625
358.5400085449219,350.8699951171875,342.3500061035156,1238704200,373.739990234375,2023-10-01,344.98834228515625
351.7200012207031,388.8299865722656,351.6199951171875,971360500,394.1400146484375,2023-11-01,382.3121032714844
387.75,409.5199890136719,382.6600036621094,867698300,412.9200134277344,2023-12-01,403.67169189453125
405.8399963378906,416.9700012207031,395.3399963378906,973043500,429.8500061035156,2024-01-01,411.0152893066406
418.7900085449219,439.0,417.80999755859375,865903700,440.5899963378906,2024-02-01,432.7307434082031
439.8999938964844,444.010009765625,432.739990234375,905018600,449.3399963378906,2024-03-01,438.2478942871094
444.9700012207031,424.5899963378906,413.07000732421875,1066502500,447.5299987792969,2024-04-01,419.07989501953125
423.1499938964844,450.7099914550781,420.6300048828125,730428700,460.5799865722656,2024-05-01,444.8609313964844
454.57000732421875,479.1099853515625,447.8999938964844,548332200,487.20001220703125,2024-06-01,473.6440124511719
480.0400085449219,471.07000732421875,454.1499938964844,801528400,503.5199890136719,2024-07-01,465.69573974609375
471.760009765625,476.2699890136719,423.45001220703125,908585600,485.5400085449219,2024-08-01,470.8363952636719
470.6600036621094,488.07000732421875,448.19000244140625,694688500,493.70001220703125,2024-09-01,483.1798400878906
487.70001220703125,483.8500061035156,477.3999938964844,660176300,501.3500061035156,2024-10-01,479.00213623046875
485.5,509.739990234375,484.25,567617900,515.5800170898438,2024-11-01,504.6326904296875
511.010009765625,511.2300109863281,509.2900085449219,627410500,539.1500244140625,2024-12-01,506.9238586425781
514.2999877929688,522.2899780273438,499.70001220703125,677012800,533.8200073242188,2025-01-01,517.890625
513.469970703125,508.1700134277344,496.92999267578125,585211300,540.8099975585938,2025-02-01,503.88970947265625
511.5199890136719,468.9200134277344,457.3299865722656,981927300,513.0399780273438,2025-03-01,465.6636962890625
467.29998779296875,475.4700012207031,402.3900146484375,1366190800,479.55999755859375,2025-04-01,472.1681823730469
483.4100036621094,519.1099853515625,476.7799987792969,993265800,526.47998046875,2025-05-01,515.5050659179688
517.239990234375,551.6400146484375,515.969970703125,924943900,552.7999877929688,2025-06-01,548.4244384765625
549.72998046875,565.010009765625,544.6599731445312,921977100,574.6300048828125,2025-07-01,561.716552734375
558.8300170898438,570.4000244140625,551.6799926757812,964846900,583.3200073242188,2025-08-01,567.0751342773438
561.3099975585938,600.3699951171875,559.5399780273438,1132872000,602.8699951171875,2025-09-01,597.5623168945312
597.1699829101562,629.0700073242188,589.0499877929688,1324908800,637.010009765625,2025-10-01,626.1281127929688
635.1099853515625,619.25,580.739990234375,1227811700,635.8200073242188,2025-11-01,616.35400390625
613.6300048828125,614.3099975585938,600.280029296875,1064378800,629.2100219726562,2025-12-01,612.2249145507812
620.0599975585938,621.8699951171875,607.0499877929688,1085285800,636.5999755859375,2026-01-01,619.7592163085938
618.7000122070312,607.2899780273438,593.3400268554688,1306657000,629.97998046875,2026-02-01,605.228759765625
598.8599853515625,577.1799926757812,555.5999755859375,1630084200,613.2899780273438,2026-03-01,575.9462280273438
581.47998046875,667.739990234375,571.9199829101562,918162900,668.9000244140625,2026-04-01,666.3126220703125
669.1599731445312,738.3099975585938,668.7999877929688,787478800,741.6300048828125,2026-05-01,736.7318115234375
737.0399780273438,736.4000244140625,686.3699951171875,1099317200,748.6500244140625,2026-06-01,735.6334838867188
729.1900024414062,687.989990234375,661.1400146484375,894901400,731.9199829101562,2026-07-01,687.2738647460938
688.2999877929688,716.760009765625,685.8200073242188,697194300,734.5800170898438,2026-08-01,716.013916015625
707.3900146484375,739.77001953125,700.0,695472800,748.3499755859375,2026-09-01,739.77001953125
742.510009765625,747.5800170898438,736.25,197283200,762.8599853515625,2026-10-01,747.5800170898438
752.5499877929688,751.27001953125,748.364990234375,20134184,752.8599853515625,2026-10-09,751.27001953125
