volume,open,high,close,low,date,adjclose
1502059900,138.22000122070312,141.16000366210938,140.52999877929688,135.6199951171875,2006-11-01,97.495361328125
1212756800,140.52999877929688,143.24000549316406,141.6199951171875,138.97000122070312,2006-12-01,98.7989730834961
1330329900,142.25,144.1300048828125,143.75,140.25,2007-01-01,100.28498840332031
1494548900,144.14999389648438,146.4199981689453,140.92999267578125,139.0,2007-02-01,98.3176040649414
2918304400,139.33999633789062,143.80999755859375,142.0,136.75,2007-03-01,99.4570541381836
1791289900,142.16000366210938,149.8000030517578,148.2899932861328,141.47999572753906,2007-04-01,103.86248779296875
2508178000,148.4199981689453,153.88999938964844,153.32000732421875,147.6699981689453,2007-05-01,107.38562774658203
3502885400,153.8800048828125,154.39999389648438,150.42999267578125,148.05999755859375,2007-06-01,105.81548309326172
3988676200,150.8699951171875,155.52999877929688,145.72000122070312,145.0399932861328,2007-07-01,102.50242614746094
6195918600,145.17999267578125,150.58999633789062,147.58999633789062,137.0,2007-08-01,103.81777954101562
2967009200,147.4499969482422,154.38999938964844,152.5800018310547,144.3300018310547,2007-09-01,107.83705139160156
3850069600,152.60000610351562,157.52000427246094,154.64999389648438,148.66000366210938,2007-10-01,109.30006408691406
5472709900,153.2899932861328,153.41000366210938,148.66000366210938,140.66000366210938,2007-11-01,105.06654357910156
3293787500,148.19000244140625,152.88999938964844,146.2100067138672,143.9600067138672,2007-12-01,103.88341522216797
6106834300,146.52999877929688,146.99000549316406,137.3699951171875,126.0,2008-01-01,97.60247039794922
4151028600,137.94000244140625,139.61000061035156,133.82000732421875,131.72999572753906,2008-02-01,95.08026123046875
5462121800,133.13999938964844,135.80999755859375,131.97000122070312,126.06999969482422,2008-03-01,94.2300033569336
4014652600,133.61000061035156,140.58999633789062,138.25999450683594,132.3300018310547,2008-04-01,98.72122955322266
3646997000,138.3800048828125,144.3000030517578,140.35000610351562,137.52000427246094,2008-05-01,100.21356964111328
5408930000,139.8300018310547,140.88999938964844,127.9800033569336,127.04000091552734,2008-06-01,91.838134765625
7156206800,126.5199966430664,129.16000366210938,126.83000183105469,120.0199966430664,2008-07-01,91.01285552978516
4344355500,127.12000274658203,131.50999450683594,128.7899932861328,124.76000213623047,2008-08-01,92.4193344116211
8105188900,130.02999877929688,130.7100067138672,115.98999786376953,110.52999877929688,2008-09-01,83.71585083007812
11882352200,115.2699966430664,116.69000244140625,96.83000183105469,83.58000183105469,2008-10-01,69.88714599609375
8762237000,96.77999877929688,100.86000061035156,90.08999633789062,74.33999633789062,2008-11-01,65.02255249023438
6919927700,87.51000213623047,92.43000030517578,90.23999786376953,81.86000061035156,2008-12-01,65.6595230102539
6872039400,90.44000244140625,94.44999694824219,82.83000183105469,80.05000305175781,2009-01-01,60.2679328918457
7275092500,81.56999969482422,87.73999786376953,73.93000030517578,73.80999755859375,2009-02-01,53.79220962524414
8813959700,72.5199966430664,83.30000305175781,79.5199966430664,67.0999984741211,2009-03-01,58.273685455322266
6023006600,78.52999877929688,89.0199966430664,87.41999816894531,78.33000183105469,2009-04-01,64.06290435791016
5195735600,87.44000244140625,93.69999694824219,92.52999877929688,86.72000122070312,2009-05-01,67.80764770507812
5054855000,93.66999816894531,96.11000061035156,91.94999694824219,88.8499984741211,2009-06-01,67.76322174072266
4295844600,92.33999633789062,99.83000183105469,98.80999755859375,87.0,2009-07-01,72.8187484741211
3957574800,99.8499984741211,104.3499984741211,102.45999908447266,98.11000061035156,2009-08-01,75.5086441040039
3777956700,101.94999694824219,108.05999755859375,105.58999633789062,99.56999969482422,2009-09-01,78.18595886230469
4481700800,103.0,110.30999755859375,103.55999755859375,101.98999786376953,2009-10-01,76.68281555175781
3430866200,104.12999725341797,111.73999786376953,109.94000244140625,103.08000183105469,2009-11-01,81.406982421875
2883885800,110.91999816894531,113.02999877929688,111.44000244140625,109.0199966430664,2009-12-01,82.96197509765625
3706842300,112.37000274658203,115.13999938964844,107.38999938964844,107.22000122070312,2010-01-01,79.94689178466797
4451912400,108.1500015258789,111.58000183105469,110.73999786376953,104.58000183105469,2010-02-01,82.44082641601562
3899688500,111.19999694824219,118.16999816894531,117.0,111.16999816894531,2010-03-01,87.4598159790039
3887089700,117.80000305175781,122.12000274658203,118.80999755859375,117.0999984741211,2010-04-01,88.81281280517578
7413878800,119.37999725341797,120.68000030517578,109.37000274658203,104.37999725341797,2010-05-01,81.75624084472656
5706059600,108.3499984741211,113.19999694824219,103.22000122070312,102.87999725341797,2010-06-01,77.5261001586914
4725402000,103.1500015258789,112.29000091552734,110.2699966430664,101.12999725341797,2010-07-01,82.82117462158203
4541971600,111.98999786376953,113.18000030517578,105.30999755859375,104.29000091552734,2010-08-01,79.09581756591797
4035642500,106.7300033569336,115.79000091552734,114.12999725341797,106.66000366210938,2010-09-01,86.17922973632812
3767490800,114.98999786376953,119.76000213623047,118.48999786376953,113.18000030517578,2010-10-01,89.47142791748047
3983708900,119.06999969482422,122.94999694824219,118.48999786376953,117.58999633789062,2010-11-01,89.47142791748047
2722749900,120.19999694824219,126.19999694824219,125.75,120.19000244140625,2010-12-01,95.45284271240234
2860314700,126.70999908447266,130.35000610351562,128.67999267578125,125.69999694824219,2011-01-01,97.67691040039062
2820073500,129.4600067138672,134.69000244140625,133.14999389648438,129.3800048828125,2011-02-01,101.0699234008789
4787459400,133.57000732421875,133.69000244140625,132.58999633789062,125.27999877929688,2011-03-01,101.08206939697266
2812718500,133.41000366210938,136.57000732421875,136.42999267578125,129.50999450683594,2011-04-01,104.00957489013672
3337607300,137.07000732421875,137.17999267578125,134.89999389648438,131.3800048828125,2011-05-01,102.8431396484375
4710433400,134.50999450683594,134.9199981689453,131.97000122070312,126.19000244140625,2011-06-01,101.10820007324219
3840768000,132.08999633789062,135.6999969482422,129.3300018310547,127.97000122070312,2011-07-01,99.08562469482422
9050451800,130.83999633789062,130.9600067138672,122.22000122070312,110.2699966430664,2011-08-01,93.63826751708984
6188283200,122.29000091552734,123.4000015258789,113.1500015258789,111.30000305175781,2011-09-01,87.13783264160156
5721102000,112.48999786376953,129.4199981689453,125.5,107.43000030517578,2011-10-01,96.64871215820312
5013586000,122.02999877929688,128.02000427246094,124.98999786376953,116.19999694824219,2011-11-01,96.25594329833984
3848636100,124.8499984741211,127.26000213623047,125.5,120.02999877929688,2011-12-01,97.26165771484375
2883821400,127.76000213623047,133.39999389648438,131.32000732421875,126.43000030517578,2012-01-01,101.77212524414062
2894582000,132.2899932861328,138.19000244140625,137.02000427246094,132.1300048828125,2012-02-01,106.18959045410156
3057516200,137.30999755859375,141.8300018310547,140.80999755859375,134.36000061035156,2012-03-01,109.60503387451172
3035644100,140.63999938964844,142.2100067138672,139.8699951171875,135.75999450683594,2012-04-01,108.87334442138672
4004156100,139.7899932861328,141.66000366210938,131.47000122070312,129.5500030517578,2012-05-01,102.33488464355469
3644886200,129.41000366210938,136.27000427246094,136.10000610351562,127.13999938964844,2012-06-01,106.48771667480469
2864743300,136.47999572753906,139.33999633789062,137.7100067138672,132.60000610351562,2012-07-01,107.74745178222656
2413590900,138.6999969482422,143.08999633789062,141.16000366210938,135.5800018310547,2012-08-01,110.4468002319336
2391233500,141.0399932861328,148.11000061035156,143.97000122070312,140.1300048828125,2012-09-01,113.24673461914062
2719915500,144.52000427246094,147.16000366210938,141.35000610351562,140.38999938964844,2012-10-01,111.18582916259766
3032769100,141.64999389648438,143.72000122070312,142.14999389648438,134.6999969482422,2012-11-01,111.81512451171875
2889875900,142.8000030517578,145.5800018310547,142.41000366210938,139.5399932861328,2012-12-01,112.8141098022461
2587140200,145.11000061035156,150.94000244140625,149.6999969482422,144.72999572753906,2013-01-01,118.58910369873047
2581459300,150.64999389648438,153.27999877929688,151.61000061035156,148.72999572753906,2013-02-01,120.10213470458984
2330972300,151.08999633789062,156.85000610351562,156.6699981689453,150.41000366210938,2013-03-01,124.66255950927734
2907035000,156.58999633789062,159.72000122070312,159.67999267578125,153.5500030517578,2013-04-01,127.05760955810547
2781596000,159.3300018310547,169.07000732421875,163.4499969482422,158.10000610351562,2013-05-01,130.0574188232422
3533321800,163.8300018310547,165.99000549316406,160.4199981689453,155.72999572753906,2013-06-01,128.32188415527344
2330904500,161.25999450683594,169.86000061035156,168.7100067138672,160.22000122070312,2013-07-01,134.95314025878906
2283131700,169.99000549316406,170.97000122070312,163.64999389648438,163.0500030517578,2013-08-01,130.90565490722656
2226749600,165.22999572753906,173.60000610351562,168.00999450683594,163.6999969482422,2013-09-01,135.04830932617188
2901739000,168.13999938964844,177.50999450683594,175.7899932861328,164.52999877929688,2013-10-01,141.30194091796875
1930952900,176.02000427246094,181.75,181.0,174.75999450683594,2013-11-01,145.48976135253906
2232775900,181.08999633789062,184.69000244140625,184.69000244140625,177.32000732421875,2013-12-01,149.2618408203125
2530650900,183.97999572753906,184.94000244140625,178.17999267578125,176.8800048828125,2014-01-01,144.00064086914062
2394184600,177.97000122070312,187.14999389648438,186.2899932861328,173.7100067138672,2014-02-01,150.55494689941406
2554084300,184.64999389648438,189.02000427246094,187.00999450683594,183.75,2014-03-01,151.8038787841797
2345902000,187.6199951171875,189.6999969482422,188.30999755859375,181.30999755859375,2014-04-01,152.8590850830078
1781093800,188.22000122070312,192.8000030517578,192.67999267578125,186.00999450683594,2014-05-01,156.4064178466797
1675047300,192.9499969482422,196.60000610351562,195.72000122070312,191.97000122070312,2014-06-01,159.63548278808594
1893710200,196.1999969482422,199.05999755859375,193.08999633789062,192.97000122070312,2014-07-01,157.49032592773438
1829885000,192.55999755859375,200.82000732421875,200.7100067138672,190.5500030517578,2014-08-01,163.7054901123047
2106462700,200.97000122070312,201.89999389648438,197.02000427246094,196.0500030517578,2014-09-01,161.4468994140625
3943068000,196.6999969482422,201.82000732421875,201.66000366210938,181.9199981689453,2014-10-01,165.24913024902344
1571091800,201.9199981689453,207.8699951171875,207.1999969482422,200.05999755859375,2014-11-01,169.7888641357422
3045171000,206.39999389648438,212.97000122070312,205.5399932861328,197.86000061035156,2014-12-01,169.35812377929688
3183506000,206.3800048828125,206.8800048828125,199.4499969482422,198.5500030517578,2015-01-01,164.3402099609375
1901638100,200.0500030517578,212.24000549316406,210.66000366210938,197.86000061035156,2015-02-01,173.57687377929688
2749923000,210.77999877929688,212.05999755859375,206.42999267578125,204.1199951171875,2015-03-01,170.85073852539062
2036685200,206.38999938964844,212.47999572753906,208.4600067138672,204.50999450683594,2015-04-01,172.53091430664062
1892519900,209.39999389648438,213.77999877929688,211.13999938964844,206.75999450683594,2015-05-01,174.7489776611328
2535242600,211.94000244140625,213.33999633789062,205.85000610351562,205.27999877929688,2015-06-01,171.19944763183594
2452758000,207.72999572753906,213.17999267578125,210.5,204.11000061035156,2015-07-01,175.06666564941406
3734926900,210.4600067138672,211.30999755859375,197.6699981689453,182.39999389648438,2015-08-01,164.3963623046875
3279512900,193.1199951171875,202.88999938964844,191.6300048828125,186.92999267578125,2015-09-01,160.20166015625
2536184400,192.0800018310547,209.44000244140625,207.92999267578125,189.1199951171875,2015-10-01,173.8283233642578
1924512800,208.32000732421875,211.66000366210938,208.69000244140625,202.17999267578125,2015-11-01,174.46371459960938
2924882300,209.44000244140625,211.0,203.8699951171875,199.8300018310547,2015-12-01,171.44850158691406
3712950900,200.49000549316406,201.89999389648438,193.72000122070312,181.02000427246094,2016-01-01,162.91262817382812
2920730800,192.52999877929688,196.67999267578125,193.55999755859375,181.08999633789062,2016-02-01,162.77809143066406
2323306500,195.00999450683594,206.8699951171875,205.52000427246094,194.4499969482422,2016-03-01,173.72752380371094
1910635600,204.35000610351562,210.9199981689453,206.3300018310547,203.08999633789062,2016-04-01,174.4122772216797
1828530900,206.9199981689453,210.69000244140625,209.83999633789062,202.77999877929688,2016-05-01,177.3793182373047
2612406900,209.1199951171875,212.52000427246094,209.47999572753906,198.64999389648438,2016-06-01,177.995849609375
1648453700,209.47999572753906,217.5399932861328,217.1199951171875,207.05999755859375,2016-07-01,184.48757934570312
1519703200,217.19000244140625,219.60000610351562,217.3800048828125,214.25,2016-08-01,184.70851135253906
2292393000,217.3699951171875,219.22000122070312,216.3000030517578,212.30999755859375,2016-09-01,184.71925354003906
1725687400,215.82000732421875,216.6999969482422,212.5500030517578,211.2100067138672,2016-10-01,181.51673889160156
2073824400,212.92999267578125,221.82000732421875,220.3800048828125,208.3800048828125,2016-11-01,188.20352172851562
1821910200,220.72999572753906,228.33999633789062,223.52999877929688,219.14999389648438,2016-12-01,192.0187530517578
1482408500,225.0399932861328,229.7100067138672,227.52999877929688,223.8800048828125,2017-01-01,195.45489501953125
1365136600,227.52999877929688,237.30999755859375,236.47000122070312,226.82000732421875,2017-02-01,203.13455200195312
1921474100,238.38999938964844,240.32000732421875,235.74000549316406,231.61000061035156,2017-03-01,203.38848876953125
1549613700,235.8000030517578,239.52999877929688,238.0800018310547,232.50999450683594,2017-04-01,205.4073486328125
1492547000,238.67999267578125,242.0800018310547,241.44000244140625,235.42999267578125,2017-05-01,208.3062286376953
1572753000,241.97000122070312,245.00999450683594,241.8000030517578,239.9600067138672,2017-06-01,209.63418579101562
1055908800,242.8800048828125,248.0,246.77000427246094,240.33999633789062,2017-07-01,213.9430694580078
1557031500,247.4600067138672,248.91000366210938,247.49000549316406,241.8300018310547,2017-08-01,214.5672607421875
1286405100,247.9199981689453,251.32000732421875,251.22999572753906,244.9499969482422,2017-09-01,218.89068603515625
1320624600,251.49000549316406,257.8900146484375,257.1499938964844,251.2899932861328,2017-10-01,224.04861450195312
1365620900,258.0400085449219,266.04998779296875,265.010009765625,255.6300048828125,2017-11-01,230.89688110351562
1715222900,264.760009765625,268.6000061035156,266.8599853515625,260.760009765625,2017-12-01,233.69712829589844
1985506700,267.8399963378906,286.6300048828125,281.8999938964844,267.3999938964844,2018-01-01,246.8681640625
2923722000,281.07000732421875,283.05999755859375,271.6499938964844,252.9199981689453,2018-02-01,237.8918914794922
2323561800,271.4100036621094,280.4100036621094,263.1499938964844,257.8299865722656,2018-03-01,231.3712158203125
1998466500,262.54998779296875,271.29998779296875,264.510009765625,254.6699981689453,2018-04-01,232.5669403076172
1606397200,263.8699951171875,274.25,270.94000244140625,259.04998779296875,2018-05-01,238.22048950195312
1599001000,272.4100036621094,279.4800109863281,271.2799987792969,268.489990234375,2018-06-01,239.5904541015625
1266892500,269.510009765625,284.3699951171875,281.3299865722656,269.239990234375,2018-07-01,248.46641540527344
1308443700,281.55999755859375,291.739990234375,290.30999755859375,279.1600036621094,2018-08-01,256.3973388671875
1228103300,289.8399963378906,293.94000244140625,290.7200012207031,286.7099914550781,2018-09-01,257.9218444824219
3024345800,292.1099853515625,293.2099914550781,270.6300048828125,259.8500061035156,2018-10-01,240.09837341308594
2021061200,271.6000061035156,281.2200012207031,275.6499938964844,263.07000732421875,2018-11-01,244.55198669433594
3102780500,280.2799987792969,280.3999938964844,249.9199981689453,233.75999450683594,2018-12-01,223.01954650878906
2048691700,245.97999572753906,270.4700012207031,269.92999267578125,243.6699981689453,2019-01-01,240.87570190429688
1371716300,270.1499938964844,281.30999755859375,278.67999267578125,267.8299865722656,2019-02-01,248.68392944335938
1678081300,280.44000244140625,285.17999267578125,282.4800109863281,272.4200134277344,2019-03-01,253.1852569580078
1209204700,284.70001220703125,294.45001220703125,294.0199890136719,284.3999938964844,2019-04-01,263.5285339355469
1845593200,294.7200012207031,294.95001220703125,275.2699890136719,275.239990234375,2019-05-01,246.7229461669922
1340435600,275.30999755859375,296.30999755859375,293.0,273.0899963378906,2019-06-01,263.8914489746094
1110102300,296.67999267578125,302.2300109863281,297.42999267578125,294.3299865722656,2019-07-01,267.88140869140625
2034004800,297.6000061035156,300.8699951171875,292.45001220703125,281.7200012207031,2019-08-01,263.3961486816406
1303830000,290.57000732421875,302.6300048828125,296.7699890136719,289.2699890136719,2019-09-01,268.5213928222656
1386748300,297.739990234375,304.54998779296875,303.3299865722656,284.82000732421875,2019-10-01,274.456787109375
1037123500,304.9200134277344,315.4800109863281,314.30999755859375,304.739990234375,2019-11-01,284.3917236328125
1285175800,314.5899963378906,323.79998779296875,321.8599853515625,307.1300048828125,2019-12-01,292.65484619140625
1392003800,323.5400085449219,332.95001220703125,321.7300109863281,320.3599853515625,2020-01-01,292.5367126464844
2110214900,323.3500061035156,339.0799865722656,296.260009765625,285.5400085449219,2020-02-01,269.3778076171875
5926017600,298.2099914550781,313.8399963378906,257.75,218.25999450683594,2020-03-01,235.74029541015625
2819312300,247.97999572753906,294.8800048828125,290.4800109863281,243.89999389648438,2020-04-01,265.6754150390625
1910460500,285.30999755859375,306.8399963378906,304.32000732421875,272.989990234375,2020-05-01,278.3336486816406
2358674500,303.6199951171875,323.4100036621094,308.3599853515625,296.739990234375,2020-06-01,283.2696533203125
1505145300,309.57000732421875,327.2300109863281,326.5199890136719,309.07000732421875,2020-07-01,299.9520263671875
1045563300,328.32000732421875,351.29998779296875,349.30999755859375,327.7300109863281,2020-08-01,320.8876647949219
1814712700,350.2099914550781,358.75,334.8900146484375,319.79998779296875,2020-09-01,308.8725280761719
1629016100,337.69000244140625,354.0199890136719,326.5400085449219,322.6000061035156,2020-10-01,301.1711730957031
1535244300,330.20001220703125,364.3800048828125,362.05999755859375,327.239990234375,2020-11-01,333.9316101074219
1344541500,365.57000732421875,378.4599914550781,373.8800048828125,362.0299987792969,2020-12-01,346.3033142089844
1402265400,375.30999755859375,385.8500061035156,370.07000732421875,364.82000732421875,2021-01-01,342.7742614746094
1307806200,373.7200012207031,394.1700134277344,380.3599853515625,370.3800048828125,2021-02-01,352.3052978515625
2401715800,385.5899963378906,398.1199951171875,396.3299865722656,371.8800048828125,2021-03-01,368.29974365234375
1462106600,398.3999938964844,420.7200012207031,417.29998779296875,398.17999267578125,2021-04-01,387.78668212890625
1547235900,419.42999267578125,422.82000732421875,420.0400085449219,404.0,2021-05-01,390.3329162597656
1282152400,422.57000732421875,428.7799987792969,428.05999755859375,414.70001220703125,2021-06-01,399.0870056152344
1422104700,428.8699951171875,441.79998779296875,438.510009765625,421.9700012207031,2021-07-01,408.82965087890625
1254001400,440.3399963378906,453.07000732421875,451.55999755859375,436.1000061035156,2021-08-01,420.99639892578125
1745559600,452.55999755859375,454.04998779296875,429.1400146484375,428.7799987792969,2021-09-01,401.37567138671875
1508665200,430.9800109863281,459.55999755859375,459.25,426.3599853515625,2021-10-01,429.5376892089844
1335351500,460.29998779296875,473.5400085449219,455.55999755859375,455.29998779296875,2021-11-01,426.08636474609375
1927433900,461.6400146484375,479.0,474.9599914550781,448.9200134277344,2021-12-01,445.7919616699219
2485167800,476.29998779296875,479.9800109863281,449.9100036621094,420.760009765625,2022-01-01,422.2802734375
2297975100,450.67999267578125,458.1199951171875,436.6300048828125,410.6400146484375,2022-02-01,409.81585693359375
2380929500,435.0400085449219,462.07000732421875,451.6400146484375,415.1199951171875,2022-03-01,425.220947265625
1856757400,453.30999755859375,457.8299865722656,412.0,411.2099914550781,2022-04-01,387.89971923828125
2418478100,412.07000732421875,429.6600036621094,412.92999267578125,380.5400085449219,2022-05-01,388.77532958984375
1958611900,415.1700134277344,417.44000244140625,377.25,362.1700134277344,2022-06-01,356.7167663574219
1437748400,376.55999755859375,413.0299987792969,411.989990234375,371.0400085449219,2022-07-01,389.56591796875
1443394400,409.1499938964844,431.7300109863281,395.17999267578125,395.0400085449219,2022-08-01,373.6707763671875
1998908600,392.8900146484375,411.7300109863281,357.17999267578125,357.0400085449219,2022-09-01,339.12646484375
2024732000,361.0799865722656,389.5199890136719,386.2099914550781,348.1099853515625,2022-10-01,366.689208984375
1745985300,390.1400146484375,407.67999267578125,407.67999267578125,368.7900085449219,2022-11-01,387.07403564453125
1735973600,408.7699890136719,410.489990234375,382.42999267578125,374.7699890136719,2022-12-01,364.76763916015625
1575450100,384.3699951171875,408.1600036621094,406.4800109863281,377.8299865722656,2023-01-01,387.70684814453125
1603094700,405.2099914550781,418.30999755859375,396.260009765625,393.6400146484375,2023-02-01,377.9588928222656
2515995800,395.4100036621094,409.70001220703125,409.3900146484375,380.6499938964844,2023-03-01,391.9727478027344
1395780500,408.8500061035156,415.94000244140625,415.92999267578125,403.7799987792969,2023-04-01,398.2345886230469
1780909100,415.4700012207031,422.5799865722656,417.8500061035156,403.739990234375,2023-05-01,400.0729064941406
1749901500,418.0899963378906,444.29998779296875,443.2799987792969,416.7900085449219,2023-06-01,425.99749755859375
1374698500,442.9200134277344,459.44000244140625,457.7900085449219,437.05999755859375,2023-07-01,439.9417724609375
1754892500,456.2699890136719,457.25,450.3500061035156,433.010009765625,2023-08-01,432.7919006347656
1588981600,453.1700134277344,453.6700134277344,427.4800109863281,422.2900085449219,2023-09-01,412.2625732421875
1999294400,426.6199951171875,438.1400146484375,418.20001220703125,409.2099914550781,2023-10-01,403.3129577636719
1500017600,419.20001220703125,458.32000732421875,456.3999938964844,418.6499938964844,2023-11-01,440.1531066894531
1643624300,455.7699890136719,477.54998779296875,475.30999755859375,454.30999755859375,2023-12-01,460.2483825683594
1700872500,472.1600036621094,491.6199951171875,482.8800048828125,466.42999267578125,2024-01-01,467.5785827636719
1393307200,484.6300048828125,510.1300048828125,508.0799865722656,483.79998779296875,2024-02-01,491.9800109863281
1473501100,508.9800109863281,524.6099853515625,523.0700073242188,504.9100036621094,2024-03-01,508.0686950683594
1593138700,523.8300170898438,524.3800048828125,501.9800109863281,493.8599853515625,2024-04-01,487.58355712890625
1153206200,501.3800048828125,533.0700073242188,527.3699951171875,499.54998779296875,2024-05-01,512.2454223632812
888367600,529.02001953125,550.280029296875,544.219970703125,522.5999755859375,2024-06-01,530.3175048828125
1038465500,545.6300048828125,565.1599731445312,550.8099975585938,537.4500122070312,2024-07-01,536.7393188476562
1244599000,552.5700073242188,564.2000122070312,563.6799926757812,510.2699890136719,2024-08-01,549.2803955078125
1044988300,558.3499755859375,574.7100219726562,573.760009765625,539.4400024414062,2024-09-01,560.8178100585938
976068800,573.4000244140625,586.1199951171875,568.6400146484375,565.27001953125,2024-10-01,555.8132934570312
901760600,571.3200073242188,603.3499755859375,602.5499877929688,567.8900146484375,2024-11-01,588.9584350585938
1059516700,602.969970703125,609.0700073242188,586.0800170898438,580.9099731445312,2024-12-01,574.7880249023438
995501600,589.3900146484375,610.780029296875,601.8200073242188,575.3499755859375,2025-01-01,590.2246704101562
871641300,592.6699829101562,613.22998046875,594.1799926757812,582.4400024414062,2025-02-01,582.73193359375
1496591400,596.1799926757812,597.3400268554688,559.3900146484375,546.8699951171875,2025-03-01,550.2625732421875
2237015100,557.4500122070312,567.4199829101562,554.5399780273438,481.79998779296875,2025-04-01,545.49169921875
1402172600,560.3699951171875,595.5399780273438,589.3900146484375,556.0399780273438,2025-05-01,579.7730102539062
1495410200,587.760009765625,619.219970703125,617.8499755859375,585.0599975585938,2025-06-01,609.5653686523438
1479850800,616.3599853515625,639.8499755859375,632.0800170898438,615.52001953125,2025-07-01,623.6046142578125
1424047400,626.2999877929688,649.47998046875,645.0499877929688,619.2899780273438,2025-08-01,636.400634765625
1606348500,637.5,667.3400268554688,666.1799926757812,634.9199829101562,2025-09-01,659.0695190429688
1781815100,663.1699829101562,689.7000122070312,682.0599975585938,652.8400268554688,2025-10-01,674.7799682617188
1664668300,685.6699829101562,685.7999877929688,683.3900146484375,650.8499755859375,2025-11-01,676.0958251953125
1656188700,678.8099975585938,691.6599731445312,681.9199829101562,671.2000122070312,2025-12-01,676.635009765625
1600537800,685.7100219726562,697.8400268554688,691.969970703125,676.5700073242188,2026-01-01,686.6071166992188
1614970000,689.5800170898438,697.1400146484375,685.989990234375,675.780029296875,2026-02-01,680.6734619140625
2237624600,678.7000122070312,688.6199951171875,650.3400268554688,629.280029296875,2026-03-01,647.0621337890625
1196537500,653.9000244140625,719.7899780273438,718.6599731445312,645.1099853515625,2026-04-01,715.0377197265625
945132300,721.25,758.0800170898438,756.47998046875,714.989990234375,2026-05-01,752.6671142578125
1314920000,755.3599853515625,760.4000244140625,746.77001953125,716.5800170898438,2026-06-01,744.9202270507812
1064946100,745.0,755.5800170898438,747.030029296875,729.0999755859375,2026-07-01,745.1796264648438
833955700,749.4400024414062,779.3699951171875,767.0499877929688,748.7999877929688,2026-08-01,765.1499633789062
941127000,762.010009765625,775.1400146484375,762.6300048828125,749.5999755859375,2026-09-01,762.6300048828125
246278900,764.3599853515625,781.6199951171875,773.9299926757812,758.7899780273438,2026-10-01,773.9299926757812
11110294,776.239990234375,778.7000122070312,778.02001953125,775.1400146484375,2026-10-09,778.02001953125
