high,close,volume,open,low,date,adjclose
577.7100219726562,577.1400146484375,37912200,573.1599731445312,572.5499877929688,2024-10-09,564.12158203125
577.5800170898438,576.1300048828125,44138100,575.77001953125,574.489990234375,2024-10-10,563.13427734375
580.3300170898438,579.5800170898438,42268000,576.0499877929688,575.9099731445312,2024-10-11,566.5066528320312
585.27001953125,584.3200073242188,36217200,581.219970703125,580.72998046875,2024-10-14,571.1396484375
584.9000244140625,579.780029296875,54203600,584.5900268554688,578.5399780273438,2024-10-15,566.7020263671875
582.8300170898438,582.2999877929688,30725400,579.780029296875,578.9600219726562,2024-10-16,569.1651000976562
586.1199951171875,582.3499755859375,34393700,585.9099731445312,582.1599731445312,2024-10-17,569.2139892578125
585.3900146484375,584.5900268554688,37416800,584.0700073242188,582.5800170898438,2024-10-18,571.403564453125
584.8499755859375,583.6300048828125,36439000,583.8499755859375,580.5999755859375,2024-10-21,570.4651489257812
584.5,583.3200073242188,34183800,581.0499877929688,580.3800048828125,2024-10-22,570.1621704101562
581.7100219726562,577.989990234375,49314600,581.260009765625,574.4199829101562,2024-10-23,564.952392578125
580.0599975585938,579.239990234375,34979900,579.97998046875,576.5700073242188,2024-10-24,566.1742553710938
584.4600219726562,579.0399780273438,47268200,581.510009765625,578.0800170898438,2024-10-25,565.9785766601562
582.7100219726562,580.8300170898438,30174700,582.5800170898438,580.52001953125,2024-10-28,567.7283325195312
582.9099731445312,581.77001953125,42899700,579.8499755859375,578.4299926757812,2024-10-29,568.647216796875
583.3200073242188,580.010009765625,41435800,581.2899780273438,579.2899780273438,2024-10-30,566.9267578125
575.6300048828125,568.6400146484375,60182500,575.5599975585938,568.4400024414062,2024-10-31,555.8133544921875
575.5499877929688,571.0399780273438,45667500,571.3200073242188,570.6199951171875,2024-11-01,558.1591186523438
572.5,569.8099975585938,38217000,571.1799926757812,567.8900146484375,2024-11-04,556.9569091796875
576.739990234375,576.7000122070312,39478300,570.739990234375,570.52001953125,2024-11-05,563.69140625
591.9299926757812,591.0399780273438,68182000,589.2000122070312,585.3900146484375,2024-11-06,577.7079467773438
596.6500244140625,595.6099853515625,47233200,593.0800170898438,593.0,2024-11-07,582.1749267578125
599.6400146484375,598.1900024414062,46444900,596.1699829101562,596.1699829101562,2024-11-08,584.6967163085938
600.1699829101562,598.760009765625,37586800,599.8099975585938,597.0,2024-11-11,585.2538452148438
599.2899780273438,596.9000244140625,43006100,598.6799926757812,594.3699951171875,2024-11-12,583.4359741210938
599.22998046875,597.1900024414062,47388600,597.3699951171875,594.9600219726562,2024-11-13,583.7192993164062
597.8099975585938,593.3499755859375,38904100,597.3200073242188,592.6500244140625,2024-11-14,579.9660034179688
590.2000122070312,585.75,75988800,589.719970703125,583.8599853515625,2024-11-15,572.537353515625
589.489990234375,588.1500244140625,37001700,586.219970703125,585.3400268554688,2024-11-18,574.88330078125
591.0399780273438,590.2999877929688,49412000,584.7100219726562,584.030029296875,2024-11-19,576.9846801757812
590.7899780273438,590.5,50032600,590.3800048828125,584.6300048828125,2024-11-20,577.18017578125
595.1199951171875,593.6699829101562,46750300,593.4000244140625,587.4500122070312,2024-11-21,580.2787475585938
596.1500244140625,595.510009765625,38226400,593.6599731445312,593.1500244140625,2024-11-22,582.0772705078125
600.8599853515625,597.530029296875,42441400,599.52001953125,595.2000122070312,2024-11-25,584.0516967773438
601.3300170898438,600.6500244140625,45621300,598.7999877929688,598.0700073242188,2024-11-26,587.101318359375
600.8499755859375,598.8300170898438,34000200,600.4600219726562,597.280029296875,2024-11-27,585.3223266601562
603.3499755859375,602.5499877929688,30177400,599.6599731445312,599.3800048828125,2024-11-29,588.9583129882812
604.3200073242188,603.6300048828125,31746000,602.969970703125,602.469970703125,2024-12-02,590.0139770507812
604.1599731445312,603.9099731445312,26906600,603.3900146484375,602.3400268554688,2024-12-03,590.2877197265625
607.9099731445312,607.6599731445312,42787600,605.6300048828125,604.9500122070312,2024-12-04,593.9530639648438
608.47998046875,606.6599731445312,28762200,607.6599731445312,606.2999877929688,2024-12-05,592.9757080078125
609.0700073242188,607.8099975585938,31241500,607.4400024414062,607.02001953125,2024-12-06,594.0997924804688
607.8599853515625,604.6799926757812,34742700,607.6900024414062,604.0800170898438,2024-12-09,591.0403442382812
605.7999877929688,602.7999877929688,37234500,605.3699951171875,602.1300048828125,2024-12-10,589.2028198242188
608.4299926757812,607.4600219726562,28677700,605.780029296875,605.5,2024-12-11,593.7576293945312
607.1599731445312,604.3300170898438,31543800,606.5800170898438,604.3300170898438,2024-12-12,590.6983032226562
607.1300048828125,604.2100219726562,35904700,606.4000244140625,602.8099975585938,2024-12-13,590.5809936523438
607.780029296875,606.7899780273438,43695200,606.0,605.2100219726562,2024-12-16,593.1027221679688
605.1699829101562,604.2899780273438,55773500,604.1900024414062,602.8900146484375,2024-12-17,590.6591796875
606.4099731445312,586.280029296875,108248700,603.97998046875,585.8900146484375,2024-12-18,573.055419921875
593.0,586.0999755859375,85919500,591.3599853515625,585.8499755859375,2024-12-19,572.87939453125
595.75,591.1500244140625,125716700,581.77001953125,580.9099731445312,2024-12-20,579.7603149414062
595.2999877929688,594.6900024414062,57635800,590.8900146484375,587.6599731445312,2024-12-23,583.2320556640625
601.3400268554688,601.2999877929688,33160100,596.0599975585938,595.469970703125,2024-12-24,589.7147827148438
602.47998046875,601.3400268554688,41219100,599.5,598.0800170898438,2024-12-26,589.7539672851562
597.780029296875,595.010009765625,64969300,597.5399780273438,590.760009765625,2024-12-27,583.5459594726562
591.739990234375,588.219970703125,56578800,587.8900146484375,584.4099731445312,2024-12-30,576.88671875
590.6400146484375,586.0800170898438,57052700,589.9099731445312,584.4199829101562,2024-12-31,574.7880249023438
591.1300048828125,584.6400146484375,50204000,589.3900146484375,580.5,2025-01-02,573.375732421875
592.5999755859375,591.9500122070312,37888500,587.530029296875,586.4299926757812,2025-01-03,580.5448608398438
599.7000122070312,595.3599853515625,47679400,596.27001953125,593.5999755859375,2025-01-06,583.88916015625
597.75,588.6300048828125,60393100,597.4199829101562,586.780029296875,2025-01-07,577.2888793945312
590.5800170898438,589.489990234375,47304700,588.7000122070312,585.2000122070312,2025-01-08,578.1322631835938
585.9500122070312,580.489990234375,73105000,585.8800048828125,578.5499877929688,2025-01-10,569.3056030273438
581.75,581.3900146484375,47910100,575.77001953125,575.3499755859375,2025-01-13,570.1884155273438
585.0,582.1900024414062,48420600,584.3599853515625,578.3499755859375,2025-01-14,570.9730224609375
593.9400024414062,592.780029296875,56900200,590.3300170898438,589.2000122070312,2025-01-15,581.3588256835938
594.3499755859375,591.6400146484375,43319700,594.1699829101562,590.9299926757812,2025-01-16,580.2408447265625
599.3599853515625,597.5800170898438,58070600,596.9600219726562,595.6099853515625,2025-01-17,586.06640625
603.0599975585938,603.0499877929688,42532900,600.6699829101562,598.6699829101562,2025-01-21,591.4309692382812
607.8200073242188,606.4400024414062,48196000,605.9199829101562,605.3599853515625,2025-01-22,594.7556762695312
609.75,609.75,41152100,605.7999877929688,605.52001953125,2025-01-23,598.0018920898438
610.780029296875,607.969970703125,34604700,609.8099975585938,606.7999877929688,2025-01-24,596.2561645507812
599.6900024414062,599.3699951171875,70361100,594.8099975585938,594.6400146484375,2025-01-27,587.8218994140625
605.3699951171875,604.52001953125,44433300,600.6199951171875,597.25,2025-01-28,592.8727416992188
604.1300048828125,601.8099975585938,37177400,603.719970703125,599.219970703125,2025-01-29,590.2149047851562
606.5999755859375,605.0399780273438,39281300,603.9600219726562,600.719970703125,2025-01-30,593.3826904296875
609.9600219726562,601.8200073242188,66566900,607.5,601.0499877929688,2025-01-31,590.2247314453125
600.2899780273438,597.77001953125,65857200,592.6699829101562,590.489990234375,2025-02-03,586.2527465820312
602.2999877929688,601.780029296875,33457800,597.8300170898438,597.280029296875,2025-02-04,590.1854858398438
604.3699951171875,604.219970703125,30653100,600.6400146484375,598.5800170898438,2025-02-05,592.5784301757812
606.4500122070312,606.3200073242188,35771500,605.989990234375,602.6300048828125,2025-02-06,594.637939453125
608.1300048828125,600.77001953125,50788500,606.8900146484375,600.0499877929688,2025-02-07,589.1949462890625
605.5,604.8499755859375,26048700,604.030029296875,602.739990234375,2025-02-10,593.1962280273438
605.8599853515625,605.3099975585938,30056700,602.5499877929688,602.4299926757812,2025-02-11,593.6475219726562
604.5499877929688,603.3599853515625,45076100,599.2000122070312,598.510009765625,2025-02-12,591.7349853515625
609.9400024414062,609.72998046875,40921300,604.47998046875,603.2000122070312,2025-02-13,597.9822387695312
610.989990234375,609.7000122070312,26910400,609.9400024414062,609.0700073242188,2025-02-14,597.9529418945312
611.489990234375,611.489990234375,26749000,610.8800048828125,608.3800048828125,2025-02-18,599.7083129882812
613.22998046875,612.9299926757812,31011100,610.0800170898438,609.5599975585938,2025-02-19,601.12060546875
611.6799926757812,610.3800048828125,36554000,611.5399780273438,607.02001953125,2025-02-20,598.6197509765625
610.2999877929688,599.9400024414062,76519800,610.1599731445312,599.469970703125,2025-02-21,588.380859375
603.030029296875,597.2100219726562,50737200,602.02001953125,596.489990234375,2025-02-24,585.70361328125
597.8900146484375,594.239990234375,58266500,597.1500244140625,589.5599975585938,2025-02-25,582.7907104492188
599.5800170898438,594.5399780273438,43321600,595.9299926757812,591.8599853515625,2025-02-26,583.0849609375
598.02001953125,585.0499877929688,74196700,596.8499755859375,584.6500244140625,2025-02-27,573.7777099609375
594.719970703125,594.1799926757812,88744100,585.5599975585938,582.4400024414062,2025-02-28,582.73193359375
597.3400268554688,583.77001953125,74249200,596.1799926757812,579.9000244140625,2025-03-03,572.5224609375
585.3900146484375,576.8599853515625,109648200,579.7100219726562,572.25,2025-03-04,565.7456665039062
584.8800048828125,583.0599975585938,71230500,576.6900024414062,573.0800170898438,2025-03-05,571.8261108398438
580.1699829101562,572.7100219726562,80094900,575.47998046875,570.1199951171875,2025-03-06,561.6755981445312
577.3900146484375,575.9199829101562,81158800,570.9000244140625,565.6300048828125,2025-03-07,564.8236083984375
569.5399780273438,560.5800170898438,99326600,567.5900268554688,555.5900268554688,2025-03-10,549.7793579101562
564.02001953125,555.9199829101562,88102100,559.4000244140625,552.02001953125,2025-03-11,545.2090454101562
563.1099853515625,558.8699951171875,69588200,562.1699829101562,553.6900024414062,2025-03-12,548.1022338867188
559.1099853515625,551.4199829101562,74079400,558.489990234375,549.6799926757812,2025-03-13,540.7957763671875
563.8300170898438,562.8099975585938,62660300,556.1099853515625,551.489990234375,2025-03-14,551.9662475585938
569.7100219726562,567.1500244140625,49008700,562.7899780273438,562.3499755859375,2025-03-17,556.2227172851562
565.02001953125,561.02001953125,66041400,564.7999877929688,559.0599975585938,2025-03-18,550.2108154296875
570.9500122070312,567.1300048828125,66556000,562.8300170898438,561.6300048828125,2025-03-19,556.2030639648438
570.5700073242188,565.489990234375,62958200,563.3300170898438,562.5999755859375,2025-03-20,554.5947265625
564.8900146484375,563.97998046875,83763000,559.280029296875,558.030029296875,2025-03-21,554.7776489257812
575.1500244140625,574.0800170898438,58766800,570.7999877929688,570.2000122070312,2025-03-24,564.7128295898438
576.4099731445312,575.4600219726562,38355700,575.2999877929688,573.6900024414062,2025-03-25,566.0703735351562
576.3300170898438,568.5900268554688,51848300,575.1900024414062,567.1900024414062,2025-03-26,559.3124389648438
570.9000244140625,567.0800170898438,42164200,567.1799926757812,564.9400024414062,2025-03-27,557.8270874023438
566.27001953125,555.6599731445312,71662700,565.530029296875,555.0700073242188,2025-03-28,546.5933227539062
560.7100219726562,559.3900146484375,95328200,549.8300170898438,546.8699951171875,2025-03-31,550.2625732421875
562.9400024414062,560.969970703125,54609600,557.4500122070312,553.6799926757812,2025-04-01,551.8167114257812
567.4199829101562,564.52001953125,76014500,555.0499877929688,554.8099975585938,2025-04-02,555.3087768554688
547.969970703125,536.7000122070312,125986000,545.1099853515625,536.7000122070312,2025-04-03,527.9428100585938
525.8699951171875,505.2799987792969,217965100,523.6699829101562,505.05999755859375,2025-04-04,497.03546142578125
523.1699829101562,504.3800048828125,256611400,489.19000244140625,481.79998779296875,2025-04-07,496.1501770019531
524.97998046875,496.4800109863281,165816600,521.8599853515625,489.1600036621094,2025-04-08,488.3790283203125
548.6199951171875,548.6199951171875,241867300,493.44000244140625,493.04998779296875,2025-04-09,539.6683349609375
533.5,524.5800170898438,162331200,532.1699829101562,509.32000732421875,2025-04-10,516.0205078125
536.4299926757812,533.9400024414062,97866300,523.010009765625,520.0700073242188,2025-04-11,525.2278442382812
544.280029296875,539.1199951171875,68034000,544.0499877929688,533.8599853515625,2025-04-14,530.3232421875
543.22998046875,537.6099853515625,56892900,539.6699829101562,536.8099975585938,2025-04-15,528.837890625
537.8900146484375,525.6599731445312,83484800,531.6799926757812,520.2899780273438,2025-04-16,517.0828247070312
531.1699829101562,526.4099731445312,79868100,527.6400146484375,523.9099731445312,2025-04-17,517.8206787109375
521.7000122070312,513.8800048828125,69368100,521.1599731445312,508.4599914550781,2025-04-21,505.4951171875
529.2999877929688,527.25,75948100,520.1400146484375,519.1900024414062,2025-04-22,518.6469116210938
545.4299926757812,535.4199829101562,90590700,540.4299926757812,533.8800048828125,2025-04-23,526.6836547851562
547.4299926757812,546.6900024414062,64150400,536.719970703125,535.4500122070312,2025-04-24,537.769775390625
551.0499877929688,550.6400146484375,61119600,546.6500244140625,543.6900024414062,2025-04-25,541.6553344726562
553.5499877929688,550.8499755859375,47613800,551.3900146484375,545.02001953125,2025-04-28,541.8618774414062
555.4500122070312,554.3200073242188,47775100,548.9099731445312,548.5499877929688,2025-04-29,545.2752075195312
556.52001953125,554.5399780273438,93101500,547.5700073242188,541.52001953125,2025-04-30,545.49169921875
564.0700073242188,558.469970703125,63186100,560.3699951171875,557.8599853515625,2025-05-01,549.3574829101562
568.3800048828125,566.760009765625,60717300,564.72998046875,562.3800048828125,2025-05-02,557.51220703125
566.6500244140625,563.510009765625,38659200,562.5700073242188,561.7000122070312,2025-05-05,554.3153076171875
563.3499755859375,558.7999877929688,48264700,557.9299926757812,556.9600219726562,2025-05-06,549.68212890625
563.8200073242188,561.1500244140625,55588000,560.1500244140625,556.0399780273438,2025-05-07,551.9938354492188
570.3099975585938,565.0599975585938,65130800,565.239990234375,561.7000122070312,2025-05-08,555.8400268554688
567.5,564.3400268554688,37603400,566.47998046875,562.760009765625,2025-05-09,555.1318359375
583.0,582.989990234375,78993600,581.469970703125,577.0399780273438,2025-05-12,573.4774780273438
589.0800170898438,586.8400268554688,67947200,583.4099731445312,582.8400268554688,2025-05-13,577.2646484375
588.97998046875,587.5900268554688,66283500,587.8099975585938,585.5399780273438,2025-05-14,578.00244140625
590.969970703125,590.4600219726562,71268100,585.5599975585938,585.0999755859375,2025-05-15,580.8255004882812
594.5,594.2000122070312,76052100,591.25,589.280029296875,2025-05-16,584.504638671875
595.5399780273438,594.8499755859375,68168500,588.0999755859375,588.0999755859375,2025-05-19,585.1439208984375
594.0499877929688,592.8499755859375,60614500,593.0900268554688,589.5999755859375,2025-05-20,583.1765747070312
592.5800170898438,582.8599853515625,95197700,588.4400024414062,581.8200073242188,2025-05-21,573.3495483398438
586.6199951171875,583.0900268554688,70860400,582.6599731445312,581.4099731445312,2025-05-22,573.5758056640625
581.8099975585938,579.1099853515625,76029000,575.97998046875,575.5999755859375,2025-05-23,569.6607666015625
591.3099975585938,591.1500244140625,72588500,586.0700073242188,578.4299926757812,2025-05-27,581.5042724609375
592.77001953125,587.72998046875,68445500,591.5599975585938,586.989990234375,2025-05-28,578.1400756835938
593.2000122070312,590.0499877929688,69973300,593.0599975585938,586.0700073242188,2025-05-29,580.4223022460938
591.1300048828125,589.3900146484375,90601200,588.9299926757812,583.239990234375,2025-05-30,579.7730102539062
592.7899780273438,592.7100219726562,61630500,587.760009765625,585.0599975585938,2025-06-02,583.0389404296875
597.0800170898438,596.0900268554688,63606200,592.3400268554688,591.8499755859375,2025-06-03,586.3637084960938
597.9500122070312,595.9299926757812,57314200,596.9600219726562,595.489990234375,2025-06-04,586.2063598632812
599.0,593.0499877929688,92278700,597.6300048828125,591.0499877929688,2025-06-05,583.3733520507812
600.8300170898438,599.1400146484375,66588700,598.6599731445312,596.8599853515625,2025-06-06,589.364013671875
601.25,599.6799926757812,53016400,599.719970703125,598.489990234375,2025-06-09,589.8951416015625
603.469970703125,603.0800170898438,66247000,600.219970703125,599.0900268554688,2025-06-10,593.2396240234375
605.0599975585938,601.3599853515625,73658200,604.1900024414062,599.27001953125,2025-06-11,591.5477294921875
603.75,603.75,64129000,600.010009765625,599.52001953125,2025-06-12,593.898681640625
601.8499755859375,597.0,89506000,598.5,595.47998046875,2025-06-13,587.2589111328125
604.4500122070312,602.6799926757812,79984100,600.4000244140625,600.219970703125,2025-06-16,592.84619140625
601.75,597.530029296875,82209400,600.2100219726562,596.760009765625,2025-06-17,587.7802734375
601.219970703125,597.4400024414062,76605000,598.4400024414062,596.469970703125,2025-06-18,587.6917114257812
599.4600219726562,594.280029296875,94051400,598.3800048828125,592.8599853515625,2025-06-20,586.3114624023438
600.5399780273438,600.1500244140625,87426000,595.0399780273438,591.8900146484375,2025-06-23,592.1027221679688
607.8499755859375,606.780029296875,67735300,604.3300170898438,603.4099731445312,2025-06-24,598.6439208984375
608.6099853515625,607.1199951171875,62114800,607.9099731445312,605.5399780273438,2025-06-25,598.9793090820312
612.3099975585938,611.8699951171875,78548400,608.989990234375,608.3699951171875,2025-06-26,603.6655883789062
616.3900146484375,614.9099731445312,86258400,612.8800048828125,610.8300170898438,2025-06-27,606.664794921875
619.219970703125,617.8499755859375,92502500,617.3800048828125,615.0399780273438,2025-06-30,609.5653686523438
618.8300170898438,617.6500244140625,70030100,616.3599853515625,615.52001953125,2025-07-01,609.3681640625
620.489990234375,620.4500122070312,66510400,617.239990234375,616.6099853515625,2025-07-02,612.1305541992188
626.280029296875,625.3400268554688,51065800,622.4500122070312,622.4299926757812,2025-07-03,616.9549560546875
624.030029296875,620.6799926757812,74814500,623.3599853515625,617.8699951171875,2025-07-07,612.357421875
622.1099853515625,620.3400268554688,59024600,621.3499755859375,619.52001953125,2025-07-08,612.0220336914062
624.719970703125,624.0599975585938,66113300,622.77001953125,620.9099731445312,2025-07-09,615.692138671875
626.8699951171875,625.8200073242188,57529000,624.2000122070312,623.010009765625,2025-07-10,617.4285888671875
624.8599853515625,623.6199951171875,63670200,622.739990234375,621.530029296875,2025-07-11,615.2579956054688
625.1599731445312,624.8099975585938,51898500,623.1599731445312,621.7999877929688,2025-07-14,616.4320678710938
627.8599853515625,622.1400146484375,74317300,627.52001953125,622.0599975585938,2025-07-15,613.7979125976562
624.72998046875,624.219970703125,88987500,623.739990234375,618.0499877929688,2025-07-16,615.8499755859375
628.4000244140625,628.0399780273438,68885700,624.4000244140625,624.1799926757812,2025-07-17,619.6187133789062
629.469970703125,627.5800170898438,65621600,629.2999877929688,626.4600219726562,2025-07-18,619.1649780273438
631.5399780273438,628.77001953125,63375000,628.77001953125,628.3400268554688,2025-07-21,620.3389892578125
629.72998046875,628.8599853515625,60046300,629.0999755859375,626.1900024414062,2025-07-22,620.4277954101562
634.2100219726562,634.2100219726562,70511000,631.5499877929688,629.72998046875,2025-07-23,625.7059936523438
636.1500244140625,634.4199829101562,71307100,634.5999755859375,633.989990234375,2025-07-24,625.9132690429688
637.5800170898438,637.0999755859375,56865400,635.0900268554688,634.8400268554688,2025-07-25,628.5572509765625
638.0399780273438,636.9400024414062,54917100,637.47998046875,635.5399780273438,2025-07-28,628.3993530273438
638.6699829101562,635.260009765625,60556300,638.3499755859375,634.3400268554688,2025-07-29,626.741943359375
637.6799926757812,634.4600219726562,80418900,635.9199829101562,631.5399780273438,2025-07-30,625.9526977539062
639.8499755859375,632.0800170898438,103385200,639.4600219726562,630.77001953125,2025-07-31,623.6045532226562
626.3400268554688,621.719970703125,140103600,626.2999877929688,619.2899780273438,2025-08-01,613.3834228515625
631.219970703125,631.1699829101562,73218000,625.6699829101562,625.5800170898438,2025-08-04,622.7067260742188
632.6099853515625,627.969970703125,68051400,631.7899780273438,627.0399780273438,2025-08-05,619.5496826171875
633.4400024414062,632.780029296875,64357500,629.0499877929688,628.1300048828125,2025-08-06,624.2952270507812
636.97998046875,632.25,74205800,636.239990234375,629.1099853515625,2025-08-07,623.7723388671875
637.6500244140625,637.1799926757812,64051600,634.0599975585938,633.739990234375,2025-08-08,628.63623046875
638.9500122070312,635.9199829101562,58742300,637.4600219726562,634.6599731445312,2025-08-11,627.3930053710938
642.8499755859375,642.6900024414062,64730800,638.2899780273438,636.7899780273438,2025-08-12,634.0723266601562
646.1900024414062,644.8900146484375,60092800,644.9099731445312,642.6799926757812,2025-08-13,636.2427978515625
645.6199951171875,644.9500122070312,59327500,642.7899780273438,642.3400268554688,2025-08-14,636.3020629882812
646.0900268554688,643.4400024414062,68592500,645.989990234375,642.52001953125,2025-08-15,634.812255859375
644.0,643.2999877929688,43804900,642.8599853515625,642.1799926757812,2025-08-18,634.6741333007812
644.1099853515625,639.8099975585938,69750700,643.1199951171875,638.47998046875,2025-08-19,631.23095703125
639.6599731445312,638.1099853515625,88890300,639.4000244140625,632.9500122070312,2025-08-20,629.5537109375
637.969970703125,635.5499877929688,54805800,636.280029296875,633.8099975585938,2025-08-21,627.028076171875
646.5,645.3099975585938,84083200,637.760009765625,637.25,2025-08-22,636.6571655273438
645.2899780273438,642.469970703125,51274300,644.0399780273438,642.3499755859375,2025-08-25,633.855224609375
645.510009765625,645.1599731445312,51581600,642.2000122070312,641.5700073242188,2025-08-26,636.5091552734375
647.3699951171875,646.6300048828125,48341100,644.5700073242188,644.4199829101562,2025-08-27,637.95947265625
649.47998046875,648.9199829101562,61519500,647.239990234375,645.3400268554688,2025-08-28,640.21875
647.8400268554688,645.0499877929688,74522200,647.469970703125,643.1400146484375,2025-08-29,636.4006958007812
640.489990234375,640.27001953125,81983500,637.5,634.9199829101562,2025-09-02,631.6847534179688
644.2100219726562,643.739990234375,70820900,642.6699829101562,640.4600219726562,2025-09-03,635.1082153320312
649.1500244140625,649.1199951171875,65219200,644.4199829101562,643.510009765625,2025-09-04,640.4160766601562
652.2100219726562,647.239990234375,85178900,651.47998046875,643.3300170898438,2025-09-05,638.561279296875
649.8400268554688,648.8300170898438,63133100,648.6199951171875,647.22998046875,2025-09-08,640.1300659179688
650.8599853515625,650.3300170898438,66133900,648.969970703125,647.219970703125,2025-09-09,641.6099243164062
654.5499877929688,652.2100219726562,78034500,653.6199951171875,650.6300048828125,2025-09-10,643.4647216796875
658.3300170898438,657.6300048828125,69934400,654.1799926757812,653.5900268554688,2025-09-11,648.8119506835938
659.1099853515625,657.4099731445312,72780100,657.5999755859375,656.9000244140625,2025-09-12,648.5949096679688
661.0399780273438,660.9099731445312,63772400,659.6400146484375,659.3400268554688,2025-09-15,652.0479736328125
661.780029296875,660.0,61169000,661.469970703125,659.2100219726562,2025-09-16,651.1502075195312
661.719970703125,659.1799926757812,101952200,660.010009765625,654.2999877929688,2025-09-17,650.3412475585938
664.8900146484375,662.260009765625,90459200,661.8900146484375,660.27001953125,2025-09-18,653.3798828125
664.5499877929688,663.7000122070312,97945600,662.3300170898438,660.3699951171875,2025-09-19,656.6160278320312
667.2899780273438,666.8400268554688,69452200,662.2000122070312,662.1699829101562,2025-09-22,659.7225952148438
667.3400268554688,663.2100219726562,81708900,666.719970703125,661.97998046875,2025-09-23,656.1312255859375
664.6099853515625,661.0999755859375,68082200,664.510009765625,659.6699829101562,2025-09-24,654.043701171875
659.4099731445312,658.0499877929688,89622100,657.9400024414062,654.4099731445312,2025-09-25,651.0263061523438
662.3699951171875,661.8200073242188,69179200,659.510009765625,657.8800048828125,2025-09-26,654.7560424804688
665.280029296875,663.6799926757812,73499000,664.3599853515625,661.8599853515625,2025-09-29,656.59619140625
666.6500244140625,666.1799926757812,86288000,662.9299926757812,661.6099853515625,2025-09-30,659.0694580078125
669.3699951171875,668.4500122070312,72545400,663.1699829101562,663.0599975585938,2025-10-01,661.3153076171875
670.5700073242188,669.219970703125,56896000,670.4500122070312,666.780029296875,2025-10-02,662.0770263671875
672.6799926757812,669.2100219726562,70494400,669.989990234375,668.1599731445312,2025-10-03,662.0671997070312
672.510009765625,671.6099853515625,54623300,671.6199951171875,669.4600219726562,2025-10-06,664.4415283203125
672.989990234375,669.1199951171875,72020100,672.5399780273438,667.6699829101562,2025-10-07,661.9781494140625
673.2100219726562,673.1099853515625,60702200,670.25,669.4199829101562,2025-10-08,665.925537109375
673.9400024414062,671.1599731445312,66501900,673.530029296875,669.2100219726562,2025-10-09,663.9963989257812
673.9500122070312,653.02001953125,159422600,672.1300048828125,652.8400268554688,2025-10-10,646.0499877929688
665.1300048828125,663.0399780273438,79560500,660.6500244140625,659.77001953125,2025-10-13,655.9630126953125
665.8300170898438,662.22998046875,88779600,657.1699829101562,653.1699829101562,2025-10-14,655.1616821289062
670.22998046875,665.1699829101562,81702600,666.8200073242188,658.9299926757812,2025-10-15,658.0703125
668.7100219726562,660.6400146484375,110563300,666.8200073242188,657.1099853515625,2025-10-16,653.5886840820312
665.760009765625,664.3900146484375,96500900,659.5,658.1400146484375,2025-10-17,657.2986450195312
672.2100219726562,671.2999877929688,60493400,667.3200073242188,667.27001953125,2025-10-20,664.1348876953125
672.989990234375,671.2899780273438,56249000,671.4400024414062,669.97998046875,2025-10-21,664.1249389648438
672.0,667.7999877929688,80564000,672.0,663.2999877929688,2025-10-22,660.6722412109375
672.7100219726562,671.760009765625,65604500,668.1199951171875,667.7999877929688,2025-10-23,664.5899658203125
678.469970703125,677.25,74356500,676.4600219726562,675.6500244140625,2025-10-24,670.0213012695312
685.5399780273438,685.239990234375,63339800,682.72998046875,682.1199951171875,2025-10-27,677.9260864257812
688.9099731445312,687.0599975585938,61738100,687.0499877929688,684.8300170898438,2025-10-28,679.7266235351562
689.7000122070312,687.3900146484375,85657100,688.719970703125,682.8699951171875,2025-10-29,680.0531005859375
685.9400024414062,679.8300170898438,76335800,683.9000244140625,679.8300170898438,2025-10-30,672.5739135742188
685.0800170898438,682.0599975585938,87164100,685.0399780273438,679.239990234375,2025-10-31,674.780029296875
685.7999877929688,683.3400268554688,57315000,685.6699829101562,679.9400024414062,2025-11-03,676.04638671875
679.9600219726562,675.239990234375,78427000,676.1099853515625,674.5800170898438,2025-11-04,668.0327758789062
680.8599853515625,677.5800170898438,74402400,674.97998046875,674.1699829101562,2025-11-05,670.3478393554688
677.3800048828125,670.3099975585938,85035300,676.469970703125,668.719970703125,2025-11-06,663.1554565429688
671.0800170898438,670.969970703125,100592400,667.9099731445312,661.2100219726562,2025-11-07,663.808349609375
682.1799926757812,681.4400024414062,75842900,677.239990234375,675.030029296875,2025-11-10,674.1666259765625
683.5700073242188,683.0,58953400,679.9500122070312,678.72998046875,2025-11-11,675.7099609375
684.9600219726562,683.3800048828125,62312500,684.7899780273438,680.9500122070312,2025-11-12,676.0859375
680.8599853515625,672.0399780273438,103457800,680.5,670.52001953125,2025-11-13,664.8670043945312
675.6599731445312,671.9299926757812,96846700,665.3800048828125,663.27001953125,2025-11-14,664.7581176757812
673.7100219726562,665.6699829101562,90456100,669.7000122070312,662.1699829101562,2025-11-17,658.56494140625
665.1199951171875,660.0800170898438,114467500,662.0999755859375,655.8599853515625,2025-11-18,653.03466796875
667.3400268554688,662.6300048828125,94703000,660.780029296875,658.75,2025-11-19,655.557373046875
675.5599975585938,652.530029296875,165293500,672.9099731445312,651.8900146484375,2025-11-20,645.5652465820312
664.5499877929688,659.030029296875,123956200,655.0499877929688,650.8499755859375,2025-11-21,651.995849609375
670.0599975585938,668.72998046875,80437900,662.6900024414062,661.5900268554688,2025-11-24,661.59228515625
676.2100219726562,675.02001953125,81077100,668.6300048828125,664.47998046875,2025-11-25,667.8151245117188
681.7000122070312,679.6799926757812,71879600,677.6300048828125,676.719970703125,2025-11-26,672.4254150390625
683.6699829101562,683.3900146484375,49212000,680.8599853515625,680.5,2025-11-28,676.0958862304688
682.989990234375,680.27001953125,61201200,678.8099975585938,678.739990234375,2025-12-01,673.0091552734375
683.8200073242188,681.530029296875,62953800,681.9199829101562,679.3300170898438,2025-12-02,674.2556762695312
684.9099731445312,683.8900146484375,57238500,680.5700073242188,679.6900024414062,2025-12-03,676.5905151367188
685.3699951171875,684.3900146484375,61970300,685.2999877929688,681.3400268554688,2025-12-04,677.0851440429688
688.3900146484375,685.6900024414062,79241000,685.469970703125,684.5800170898438,2025-12-05,678.3712768554688
686.6400146484375,683.6300048828125,55231500,686.5900268554688,681.5700073242188,2025-12-08,676.3333129882812
685.3900146484375,683.0399780273438,58310100,683.1500244140625,682.5900268554688,2025-12-09,675.7495727539062
688.969970703125,687.5700073242188,85671300,682.5599975585938,681.3099975585938,2025-12-10,680.231201171875
689.25,689.1699829101562,86173700,685.1400146484375,682.1699829101562,2025-12-11,681.8141479492188
688.8800048828125,681.760009765625,113160300,688.1699829101562,679.1699829101562,2025-12-12,674.4832763671875
685.760009765625,680.72998046875,90811000,685.739990234375,679.25,2025-12-15,673.4641723632812
681.0800170898438,678.8699951171875,122030600,679.22998046875,674.97998046875,2025-12-16,671.6240844726562
680.4400024414062,671.4000244140625,110625200,679.8900146484375,671.2000122070312,2025-12-17,664.2338256835938
680.739990234375,676.469970703125,108650100,677.5999755859375,674.9000244140625,2025-12-18,669.2496948242188
681.0900268554688,680.5900268554688,103599500,676.5900268554688,676.469970703125,2025-12-19,675.3153686523438
685.3599853515625,684.8300170898438,69556700,683.9400024414062,680.5900268554688,2025-12-22,679.5224609375
688.2000122070312,687.9600219726562,64840000,683.9199829101562,683.8699951171875,2025-12-23,682.6282348632812
690.8300170898438,690.3800048828125,39445600,687.9500122070312,687.7999877929688,2025-12-24,685.0294799804688
691.6599731445312,690.3099975585938,41613300,690.6400146484375,689.27001953125,2025-12-26,684.9600219726562
689.2000122070312,687.8499755859375,62559500,687.5399780273438,686.0700073242188,2025-12-29,682.51904296875
688.5599975585938,687.010009765625,47160700,687.4500122070312,686.5800170898438,2025-12-30,681.685546875
687.3599853515625,681.9199829101562,74144800,687.1400146484375,681.7100219726562,2025-12-31,676.635009765625
686.8699951171875,683.1699829101562,89377200,685.7100219726562,679.8200073242188,2026-01-02,677.8753051757812
689.4299926757812,687.719970703125,71927200,686.5399780273438,686.3800048828125,2026-01-05,682.3900756835938
692.3200073242188,691.8099975585938,69273800,687.9299926757812,687.780029296875,2026-01-06,686.4483642578125
693.9600219726562,689.5800170898438,75588300,692.1900024414062,689.3200073242188,2026-01-07,684.2356567382812
690.6199951171875,689.510009765625,64019200,688.8200073242188,687.489990234375,2026-01-08,684.1661987304688
695.3099975585938,694.0700073242188,80125500,690.6300048828125,689.1799926757812,2026-01-09,688.6908569335938
696.0900268554688,695.1599731445312,63976000,690.6799926757812,690.6300048828125,2026-01-12,689.7723388671875
696.0900268554688,693.77001953125,78309700,695.489990234375,691.3499755859375,2026-01-13,688.3931884765625
691.719970703125,690.3599853515625,94676700,691.0,686.0399780273438,2026-01-14,685.009521484375
695.4500122070312,692.239990234375,77862000,694.5700073242188,691.25,2026-01-15,686.875
694.25,691.6599731445312,79289200,693.6599731445312,690.0999755859375,2026-01-16,686.299560546875
684.77001953125,677.5800170898438,111623300,681.489990234375,676.5700073242188,2026-01-20,672.3286743164062
688.739990234375,685.4000244140625,127844500,679.6500244140625,678.1300048828125,2026-01-21,680.0880737304688
691.1300048828125,688.97998046875,77112200,689.8499755859375,686.9199829101562,2026-01-22,683.6403198242188
690.9600219726562,689.22998046875,63059600,688.1500244140625,687.1599731445312,2026-01-23,683.8883056640625
694.1300048828125,692.72998046875,60473800,690.489990234375,689.9199829101562,2026-01-26,687.3612060546875
696.530029296875,695.489990234375,55506100,694.1799926757812,693.5700073242188,2026-01-27,690.099853515625
697.8400268554688,695.4199829101562,61172200,697.0499877929688,693.9400024414062,2026-01-28,690.0303955078125
697.0599975585938,694.0399780273438,97486200,696.3900146484375,684.8300170898438,2026-01-29,688.6610717773438
694.2100219726562,691.969970703125,101835100,691.7899780273438,687.1199951171875,2026-01-30,686.6071166992188
696.9299926757812,695.4099731445312,79286500,689.5800170898438,689.4199829101562,2026-02-02,690.0204467773438
696.9600219726562,689.530029296875,107904600,696.2100219726562,684.030029296875,2026-02-03,684.18603515625
691.4500122070312,686.1900024414062,105204600,690.3499755859375,681.760009765625,2026-02-04,680.8718872070312
683.6900024414062,677.6199951171875,113610800,680.9400024414062,675.7899780273438,2026-02-05,672.3683471679688
692.3099975585938,690.6199951171875,89127600,681.4600219726562,680.8499755859375,2026-02-06,685.267578125
695.8699951171875,693.9500122070312,73885200,689.4199829101562,688.3400268554688,2026-02-09,688.57177734375
696.5399780273438,692.1199951171875,65185700,694.9500122070312,691.6599731445312,2026-02-10,686.7559204101562
697.1400146484375,691.9600219726562,76353900,696.3900146484375,689.1799926757812,2026-02-11,686.5972290039062
695.3499755859375,681.27001953125,118829000,694.239990234375,680.3699951171875,2026-02-12,675.9900512695312
686.280029296875,681.75,96267500,681.6900024414062,677.52001953125,2026-02-13,676.4663696289062
684.9400024414062,682.8499755859375,81354700,680.1400146484375,675.780029296875,2026-02-17,677.5578002929688
689.1500244140625,686.2899780273438,73570300,684.02001953125,682.8300170898438,2026-02-18,680.9711303710938
686.1799926757812,684.47998046875,58649400,683.8400268554688,681.5499877929688,2026-02-19,679.1751098632812
690.0599975585938,689.4299926757812,100034000,682.3200073242188,681.72998046875,2026-02-20,684.0868530273438
690.0,682.3900146484375,90558100,687.8300170898438,680.3699951171875,2026-02-23,677.1013793945312
688.3499755859375,687.3499755859375,73798700,681.9000244140625,680.0,2026-02-24,682.0228881835938
693.6799926757812,693.1500244140625,56369500,690.1799926757812,690.0999755859375,2026-02-25,687.7779541015625
693.2999877929688,689.2999877929688,71671000,693.280029296875,684.3499755859375,2026-02-26,683.957763671875
686.8599853515625,685.989990234375,83308900,683.0900268554688,681.6400146484375,2026-02-27,680.6734008789062
688.6199951171875,686.3800048828125,87477200,678.7000122070312,678.02001953125,2026-03-02,681.0604858398438
682.6099853515625,680.3300170898438,105003100,675.0599975585938,669.6599731445312,2026-03-03,675.057373046875
687.0900268554688,685.1300048828125,79182200,681.6300048828125,679.6199951171875,2026-03-04,679.8201904296875
685.530029296875,681.3099975585938,106606500,682.0800170898438,675.6099853515625,2026-03-05,676.0297241210938
676.1099853515625,672.3800048828125,100687000,673.4099731445312,669.760009765625,2026-03-06,667.1689453125
679.9199829101562,678.27001953125,102667700,666.3900146484375,662.3900146484375,2026-03-09,673.0133056640625
683.3599853515625,677.1799926757812,81505300,677.719970703125,674.760009765625,2026-03-10,671.9317016601562
680.0800170898438,676.3300170898438,68441700,677.5800170898438,673.3400268554688,2026-03-11,671.0883178710938
671.6500244140625,666.0599975585938,108882200,671.1599731445312,665.8699951171875,2026-03-12,660.8978881835938
672.3400268554688,662.2899780273438,97200200,669.27001953125,661.3599853515625,2026-03-13,657.1571655273438
672.0700073242188,669.030029296875,82023100,668.3800048828125,667.1199951171875,2026-03-16,663.8449096679688
674.4400024414062,670.7899780273438,87128000,672.3900146484375,669.7000122070312,2026-03-17,665.5912475585938
669.719970703125,661.4299926757812,82062600,668.3599853515625,661.1900024414062,2026-03-18,656.3038330078125
662.97998046875,659.7999877929688,111272500,656.969970703125,655.1699829101562,2026-03-19,654.6864013671875
656.6900024414062,648.5700073242188,163617500,656.510009765625,644.719970703125,2026-03-20,645.301025390625
662.6199951171875,655.3800048828125,134802700,658.0700073242188,653.9400024414062,2026-03-23,652.07666015625
657.030029296875,653.1799926757812,96457500,651.3200073242188,649.8800048828125,2026-03-24,649.8877563476562
660.8900146484375,656.8200073242188,90653800,658.6699829101562,654.239990234375,2026-03-25,653.5093994140625
654.8499755859375,645.0900268554688,96494400,652.0599975585938,644.8200073242188,2026-03-26,641.8385620117188
642.6599731445312,634.0900268554688,103649400,642.5,633.1099853515625,2026-03-27,630.8939819335938
640.3699951171875,631.969970703125,99275900,640.1099853515625,629.280029296875,2026-03-30,628.78466796875
651.5399780273438,650.3400268554688,152534100,638.9400024414062,637.97998046875,2026-03-31,647.0620727539062
658.52001953125,655.239990234375,97841500,653.9000244140625,653.0,2026-04-01,651.9373779296875
658.2000122070312,655.8300170898438,68358700,646.4199829101562,645.1099853515625,2026-04-02,652.5244140625
659.719970703125,658.9299926757812,39105800,655.8599853515625,655.52001953125,2026-04-06,655.6088256835938
659.6099853515625,659.219970703125,69980400,656.6500244140625,651.0599975585938,2026-04-07,655.8972778320312
677.0800170898438,676.010009765625,93606100,676.3900146484375,671.4600219726562,2026-04-08,672.6027221679688
681.1599731445312,679.9099731445312,57134400,674.8400268554688,673.77001953125,2026-04-09,676.4829711914062
682.030029296875,679.4600219726562,42253500,681.3200073242188,678.4500122070312,2026-04-10,676.0353393554688
686.2999877929688,686.0999755859375,54185800,677.4099731445312,676.5800170898438,2026-04-13,682.641845703125
694.5800170898438,694.4600219726562,63480500,687.6900024414062,687.6599731445312,2026-04-14,690.959716796875
700.280029296875,699.9400024414062,58240400,695.260009765625,694.2000122070312,2026-04-15,696.412109375
702.780029296875,701.6599731445312,49972400,701.0599975585938,698.530029296875,2026-04-16,698.1234130859375
712.3900146484375,710.1400146484375,70661900,706.1400146484375,705.760009765625,2026-04-17,706.5607299804688
709.9099731445312,708.719970703125,43546800,708.780029296875,706.1400146484375,2026-04-20,705.1477661132812
711.280029296875,704.0800170898438,58941400,710.280029296875,702.6400146484375,2026-04-21,700.53125
711.4500122070312,711.2100219726562,42518500,709.1500244140625,708.219970703125,2026-04-22,707.6253051757812
712.3599853515625,708.4500122070312,56174000,709.5,702.280029296875,2026-04-23,704.8792114257812
714.469970703125,713.9400024414062,45182000,710.75,709.010009765625,2026-04-24,710.341552734375
715.6300048828125,715.1699829101562,33135900,713.1699829101562,712.2999877929688,2026-04-27,711.5653076171875
712.8800048828125,711.6900024414062,43117400,711.8200073242188,709.25,2026-04-28,708.1028442382812
712.2000122070312,711.5800170898438,41859200,711.0,708.3699951171875,2026-04-29,707.993408203125
719.7899780273438,718.6599731445312,67240900,714.6300048828125,710.4500122070312,2026-04-30,715.0377197265625
724.8699951171875,720.6500244140625,43049800,721.25,720.469970703125,2026-05-01,717.0177001953125
722.1199951171875,718.010009765625,51950600,720.0700073242188,714.989990234375,2026-05-04,714.3909912109375
725.0399780273438,723.77001953125,36933200,721.77001953125,721.489990234375,2026-05-05,720.1220092773438
734.5900268554688,733.8300170898438,53288900,728.1599731445312,727.8200073242188,2026-05-06,730.1312866210938
736.1300048828125,731.5800170898438,51724600,735.0499877929688,729.75,2026-05-07,727.8926391601562
738.0800170898438,737.6199951171875,47227100,734.9299926757812,734.5700073242188,2026-05-08,733.9021606445312
740.7899780273438,739.2999877929688,44024000,736.4500122070312,736.4500122070312,2026-05-11,735.5736694335938
738.8400268554688,738.1799926757812,54185300,736.8900146484375,731.8300170898438,2026-05-12,734.4593505859375
743.9099731445312,742.3099975585938,44200200,738.469970703125,735.469970703125,2026-05-13,738.5685424804688
749.530029296875,748.1699829101562,45307600,743.6500244140625,743.5599975585938,2026-05-14,744.3989868164062
743.4600219726562,739.1699829101562,60410800,741.7899780273438,737.9600219726562,2026-05-15,735.4443969726562
741.4199829101562,738.6500244140625,47843900,739.8300170898438,733.3900146484375,2026-05-18,734.927001953125
737.6500244140625,733.72998046875,54255900,734.780029296875,731.530029296875,2026-05-19,730.0317993164062
741.8699951171875,741.25,45768000,735.7100219726562,733.8900146484375,2026-05-20,737.5138549804688
744.8699951171875,742.719970703125,43332200,738.6400146484375,737.030029296875,2026-05-21,738.9764404296875
748.9400024414062,745.6400146484375,41762000,746.239990234375,744.47998046875,2026-05-22,741.8817749023438
752.1300048828125,750.5900268554688,41123600,750.010009765625,748.3699951171875,2026-05-26,746.8068237304688
751.3800048828125,750.4600219726562,42106300,750.8800048828125,748.219970703125,2026-05-27,746.677490234375
755.1500244140625,754.5999755859375,41562600,750.25,749.22998046875,2026-05-28,750.7965698242188
758.0800170898438,756.47998046875,55075700,755.9000244140625,754.6900024414062,2026-05-29,752.6671142578125
760.280029296875,758.5399780273438,43634900,755.3599853515625,754.6900024414062,2026-06-01,754.7167358398438
760.4000244140625,759.5700073242188,31581900,757.030029296875,756.75,2026-06-02,755.7415771484375
758.7999877929688,754.239990234375,51402500,758.1500244140625,753.5700073242188,2026-06-03,750.4384155273438
758.3099975585938,757.0900268554688,49923000,752.0999755859375,751.469970703125,2026-06-04,753.2740478515625
752.8200073242188,737.5499877929688,93989400,752.3099975585938,735.530029296875,2026-06-05,733.83251953125
745.3400268554688,739.219970703125,49319100,743.3599853515625,738.1900024414062,2026-06-08,735.4940795898438
746.9000244140625,737.0499877929688,87683500,743.6300048828125,722.5900268554688,2026-06-09,733.3350219726562
738.3800048828125,725.4299926757812,60341300,733.3900146484375,725.3300170898438,2026-06-10,721.7736206054688
740.0,737.760009765625,86330500,728.760009765625,724.4099731445312,2026-06-11,734.04150390625
744.4400024414062,741.75,57079500,740.7100219726562,735.030029296875,2026-06-12,738.0113525390625
756.6799926757812,754.8300170898438,60176400,751.8499755859375,751.760009765625,2026-06-15,751.0254516601562
755.4400024414062,750.3300170898438,67093100,754.5499877929688,749.8800048828125,2026-06-16,746.5481567382812
752.1500244140625,740.9600219726562,85945200,751.2899780273438,739.219970703125,2026-06-17,737.225341796875
748.22998046875,746.739990234375,80875700,747.760009765625,743.8599853515625,2026-06-18,744.8902587890625
750.1799926757812,744.3900146484375,46628100,747.7000122070312,743.1300048828125,2026-06-22,742.546142578125
739.6300048828125,733.5800170898438,66846800,733.8099975585938,732.2999877929688,2026-06-23,731.7628784179688
739.9500122070312,733.239990234375,57439500,735.1699829101562,730.8400268554688,2026-06-24,731.4237060546875
739.3699951171875,734.2999877929688,53934400,738.9099731445312,729.5999755859375,2026-06-25,732.4810791015625
736.530029296875,728.989990234375,71034000,728.9500122070312,716.5800170898438,2026-06-26,727.1842651367188
741.5599975585938,741.0,58035200,736.530029296875,732.0900268554688,2026-06-29,739.1644897460938
748.02001953125,746.77001953125,55626000,741.2899780273438,740.8900146484375,2026-06-30,744.9202270507812
749.4400024414062,745.760009765625,47100900,745.0,742.3800048828125,2026-07-01,743.9127197265625
751.3099975585938,744.780029296875,57447800,747.4000244140625,740.030029296875,2026-07-02,742.9351806640625
752.4099731445312,751.280029296875,50673300,748.739990234375,747.4099731445312,2026-07-06,749.4190673828125
750.9600219726562,747.7100219726562,43721500,750.219970703125,745.2100219726562,2026-07-07,745.85791015625
746.1500244140625,745.4000244140625,43767400,743.1599731445312,739.510009765625,2026-07-08,743.5536499023438
751.969970703125,751.7100219726562,41441700,747.3499755859375,745.5900268554688,2026-07-09,749.8480224609375
755.4199829101562,754.9500122070312,42191300,752.0499877929688,748.0999755859375,2026-07-10,753.0799560546875
753.9099731445312,749.1699829101562,44013600,752.469970703125,748.0,2026-07-13,747.3142700195312
753.3400268554688,751.8300170898438,35143100,750.9099731445312,748.6599731445312,2026-07-14,749.9677124023438
755.5800170898438,754.8099975585938,43844800,754.239990234375,750.2000122070312,2026-07-15,752.9403076171875
754.5700073242188,750.719970703125,46409800,752.760009765625,747.8800048828125,2026-07-16,748.8604125976562
747.2899780273438,743.2899780273438,62651000,742.0800170898438,740.7999877929688,2026-07-17,741.4487915039062
748.72998046875,742.0900268554688,50422300,747.0599975585938,741.510009765625,2026-07-20,740.2518310546875
749.0399780273438,748.280029296875,34324300,746.2899780273438,744.1799926757812,2026-07-21,746.426513671875
750.02001953125,747.4099731445312,32836200,746.6199951171875,746.3699951171875,2026-07-22,745.55859375
742.5599975585938,738.1799926757812,55437300,739.3699951171875,735.2100219726562,2026-07-23,736.3515014648438
743.719970703125,738.9299926757812,44782000,738.510009765625,737.2899780273438,2026-07-24,737.099609375
745.530029296875,739.0900268554688,41461200,744.9099731445312,735.8699951171875,2026-07-27,737.25927734375
742.7899780273438,740.8599853515625,47322200,739.1900024414062,735.97998046875,2026-07-28,739.0248413085938
742.6799926757812,729.4600219726562,70697200,739.969970703125,729.0999755859375,2026-07-29,727.6531372070312
742.4500122070312,741.6900024414062,66811300,736.0499877929688,734.5900268554688,2026-07-30,739.852783203125
748.9000244140625,747.030029296875,62445900,744.6799926757812,737.6799926757812,2026-07-31,745.1796264648438
758.5800170898438,757.6699829101562,59927500,749.4400024414062,748.7999877929688,2026-08-03,755.793212890625
773.4099731445312,771.3300170898438,69154800,760.6300048828125,760.52001953125,2026-08-04,769.4193725585938
776.8499755859375,769.7899780273438,44689100,775.8499755859375,769.510009765625,2026-08-05,767.8831787109375
771.8200073242188,768.5599975585938,38416900,770.2100219726562,767.4600219726562,2026-08-06,766.65625
773.9199829101562,773.260009765625,43586300,771.02001953125,769.6099853515625,2026-08-07,771.3446044921875
775.0499877929688,773.030029296875,39249500,772.5999755859375,771.6199951171875,2026-08-10,771.1151733398438
774.6099853515625,770.5599975585938,36740600,774.530029296875,769.2000122070312,2026-08-11,768.6513061523438
774.9000244140625,772.489990234375,33179100,774.7100219726562,771.280029296875,2026-08-12,770.5764770507812
779.3699951171875,777.8800048828125,35634500,774.8699951171875,774.1099853515625,2026-08-13,775.9531860351562
778.7999877929688,776.3400268554688,31367900,778.5399780273438,775.4299926757812,2026-08-14,774.4169921875
776.780029296875,772.6699829101562,34356600,776.1799926757812,772.510009765625,2026-08-17,770.7560424804688
769.5,767.4500122070312,43920900,768.7000122070312,766.9199829101562,2026-08-18,765.5490112304688
772.469970703125,769.0599975585938,40306000,770.3599853515625,768.0999755859375,2026-08-19,767.1549682617188
768.1500244140625,762.5999755859375,45520300,765.9600219726562,762.0399780273438,2026-08-20,760.7109985351562
767.8499755859375,765.719970703125,39188700,766.0499877929688,764.1699829101562,2026-08-21,763.8232421875
765.219970703125,763.469970703125,32430900,764.780029296875,762.0800170898438,2026-08-24,761.5787963867188
766.780029296875,765.9099731445312,27422300,766.1599731445312,763.0499877929688,2026-08-25,764.0127563476562
767.3499755859375,766.0800170898438,28751600,764.72998046875,763.9299926757812,2026-08-26,764.182373046875
772.3599853515625,771.0999755859375,34557100,768.5,767.1599731445312,2026-08-27,769.18994140625
775.2999877929688,769.3499755859375,36744300,771.760009765625,768.3099975585938,2026-08-28,767.4442749023438
768.0,767.0499877929688,38810800,767.3300170898438,764.719970703125,2026-08-31,765.1499633789062
764.6699829101562,761.780029296875,41126300,762.010009765625,759.47998046875,2026-09-01,759.89306640625
766.4299926757812,765.1599731445312,29566200,762.4500122070312,761.72998046875,2026-09-02,763.2646484375
774.030029296875,773.1699829101562,43531600,767.9000244140625,767.4500122070312,2026-09-03,771.2548217773438
772.8699951171875,770.1900024414062,34054200,772.010009765625,769.0,2026-09-04,768.2822265625
769.7000122070312,765.9600219726562,44746100,769.0700073242188,765.1400146484375,2026-09-08,764.0626831054688
764.469970703125,762.4000244140625,32812400,764.0800170898438,760.9400024414062,2026-09-09,760.5115356445312
760.1099853515625,757.8300170898438,42740400,758.030029296875,756.6400146484375,2026-09-10,755.9528198242188
766.3800048828125,764.2899780273438,45512700,764.719970703125,763.5999755859375,2026-09-11,762.3967895507812
763.52001953125,760.8800048828125,43992400,759.0,757.9299926757812,2026-09-14,758.9952392578125
760.3499755859375,757.3900146484375,46195000,760.1199951171875,756.1500244140625,2026-09-15,755.513916015625
761.6699829101562,754.0499877929688,59217700,759.5,749.5999755859375,2026-09-16,752.1821899414062
763.5700073242188,762.5999755859375,49652800,763.1500244140625,759.9600219726562,2026-09-17,760.7109985351562
762.0,761.6900024414062,65395100,761.3099975585938,757.969970703125,2026-09-18,761.6900024414062
774.8900146484375,773.5,50484700,766.25,766.030029296875,2026-09-21,773.5
775.1400146484375,773.3800048828125,34802300,774.030029296875,772.5700073242188,2026-09-22,773.3800048828125
773.0499877929688,767.8099975585938,54931700,772.7899780273438,766.5,2026-09-23,767.8099975585938
768.9500122070312,767.1799926757812,43983700,764.0700073242188,763.25,2026-09-24,767.1799926757812
772.280029296875,771.3499755859375,36666700,768.780029296875,766.2899780273438,2026-09-25,771.3499755859375
769.5399780273438,765.6099853515625,42694500,768.3499755859375,763.719970703125,2026-09-28,765.6099853515625
766.97998046875,764.2000122070312,36910500,766.8300170898438,762.3499755859375,2026-09-29,764.2000122070312
769.4099731445312,762.6300048828125,62110000,766.4500122070312,762.1799926757812,2026-09-30,762.6300048828125
765.6500244140625,763.989990234375,47708100,764.3599853515625,758.7899780273438,2026-10-01,763.989990234375
772.6500244140625,769.6400146484375,46335300,770.5800170898438,767.1500244140625,2026-10-02,769.6400146484375
776.6099853515625,774.8300170898438,44840200,769.6900024414062,769.6300048828125,2026-10-05,774.8300170898438
781.6199951171875,779.0900268554688,36054300,778.1500244140625,777.9600219726562,2026-10-06,779.0900268554688
779.0999755859375,777.219970703125,30989200,775.77001953125,773.6099853515625,2026-10-07,777.219970703125
777.0900268554688,773.9299926757812,40351800,774.8599853515625,770.4400024414062,2026-10-08,773.9299926757812
