low,close,open,high,volume,date,adjclose
4.0320000648498535,4.066999912261963,4.043000221252441,4.078000068664551,0,2024-10-09,4.066999912261963
4.052999973297119,4.0960001945495605,4.078999996185303,4.119999885559082,0,2024-10-10,4.0960001945495605
4.066999912261963,4.072999954223633,4.0920000076293945,4.116000175476074,0,2024-10-11,4.072999954223633
4.0980000495910645,4.0980000495910645,4.0980000495910645,4.0980000495910645,0,2024-10-14,4.0980000495910645
4.0320000648498535,4.038000106811523,4.068999767303467,4.074999809265137,0,2024-10-15,4.038000106811523
3.994999885559082,4.015999794006348,4.010000228881836,4.0279998779296875,0,2024-10-16,4.015999794006348
4.0320000648498535,4.0960001945495605,4.0320000648498535,4.099999904632568,0,2024-10-17,4.0960001945495605
4.065000057220459,4.072999954223633,4.107999801635742,4.110000133514404,0,2024-10-18,4.072999954223633
4.124000072479248,4.182000160217285,4.138000011444092,4.185999870300293,0,2024-10-21,4.182000160217285
4.165999889373779,4.203999996185303,4.185999870300293,4.216000080108643,0,2024-10-22,4.203999996185303
4.21999979019165,4.242000102996826,4.236000061035156,4.257999897003174,0,2024-10-23,4.242000102996826
4.182000160217285,4.199999809265137,4.197999954223633,4.239999771118164,0,2024-10-24,4.199999809265137
4.177999973297119,4.23199987411499,4.203999996185303,4.234000205993652,0,2024-10-25,4.23199987411499
4.230000019073486,4.2779998779296875,4.248000144958496,4.300000190734863,0,2024-10-28,4.2779998779296875
4.271999835968018,4.27400016784668,4.306000232696533,4.339000225067139,0,2024-10-29,4.27400016784668
4.197999954223633,4.265999794006348,4.260000228881836,4.2779998779296875,0,2024-10-30,4.265999794006348
4.260000228881836,4.283999919891357,4.288000106811523,4.333000183105469,0,2024-10-31,4.283999919891357
4.2230000495910645,4.361000061035156,4.307000160217285,4.364999771118164,0,2024-11-01,4.361000061035156
4.263000011444092,4.309000015258789,4.281000137329102,4.328999996185303,0,2024-11-04,4.309000015258789
4.284999847412109,4.289000034332275,4.330999851226807,4.366000175476074,0,2024-11-05,4.289000034332275
4.4019999504089355,4.426000118255615,4.432000160217285,4.4770002365112305,0,2024-11-06,4.426000118255615
4.339000225067139,4.341000080108643,4.415999889373779,4.433000087738037,0,2024-11-07,4.341000080108643
4.263999938964844,4.306000232696533,4.314000129699707,4.329999923706055,0,2024-11-08,4.306000232696533
4.308000087738037,4.308000087738037,4.308000087738037,4.308000087738037,0,2024-11-11,4.308000087738037
4.361000061035156,4.432000160217285,4.370999813079834,4.442999839782715,0,2024-11-12,4.432000160217285
4.359000205993652,4.451000213623047,4.433000087738037,4.460999965667725,0,2024-11-13,4.451000213623047
4.386000156402588,4.418000221252441,4.445000171661377,4.482999801635742,0,2024-11-14,4.418000221252441
4.400000095367432,4.427999973297119,4.429999828338623,4.505000114440918,0,2024-11-15,4.427999973297119
4.4079999923706055,4.414000034332275,4.480999946594238,4.491000175476074,0,2024-11-18,4.414000034332275
4.336999893188477,4.379000186920166,4.36299991607666,4.392000198364258,0,2024-11-19,4.379000186920166
4.388000011444092,4.406000137329102,4.421999931335449,4.438000202178955,0,2024-11-20,4.406000137329102
4.376999855041504,4.432000160217285,4.4039998054504395,4.438000202178955,0,2024-11-21,4.432000160217285
4.382999897003174,4.409999847412109,4.389999866485596,4.429999828338623,0,2024-11-22,4.409999847412109
4.261000156402588,4.264999866485596,4.317999839782715,4.331999778747559,0,2024-11-25,4.264999866485596
4.281000137329102,4.302000045776367,4.289000034332275,4.323999881744385,0,2024-11-26,4.302000045776367
4.2270002365112305,4.242000102996826,4.25,4.275000095367432,0,2024-11-27,4.242000102996826
4.171999931335449,4.177999973297119,4.224999904632568,4.224999904632568,0,2024-11-29,4.177999973297119
4.173999786376953,4.196000099182129,4.206999778747559,4.248000144958496,0,2024-12-02,4.196000099182129
4.164999961853027,4.2230000495910645,4.210999965667725,4.2270002365112305,0,2024-12-03,4.2230000495910645
4.176000118255615,4.179999828338623,4.270999908447266,4.281000137329102,0,2024-12-04,4.179999828338623
4.173999786376953,4.179999828338623,4.206999778747559,4.224999904632568,0,2024-12-05,4.179999828338623
4.125999927520752,4.151000022888184,4.184000015258789,4.215000152587891,0,2024-12-06,4.151000022888184
4.164000034332275,4.198999881744385,4.182000160217285,4.198999881744385,0,2024-12-09,4.198999881744385
4.2170000076293945,4.2210001945495605,4.234000205993652,4.24399995803833,0,2024-12-10,4.2210001945495605
4.201000213623047,4.270999908447266,4.25,4.2769999504089355,0,2024-12-11,4.270999908447266
4.269000053405762,4.323999881744385,4.300000190734863,4.331999778747559,0,2024-12-12,4.323999881744385
4.3420000076293945,4.39900016784668,4.343999862670898,4.4029998779296875,0,2024-12-13,4.39900016784668
4.361000061035156,4.396999835968018,4.36899995803833,4.410999774932861,0,2024-12-16,4.396999835968018
4.373000144958496,4.385000228881836,4.429999828338623,4.434000015258789,0,2024-12-17,4.385000228881836
4.382999897003174,4.49399995803833,4.418000221252441,4.498000144958496,0,2024-12-18,4.49399995803833
4.5279998779296875,4.570000171661377,4.5320000648498535,4.593999862670898,0,2024-12-19,4.570000171661377
4.484000205993652,4.52400016784668,4.541999816894531,4.546000003814697,0,2024-12-20,4.52400016784668
4.533999919891357,4.598999977111816,4.550000190734863,4.598999977111816,0,2024-12-23,4.598999977111816
4.583000183105469,4.591000080108643,4.609000205993652,4.629000186920166,0,2024-12-24,4.591000080108643
4.572999954223633,4.578999996185303,4.63100004196167,4.640999794006348,0,2024-12-26,4.578999996185303
4.574999809265137,4.61899995803833,4.603000164031982,4.623000144958496,0,2024-12-27,4.61899995803833
4.5370001792907715,4.545000076293945,4.577000141143799,4.577000141143799,0,2024-12-30,4.545000076293945
4.520999908447266,4.572999954223633,4.5289998054504395,4.586999893188477,0,2024-12-31,4.572999954223633
4.517000198364258,4.574999809265137,4.520999908447266,4.598999977111816,0,2025-01-02,4.574999809265137
4.539000034332275,4.5960001945495605,4.545000076293945,4.599999904632568,0,2025-01-03,4.5960001945495605
4.578999996185303,4.618000030517578,4.585000038146973,4.644000053405762,0,2025-01-06,4.618000030517578
4.625999927520752,4.683000087738037,4.633999824523926,4.698999881744385,0,2025-01-07,4.683000087738037
4.672999858856201,4.692999839782715,4.704999923706055,4.716000080108643,0,2025-01-08,4.692999839782715
4.693999767303467,4.776000022888184,4.693999767303467,4.789999961853027,0,2025-01-10,4.776000022888184
4.758999824523926,4.802999973297119,4.76800012588501,4.804999828338623,0,2025-01-13,4.802999973297119
4.755000114440918,4.788000106811523,4.788000106811523,4.809000015258789,0,2025-01-14,4.788000106811523
4.63700008392334,4.6529998779296875,4.76200008392334,4.77400016784668,0,2025-01-15,4.6529998779296875
4.5879998207092285,4.605999946594238,4.684000015258789,4.693999767303467,0,2025-01-16,4.605999946594238
4.567999839782715,4.609000205993652,4.572000026702881,4.625,0,2025-01-17,4.609000205993652
4.552000045776367,4.573999881744385,4.573999881744385,4.585000038146973,0,2025-01-21,4.573999881744385
4.559999942779541,4.598999977111816,4.559999942779541,4.617000102996826,0,2025-01-22,4.598999977111816
4.617000102996826,4.638000011444092,4.638000011444092,4.664000034332275,0,2025-01-23,4.638000011444092
4.605000019073486,4.625999927520752,4.642000198364258,4.6620001792907715,0,2025-01-24,4.625999927520752
4.521999835968018,4.5279998779296875,4.5320000648498535,4.565000057220459,0,2025-01-27,4.5279998779296875
4.545000076293945,4.551000118255615,4.568999767303467,4.578999996185303,0,2025-01-28,4.551000118255615
4.510000228881836,4.554999828338623,4.526000022888184,4.591000080108643,0,2025-01-29,4.554999828338623
4.48799991607666,4.51200008392334,4.49399995803833,4.5370001792907715,0,2025-01-30,4.51200008392334
4.501999855041504,4.568999767303467,4.525000095367432,4.568999767303467,0,2025-01-31,4.568999767303467
4.461999893188477,4.543000221252441,4.50600004196167,4.557000160217285,0,2025-02-03,4.543000221252441
4.508999824523926,4.513000011444092,4.577000141143799,4.5980000495910645,0,2025-02-04,4.513000011444092
4.400000095367432,4.421999931335449,4.464000225067139,4.473999977111816,0,2025-02-05,4.421999931335449
4.4120001792907715,4.440000057220459,4.447999954223633,4.460000038146973,0,2025-02-06,4.440000057220459
4.3979997634887695,4.486999988555908,4.443999767303467,4.513000011444092,0,2025-02-07,4.486999988555908
4.458000183105469,4.493000030517578,4.491000175476074,4.499000072479248,0,2025-02-10,4.493000030517578
4.525000095367432,4.5370001792907715,4.534999847412109,4.546999931335449,0,2025-02-11,4.5370001792907715
4.5269999504089355,4.63700008392334,4.534999847412109,4.659999847412109,0,2025-02-12,4.63700008392334
4.514999866485596,4.525000095367432,4.60099983215332,4.61899995803833,0,2025-02-13,4.525000095367432
4.447000026702881,4.4720001220703125,4.531000137329102,4.5329999923706055,0,2025-02-14,4.4720001220703125
4.506999969482422,4.544000148773193,4.519000053405762,4.546000003814697,0,2025-02-18,4.544000148773193
4.5289998054504395,4.534999847412109,4.565999984741211,4.576000213623047,0,2025-02-19,4.534999847412109
4.492000102996826,4.5,4.506999969482422,4.525000095367432,0,2025-02-20,4.5
4.406000137329102,4.420000076293945,4.484000205993652,4.500999927520752,0,2025-02-21,4.420000076293945
4.388999938964844,4.39300012588501,4.436999797821045,4.451000213623047,0,2025-02-24,4.39300012588501
4.2829999923706055,4.297999858856201,4.328999996185303,4.335000038146973,0,2025-02-25,4.297999858856201
4.247000217437744,4.249000072479248,4.290999889373779,4.314000129699707,0,2025-02-26,4.249000072479248
4.26800012588501,4.284999847412109,4.284999847412109,4.308000087738037,0,2025-02-27,4.284999847412109
4.214000225067139,4.230999946594238,4.25600004196167,4.2769999504089355,0,2025-02-28,4.230999946594238
4.170000076293945,4.179999828338623,4.254000186920166,4.25600004196167,0,2025-03-03,4.179999828338623
4.105999946594238,4.210000038146973,4.133999824523926,4.2179999351501465,0,2025-03-04,4.210000038146973
4.184999942779541,4.264999866485596,4.230999946594238,4.283999919891357,0,2025-03-05,4.264999866485596
4.267000198364258,4.285999774932861,4.2769999504089355,4.343999862670898,0,2025-03-06,4.285999774932861
4.210999965667725,4.316999912261963,4.250999927520752,4.328000068664551,0,2025-03-07,4.316999912261963
4.197999954223633,4.2129998207092285,4.23199987411499,4.250999927520752,0,2025-03-10,4.2129998207092285
4.188000202178955,4.288000106811523,4.23799991607666,4.295000076293945,0,2025-03-11,4.288000106811523
4.250999927520752,4.317999839782715,4.309000015258789,4.331999778747559,0,2025-03-12,4.317999839782715
4.258999824523926,4.27400016784668,4.329999923706055,4.353000164031982,0,2025-03-13,4.27400016784668
4.290999889373779,4.308000087738037,4.315999984741211,4.323999881744385,0,2025-03-14,4.308000087738037
4.257999897003174,4.306000232696533,4.2789998054504395,4.330999851226807,0,2025-03-17,4.306000232696533
4.265999794006348,4.281000137329102,4.320000171661377,4.339000225067139,0,2025-03-18,4.281000137329102
4.251999855041504,4.25600004196167,4.293000221252441,4.322999954223633,0,2025-03-19,4.25600004196167
4.173999786376953,4.232999801635742,4.190999984741211,4.245999813079834,0,2025-03-20,4.232999801635742
4.199999809265137,4.251999855041504,4.210000038146973,4.25600004196167,0,2025-03-21,4.251999855041504
4.288000106811523,4.330999851226807,4.302000045776367,4.339000225067139,0,2025-03-24,4.330999851226807
4.297999858856201,4.307000160217285,4.361999988555908,4.363999843597412,0,2025-03-25,4.307000160217285
4.327000141143799,4.3379998207092285,4.3480000495910645,4.361999988555908,0,2025-03-26,4.3379998207092285
4.355999946594238,4.36899995803833,4.385000228881836,4.38700008392334,0,2025-03-27,4.36899995803833
4.250999927520752,4.255000114440918,4.326000213623047,4.340000152587891,0,2025-03-28,4.255000114440918
4.191999912261963,4.245999813079834,4.203000068664551,4.258999824523926,0,2025-03-31,4.245999813079834
4.132999897003174,4.156000137329102,4.158999919891357,4.185999870300293,0,2025-04-01,4.156000137329102
4.110000133514404,4.196000099182129,4.142000198364258,4.22599983215332,0,2025-04-02,4.196000099182129
4.004000186920166,4.054999828338623,4.073999881744385,4.073999881744385,0,2025-04-03,4.054999828338623
3.885999917984009,3.984999895095825,3.9119999408721924,4.014999866485596,0,2025-04-04,3.984999895095825
3.9719998836517334,4.15500020980835,3.9769999980926514,4.210000038146973,0,2025-04-07,4.15500020980835
4.164000034332275,4.26200008392334,4.2179999351501465,4.275000095367432,0,2025-04-08,4.26200008392334
4.3429999351501465,4.400000095367432,4.455999851226807,4.473999977111816,0,2025-04-09,4.400000095367432
4.289000034332275,4.394000053405762,4.328000068664551,4.400000095367432,0,2025-04-10,4.394000053405762
4.427000045776367,4.493000030517578,4.440000057220459,4.5920000076293945,0,2025-04-11,4.493000030517578
4.360000133514404,4.363999843597412,4.438000202178955,4.458000183105469,0,2025-04-14,4.363999843597412
4.308000087738037,4.322999954223633,4.380000114440918,4.39900016784668,0,2025-04-15,4.322999954223633
4.275000095367432,4.2789998054504395,4.315999984741211,4.3520002365112305,0,2025-04-16,4.2789998054504395
4.2779998779296875,4.333000183105469,4.291999816894531,4.343999862670898,0,2025-04-17,4.333000183105469
4.333000183105469,4.40500020980835,4.396999835968018,4.4070000648498535,0,2025-04-21,4.40500020980835
4.370999813079834,4.388999938964844,4.4070000648498535,4.4070000648498535,0,2025-04-22,4.388999938964844
4.261000156402588,4.38700008392334,4.291999816894531,4.39900016784668,0,2025-04-23,4.38700008392334
4.302999973297119,4.304999828338623,4.343999862670898,4.3480000495910645,0,2025-04-24,4.304999828338623
4.250999927520752,4.265999794006348,4.2820000648498535,4.293000221252441,0,2025-04-25,4.265999794006348
4.214000225067139,4.216000080108643,4.28000020980835,4.295000076293945,0,2025-04-28,4.216000080108643
4.164000034332275,4.172999858856201,4.2270002365112305,4.244999885559082,0,2025-04-29,4.172999858856201
4.135000228881836,4.177000045776367,4.138999938964844,4.229000091552734,0,2025-04-30,4.177000045776367
4.124000072479248,4.230999946594238,4.150000095367432,4.241000175476074,0,2025-05-01,4.230999946594238
4.224999904632568,4.322000026702881,4.224999904632568,4.331999778747559,0,2025-05-02,4.322000026702881
4.297999858856201,4.3429999351501465,4.301000118255615,4.370999813079834,0,2025-05-05,4.3429999351501465
4.306000232696533,4.308000087738037,4.336999893188477,4.36299991607666,0,2025-05-06,4.308000087738037
4.260000228881836,4.275000095367432,4.320000171661377,4.328000068664551,0,2025-05-07,4.275000095367432
4.2829999923706055,4.373000144958496,4.300000190734863,4.383999824523926,0,2025-05-08,4.373000144958496
4.3429999351501465,4.375,4.392000198364258,4.3979997634887695,0,2025-05-09,4.375
4.428999900817871,4.456999778747559,4.460999965667725,4.468999862670898,0,2025-05-12,4.456999778747559
4.428999900817871,4.499000072479248,4.453000068664551,4.505000114440918,0,2025-05-13,4.499000072479248
4.4770002365112305,4.5279998779296875,4.4770002365112305,4.53000020980835,0,2025-05-14,4.5279998779296875
4.440999984741211,4.454999923706055,4.513000011444092,4.541999816894531,0,2025-05-15,4.454999923706055
4.388000011444092,4.440999984741211,4.395999908447266,4.445000171661377,0,2025-05-16,4.440999984741211
4.4710001945495605,4.474999904632568,4.548999786376953,4.561999797821045,0,2025-05-19,4.474999904632568
4.4730000495910645,4.480999946594238,4.474999904632568,4.5229997634887695,0,2025-05-20,4.480999946594238
4.5229997634887695,4.5960001945495605,4.543000221252441,4.604000091552734,0,2025-05-21,4.5960001945495605
4.540999889373779,4.552999973297119,4.61299991607666,4.629000186920166,0,2025-05-22,4.552999973297119
4.465000152587891,4.508999824523926,4.4730000495910645,4.5269999504089355,0,2025-05-23,4.508999824523926
4.432000160217285,4.434000015258789,4.468999862670898,4.486999988555908,0,2025-05-27,4.434000015258789
4.438000202178955,4.4770002365112305,4.443999767303467,4.500999927520752,0,2025-05-28,4.4770002365112305
4.415999889373779,4.423999786376953,4.497000217437744,4.499000072479248,0,2025-05-29,4.423999786376953
4.394000053405762,4.415999889373779,4.421999931335449,4.441999912261963,0,2025-05-30,4.415999889373779
4.418000221252441,4.461999893188477,4.438000202178955,4.46999979019165,0,2025-06-02,4.461999893188477
4.406000137329102,4.460000038146973,4.409999847412109,4.473999977111816,0,2025-06-03,4.460000038146973
4.348999977111816,4.364999771118164,4.427999973297119,4.429999828338623,0,2025-06-04,4.364999771118164
4.317999839782715,4.394000053405762,4.3379998207092285,4.400000095367432,0,2025-06-05,4.394000053405762
4.400000095367432,4.510000228881836,4.4029998779296875,4.51200008392334,0,2025-06-06,4.510000228881836
4.46999979019165,4.48199987411499,4.501999855041504,4.51800012588501,0,2025-06-09,4.48199987411499
4.440000057220459,4.473999977111816,4.449999809265137,4.48199987411499,0,2025-06-10,4.473999977111816
4.4070000648498535,4.4120001792907715,4.498000144958496,4.50600004196167,0,2025-06-11,4.4120001792907715
4.343999862670898,4.35699987411499,4.367000102996826,4.38700008392334,0,2025-06-12,4.35699987411499
4.340000152587891,4.423999786376953,4.343999862670898,4.446000099182129,0,2025-06-13,4.423999786376953
4.4029998779296875,4.452000141143799,4.441999912261963,4.453999996185303,0,2025-06-16,4.452000141143799
4.38100004196167,4.39300012588501,4.4029998779296875,4.441999912261963,0,2025-06-17,4.39300012588501
4.3460001945495605,4.396999835968018,4.364999771118164,4.39900016784668,0,2025-06-18,4.396999835968018
4.361000061035156,4.375,4.436999797821045,4.442999839782715,0,2025-06-20,4.375
4.290999889373779,4.320000171661377,4.361000061035156,4.361000061035156,0,2025-06-23,4.320000171661377
4.284999847412109,4.293000221252441,4.3520002365112305,4.370999813079834,0,2025-06-24,4.293000221252441
4.293000221252441,4.293000221252441,4.308000087738037,4.3379998207092285,0,2025-06-25,4.293000221252441
4.25,4.252999782562256,4.2769999504089355,4.293000221252441,0,2025-06-26,4.252999782562256
4.239999771118164,4.2829999923706055,4.270999908447266,4.293000221252441,0,2025-06-27,4.2829999923706055
4.230000019073486,4.230000019073486,4.252999782562256,4.2769999504089355,0,2025-06-30,4.230000019073486
4.204999923706055,4.250999927520752,4.206999778747559,4.2769999504089355,0,2025-07-01,4.250999927520752
4.263000011444092,4.293000221252441,4.269000053405762,4.308000087738037,0,2025-07-02,4.293000221252441
4.255000114440918,4.3480000495910645,4.256999969482422,4.363999843597412,0,2025-07-03,4.3480000495910645
4.349999904632568,4.394999980926514,4.363999843597412,4.39900016784668,0,2025-07-07,4.394999980926514
4.413000106811523,4.414999961853027,4.414999961853027,4.434999942779541,0,2025-07-08,4.414999961853027
4.340000152587891,4.3420000076293945,4.416999816894531,4.422999858856201,0,2025-07-09,4.3420000076293945
4.3420000076293945,4.3460001945495605,4.3460001945495605,4.375999927520752,0,2025-07-10,4.3460001945495605
4.380000114440918,4.422999858856201,4.388000011444092,4.425000190734863,0,2025-07-11,4.422999858856201
4.4029998779296875,4.427000045776367,4.433000087738037,4.447000026702881,0,2025-07-14,4.427000045776367
4.395999908447266,4.488999843597412,4.431000232696533,4.491000175476074,0,2025-07-15,4.488999843597412
4.436999797821045,4.454999923706055,4.474999904632568,4.488999843597412,0,2025-07-16,4.454999923706055
4.428999900817871,4.4629998207092285,4.4770002365112305,4.493000030517578,0,2025-07-17,4.4629998207092285
4.415999889373779,4.432000160217285,4.423999786376953,4.441999912261963,0,2025-07-18,4.432000160217285
4.3520002365112305,4.372000217437744,4.368000030517578,4.383999824523926,0,2025-07-21,4.372000217437744
4.328000068664551,4.335999965667725,4.372000217437744,4.377999782562256,0,2025-07-22,4.335999965667725
4.357999801635742,4.388000011444092,4.357999801635742,4.3979997634887695,0,2025-07-23,4.388000011444092
4.394000053405762,4.4079999923706055,4.4079999923706055,4.441999912261963,0,2025-07-24,4.4079999923706055
4.381999969482422,4.386000156402588,4.415999889373779,4.429999828338623,0,2025-07-25,4.386000156402588
4.392000198364258,4.420000076293945,4.400000095367432,4.420000076293945,0,2025-07-28,4.420000076293945
4.326000213623047,4.329999923706055,4.381999969482422,4.4039998054504395,0,2025-07-29,4.329999923706055
4.331999778747559,4.375999927520752,4.343999862670898,4.380000114440918,0,2025-07-30,4.375999927520752
4.326000213623047,4.360000133514404,4.343999862670898,4.360000133514404,0,2025-07-31,4.360000133514404
4.216000080108643,4.21999979019165,4.4039998054504395,4.4079999923706055,0,2025-08-01,4.21999979019165
4.197999954223633,4.199999809265137,4.223999977111816,4.236000061035156,0,2025-08-04,4.199999809265137
4.188000202178955,4.196000099182129,4.211999893188477,4.22599983215332,0,2025-08-05,4.196000099182129
4.214000225067139,4.21999979019165,4.230000019073486,4.281000137329102,0,2025-08-06,4.21999979019165
4.2210001945495605,4.24399995803833,4.236999988555908,4.254000186920166,0,2025-08-07,4.24399995803833
4.254000186920166,4.284999847412109,4.260000228881836,4.289000034332275,0,2025-08-08,4.284999847412109
4.257999897003174,4.2729997634887695,4.269000053405762,4.284999847412109,0,2025-08-11,4.2729997634887695
4.245999813079834,4.293000221252441,4.293000221252441,4.317999839782715,0,2025-08-12,4.293000221252441
4.224999904632568,4.23799991607666,4.260000228881836,4.260000228881836,0,2025-08-13,4.23799991607666
4.203999996185303,4.293000221252441,4.208000183105469,4.296000003814697,0,2025-08-14,4.293000221252441
4.281000137329102,4.328000068664551,4.293000221252441,4.331999778747559,0,2025-08-15,4.328000068664551
4.295000076293945,4.341000080108643,4.297999858856201,4.35099983215332,0,2025-08-18,4.341000080108643
4.297999858856201,4.302000045776367,4.323999881744385,4.326000213623047,0,2025-08-19,4.302000045776367
4.275000095367432,4.296000003814697,4.297999858856201,4.309999942779541,0,2025-08-20,4.296000003814697
4.296000003814697,4.329999923706055,4.315999984741211,4.3470001220703125,0,2025-08-21,4.329999923706055
4.242000102996826,4.260000228881836,4.315999984741211,4.320000171661377,0,2025-08-22,4.260000228881836
4.267000198364258,4.275000095367432,4.281000137329102,4.295000076293945,0,2025-08-25,4.275000095367432
4.254000186920166,4.257999897003174,4.2769999504089355,4.290999889373779,0,2025-08-26,4.257999897003174
4.236000061035156,4.23799991607666,4.2729997634887695,4.290999889373779,0,2025-08-27,4.23799991607666
4.203000068664551,4.206999778747559,4.234000205993652,4.25,0,2025-08-28,4.206999778747559
4.215000152587891,4.2270002365112305,4.228000164031982,4.242000102996826,0,2025-08-29,4.2270002365112305
4.260000228881836,4.2769999504089355,4.297999858856201,4.306000232696533,0,2025-09-02,4.2769999504089355
4.203000068664551,4.210999965667725,4.269000053405762,4.2829999923706055,0,2025-09-03,4.210999965667725
4.173999786376953,4.176000118255615,4.190000057220459,4.206999778747559,0,2025-09-04,4.176000118255615
4.063000202178955,4.085999965667725,4.138000011444092,4.138000011444092,0,2025-09-05,4.085999965667725
4.044000148773193,4.046000003814697,4.072000026702881,4.0879998207092285,0,2025-09-08,4.046000003814697
4.039999961853027,4.073999881744385,4.065000057220459,4.091000080108643,0,2025-09-09,4.073999881744385
4.026000022888184,4.0320000648498535,4.0879998207092285,4.091000080108643,0,2025-09-10,4.0320000648498535
3.996000051498413,4.011000156402588,4.051000118255615,4.064000129699707,0,2025-09-11,4.011000156402588
4.051000118255615,4.060999870300293,4.052999973297119,4.083000183105469,0,2025-09-12,4.060999870300293
4.03000020980835,4.033999919891357,4.059000015258789,4.059000015258789,0,2025-09-15,4.033999919891357
4.021999835968018,4.026000022888184,4.040999889373779,4.064000129699707,0,2025-09-16,4.026000022888184
3.992000102996826,4.076000213623047,4.02400016784668,4.080999851226807,0,2025-09-17,4.076000213623047
4.061999797821045,4.104000091552734,4.064000129699707,4.13700008392334,0,2025-09-18,4.104000091552734
4.116000175476074,4.138999938964844,4.13100004196167,4.14300012588501,0,2025-09-19,4.138999938964844
4.122000217437744,4.14300012588501,4.13100004196167,4.150000095367432,0,2025-09-22,4.14300012588501
4.110000133514404,4.119999885559082,4.135000228881836,4.14900016784668,0,2025-09-23,4.119999885559082
4.126999855041504,4.146999835968018,4.129000186920166,4.1519999504089355,0,2025-09-24,4.146999835968018
4.150000095367432,4.171999931335449,4.1539998054504395,4.201000213623047,0,2025-09-25,4.171999931335449
4.1519999504089355,4.186999797821045,4.164000034332275,4.197000026702881,0,2025-09-26,4.186999797821045
4.135000228881836,4.140999794006348,4.150000095367432,4.168000221252441,0,2025-09-29,4.140999794006348
4.105999946594238,4.1479997634887695,4.132999897003174,4.1519999504089355,0,2025-09-30,4.1479997634887695
4.089000225067139,4.105999946594238,4.107999801635742,4.129000186920166,0,2025-10-01,4.105999946594238
4.083000183105469,4.0879998207092285,4.105999946594238,4.126999855041504,0,2025-10-02,4.0879998207092285
4.080999851226807,4.11899995803833,4.083000183105469,4.11899995803833,0,2025-10-03,4.11899995803833
4.132999897003174,4.1620001792907715,4.1620001792907715,4.165999889373779,0,2025-10-06,4.1620001792907715
4.11299991607666,4.126999855041504,4.164000034332275,4.171000003814697,0,2025-10-07,4.126999855041504
4.0960001945495605,4.129000186920166,4.104000091552734,4.136000156402588,0,2025-10-08,4.129000186920166
4.126999855041504,4.1479997634887695,4.132999897003174,4.1519999504089355,0,2025-10-09,4.1479997634887695
4.044000148773193,4.051000118255615,4.0980000495910645,4.105000019073486,0,2025-10-10,4.051000118255615
4.051000118255615,4.051000118255615,4.051000118255615,4.051000118255615,0,2025-10-13,4.051000118255615
4.014999866485596,4.021999835968018,4.019000053405762,4.051000118255615,0,2025-10-14,4.021999835968018
4.000999927520752,4.046000003814697,4.02400016784668,4.046999931335449,0,2025-10-15,4.046000003814697
3.9709999561309814,3.9760000705718994,4.019000053405762,4.051000118255615,0,2025-10-16,3.9760000705718994
3.990000009536743,4.006999969482422,3.994999885559082,4.017000198364258,0,2025-10-17,4.006999969482422
3.9860000610351562,3.9860000610351562,4.005000114440918,4.005000114440918,0,2025-10-20,3.9860000610351562
3.947000026702881,3.9630000591278076,3.9760000705718994,3.9760000705718994,0,2025-10-21,3.9630000591278076
3.947000026702881,3.953000068664551,3.9509999752044678,3.9779999256134033,0,2025-10-22,3.953000068664551
3.9779999256134033,3.990999937057495,3.989000082015991,4.005000114440918,0,2025-10-23,3.990999937057495
3.9639999866485596,3.996999979019165,4.01200008392334,4.015999794006348,0,2025-10-24,3.996999979019165
3.994999885559082,3.996999979019165,4.019999980926514,4.0329999923706055,0,2025-10-27,3.996999979019165
3.9700000286102295,3.9830000400543213,3.9830000400543213,4.004000186920166,0,2025-10-28,3.9830000400543213
3.9830000400543213,4.058000087738037,3.994999885559082,4.058000087738037,0,2025-10-29,4.058000087738037
4.067999839782715,4.0929999351501465,4.098999977111816,4.116000175476074,0,2025-10-30,4.0929999351501465
4.076000213623047,4.10099983215332,4.10099983215332,4.103000164031982,0,2025-10-31,4.10099983215332
4.0970001220703125,4.105999946594238,4.105999946594238,4.122000217437744,0,2025-11-03,4.105999946594238
4.078999996185303,4.089000225067139,4.0970001220703125,4.10099983215332,0,2025-11-04,4.089000225067139
4.0929999351501465,4.1570000648498535,4.0970001220703125,4.160999774932861,0,2025-11-05,4.1570000648498535
4.077000141143799,4.0929999351501465,4.131999969482422,4.131999969482422,0,2025-11-06,4.0929999351501465
4.065999984741211,4.0929999351501465,4.086999893188477,4.111999988555908,0,2025-11-07,4.0929999351501465
4.0980000495910645,4.110000133514404,4.136000156402588,4.138000011444092,0,2025-11-10,4.110000133514404
4.119999885559082,4.119999885559082,4.119999885559082,4.119999885559082,0,2025-11-11,4.119999885559082
4.056000232696533,4.065000057220459,4.074999809265137,4.091000080108643,0,2025-11-12,4.065000057220459
4.0879998207092285,4.111999988555908,4.104000091552734,4.117000102996826,0,2025-11-13,4.111999988555908
4.065000057220459,4.1479997634887695,4.066999912261963,4.1479997634887695,0,2025-11-14,4.1479997634887695
4.125,4.132999897003174,4.138999938964844,4.145999908447266,0,2025-11-17,4.132999897003174
4.085000038146973,4.123000144958496,4.105999946594238,4.138999938964844,0,2025-11-18,4.123000144958496
4.0980000495910645,4.132999897003174,4.110000133514404,4.135000228881836,0,2025-11-19,4.132999897003174
4.085999965667725,4.105999946594238,4.145999908447266,4.1620001792907715,0,2025-11-20,4.105999946594238
4.053999900817871,4.063000202178955,4.071000099182129,4.085999965667725,0,2025-11-21,4.063000202178955
4.0320000648498535,4.038000106811523,4.056000232696533,4.060999870300293,0,2025-11-24,4.038000106811523
3.98799991607666,4.001999855041504,4.013000011444092,4.0269999504089355,0,2025-11-25,4.001999855041504
3.996000051498413,3.997999906539917,4.0,4.041999816894531,0,2025-11-26,3.997999906539917
3.990000009536743,4.017000198364258,3.990000009536743,4.035999774932861,0,2025-11-28,4.017000198364258
4.050000190734863,4.0960001945495605,4.050000190734863,4.0980000495910645,0,2025-12-01,4.0960001945495605
4.080999851226807,4.085999965667725,4.110000133514404,4.113999843597412,0,2025-12-02,4.085999965667725
4.052000045776367,4.057000160217285,4.053999900817871,4.085999965667725,0,2025-12-03,4.057000160217285
4.083000183105469,4.107999801635742,4.093999862670898,4.110000133514404,0,2025-12-04,4.107999801635742
4.0980000495910645,4.138999938964844,4.118000030517578,4.144999980926514,0,2025-12-05,4.138999938964844
4.14300012588501,4.171999931335449,4.14300012588501,4.191999912261963,0,2025-12-08,4.171999931335449
4.14300012588501,4.185999870300293,4.1620001792907715,4.190000057220459,0,2025-12-09,4.185999870300293
4.146999835968018,4.164000034332275,4.202000141143799,4.203999996185303,0,2025-12-10,4.164000034332275
4.1020002365112305,4.140999794006348,4.13100004196167,4.14300012588501,0,2025-12-11,4.140999794006348
4.177999973297119,4.193999767303467,4.177999973297119,4.199999809265137,0,2025-12-12,4.193999767303467
4.151000022888184,4.182000160217285,4.170000076293945,4.185999870300293,0,2025-12-15,4.182000160217285
4.14300012588501,4.14900016784668,4.170000076293945,4.196000099182129,0,2025-12-16,4.14900016784668
4.14300012588501,4.151000022888184,4.163000106811523,4.170000076293945,0,2025-12-17,4.151000022888184
4.107999801635742,4.116000175476074,4.125,4.13700008392334,0,2025-12-18,4.116000175476074
4.130000114440918,4.151000022888184,4.146999835968018,4.1570000648498535,0,2025-12-19,4.151000022888184
4.15500020980835,4.169000148773193,4.166999816894531,4.175000190734863,0,2025-12-22,4.169000148773193
4.151000022888184,4.169000148773193,4.151000022888184,4.202000141143799,0,2025-12-23,4.169000148773193
4.131999969482422,4.136000156402588,4.166999816894531,4.166999816894531,0,2025-12-24,4.136000156402588
4.110000133514404,4.136000156402588,4.122000217437744,4.144999980926514,0,2025-12-26,4.136000156402588
4.107999801635742,4.116000175476074,4.116000175476074,4.130000114440918,0,2025-12-29,4.116000175476074
4.116000175476074,4.130000114440918,4.140999794006348,4.140999794006348,0,2025-12-30,4.130000114440918
4.125999927520752,4.163000106811523,4.125999927520752,4.172999858856201,0,2025-12-31,4.163000106811523
4.158999919891357,4.186999797821045,4.160999774932861,4.197000026702881,0,2026-01-02,4.186999797821045
4.1529998779296875,4.164999961853027,4.183000087738037,4.190999984741211,0,2026-01-05,4.164999961853027
4.164999961853027,4.178999900817871,4.172999858856201,4.197000026702881,0,2026-01-06,4.178999900817871
4.124000072479248,4.138000011444092,4.131999969482422,4.160999774932861,0,2026-01-07,4.138000011444092
4.160999774932861,4.183000087738037,4.166999816894531,4.186999797821045,0,2026-01-08,4.183000087738037
4.158999919891357,4.171000003814697,4.186999797821045,4.210999965667725,0,2026-01-09,4.171000003814697
4.169000148773193,4.186999797821045,4.197000026702881,4.201000213623047,0,2026-01-12,4.186999797821045
4.156000137329102,4.171000003814697,4.192999839782715,4.195000171661377,0,2026-01-13,4.171000003814697
4.131999969482422,4.139999866485596,4.159999847412109,4.169000148773193,0,2026-01-14,4.139999866485596
4.136000156402588,4.159999847412109,4.138000011444092,4.164000034332275,0,2026-01-15,4.159999847412109
4.181000232696533,4.230999946594238,4.195000171661377,4.232999801635742,0,2026-01-16,4.230999946594238
4.269000053405762,4.295000076293945,4.2789998054504395,4.310999870300293,0,2026-01-20,4.295000076293945
4.249000072479248,4.252999782562256,4.281000137329102,4.301000118255615,0,2026-01-21,4.252999782562256
4.243000030517578,4.249000072479248,4.258999824523926,4.2769999504089355,0,2026-01-22,4.249000072479248
4.232999801635742,4.238999843597412,4.236999988555908,4.263000011444092,0,2026-01-23,4.238999843597412
4.203000068664551,4.2129998207092285,4.2129998207092285,4.229000091552734,0,2026-01-26,4.2129998207092285
4.206999778747559,4.2230000495910645,4.235000133514404,4.238999843597412,0,2026-01-27,4.2230000495910645
4.235000133514404,4.250999927520752,4.235000133514404,4.270999908447266,0,2026-01-28,4.250999927520752
4.2230000495910645,4.2270002365112305,4.247000217437744,4.270999908447266,0,2026-01-29,4.2270002365112305
4.236000061035156,4.241000175476074,4.247000217437744,4.261000156402588,0,2026-01-30,4.241000175476074
4.230999946594238,4.275000095367432,4.236000061035156,4.281000137329102,0,2026-02-02,4.275000095367432
4.265999794006348,4.27400016784668,4.289999961853027,4.300000190734863,0,2026-02-03,4.27400016784668
4.261000156402588,4.275000095367432,4.26800012588501,4.289999961853027,0,2026-02-04,4.275000095367432
4.203999996185303,4.210000038146973,4.251999855041504,4.25600004196167,0,2026-02-05,4.210000038146973
4.193999767303467,4.205999851226807,4.203999996185303,4.223999977111816,0,2026-02-06,4.205999851226807
4.196000099182129,4.197999954223633,4.23799991607666,4.23799991607666,0,2026-02-09,4.197999954223633
4.135000228881836,4.146999835968018,4.176000118255615,4.176000118255615,0,2026-02-10,4.146999835968018
4.125,4.171999931335449,4.132999897003174,4.205999851226807,0,2026-02-11,4.171999931335449
4.099999904632568,4.104000091552734,4.1579999923706055,4.169000148773193,0,2026-02-12,4.104000091552734
4.046000003814697,4.056000232696533,4.099999904632568,4.105999946594238,0,2026-02-13,4.056000232696533
4.025000095367432,4.052000045776367,4.031000137329102,4.059999942779541,0,2026-02-17,4.052000045776367
4.059999942779541,4.078999996185303,4.064000129699707,4.0879998207092285,0,2026-02-18,4.078999996185303
4.065000057220459,4.074999809265137,4.104000091552734,4.105999946594238,0,2026-02-19,4.074999809265137
4.059999942779541,4.085999965667725,4.059999942779541,4.104000091552734,0,2026-02-20,4.085999965667725
4.01800012588501,4.0289998054504395,4.074999809265137,4.074999809265137,0,2026-02-23,4.0289998054504395
4.0269999504089355,4.0329999923706055,4.041999816894531,4.046000003814697,0,2026-02-24,4.0329999923706055
4.034999847412109,4.047999858856201,4.056000232696533,4.058000087738037,0,2026-02-25,4.047999858856201
4.013999938964844,4.017000198364258,4.041999816894531,4.047999858856201,0,2026-02-26,4.017000198364258
3.9560000896453857,3.9619998931884766,3.9790000915527344,3.99399995803833,0,2026-02-27,3.9619998931884766
3.996000051498413,4.047999858856201,3.997999906539917,4.066999912261963,0,2026-03-02,4.047999858856201
4.039999961853027,4.056000232696533,4.093999862670898,4.117000102996826,0,2026-03-03,4.056000232696533
4.063000202178955,4.079999923706055,4.077000141143799,4.0879998207092285,0,2026-03-04,4.079999923706055
4.123000144958496,4.145999908447266,4.132999897003174,4.1479997634887695,0,2026-03-05,4.145999908447266
4.105000019073486,4.132999897003174,4.164999961853027,4.186999797821045,0,2026-03-06,4.132999897003174
4.117000102996826,4.136000156402588,4.172999858856201,4.177000045776367,0,2026-03-09,4.136000156402588
4.104000091552734,4.136000156402588,4.131999969482422,4.1539998054504395,0,2026-03-10,4.136000156402588
4.164999961853027,4.208000183105469,4.177000045776367,4.22599983215332,0,2026-03-11,4.208000183105469
4.216000080108643,4.2729997634887695,4.22599983215332,4.2729997634887695,0,2026-03-12,4.2729997634887695
4.236000061035156,4.284999847412109,4.263000011444092,4.289999961853027,0,2026-03-13,4.284999847412109
4.2179999351501465,4.21999979019165,4.236000061035156,4.244999885559082,0,2026-03-16,4.21999979019165
4.189000129699707,4.202000141143799,4.216000080108643,4.216000080108643,0,2026-03-17,4.202000141143799
4.195000171661377,4.258999824523926,4.197000026702881,4.258999824523926,0,2026-03-18,4.258999824523926
4.256999969482422,4.281000137329102,4.308000087738037,4.326000213623047,0,2026-03-19,4.281000137329102
4.296000003814697,4.390999794006348,4.303999900817871,4.394000053405762,0,2026-03-20,4.390999794006348
4.311999797821045,4.334000110626221,4.375999927520752,4.395999908447266,0,2026-03-23,4.334000110626221
4.360000133514404,4.392000198364258,4.375999927520752,4.426000118255615,0,2026-03-24,4.392000198364258
4.314000129699707,4.328000068664551,4.334000110626221,4.349999904632568,0,2026-03-25,4.328000068664551
4.354000091552734,4.415999889373779,4.377999782562256,4.421999931335449,0,2026-03-26,4.415999889373779
4.409999847412109,4.440000057220459,4.461999893188477,4.484000205993652,0,2026-03-27,4.440000057220459
4.323999881744385,4.3420000076293945,4.374000072479248,4.380000114440918,0,2026-03-30,4.3420000076293945
4.2870001792907715,4.310999870300293,4.307000160217285,4.331999778747559,0,2026-03-31,4.310999870300293
4.293000221252441,4.318999767303467,4.293000221252441,4.334000110626221,0,2026-04-01,4.318999767303467
4.289000034332275,4.313000202178955,4.354000091552734,4.361999988555908,0,2026-04-02,4.313000202178955
4.316999912261963,4.335000038146973,4.360000133514404,4.366000175476074,0,2026-04-06,4.335000038146973
4.324999809265137,4.3429999351501465,4.34499979019165,4.380000114440918,0,2026-04-07,4.3429999351501465
4.234000205993652,4.290999889373779,4.248000144958496,4.296999931335449,0,2026-04-08,4.290999889373779
4.260000228881836,4.293000221252441,4.296999931335449,4.321000099182129,0,2026-04-09,4.293000221252441
4.2769999504089355,4.316999912261963,4.284999847412109,4.322999954223633,0,2026-04-10,4.316999912261963
4.296999931335449,4.296999931335449,4.348999977111816,4.35099983215332,0,2026-04-13,4.296999931335449
4.251999855041504,4.25600004196167,4.296999931335449,4.304999828338623,0,2026-04-14,4.25600004196167
4.263999938964844,4.2820000648498535,4.271999835968018,4.293000221252441,0,2026-04-15,4.2820000648498535
4.265999794006348,4.309000015258789,4.276000022888184,4.316999912261963,0,2026-04-16,4.309000015258789
4.22599983215332,4.245999813079834,4.296999931335449,4.296999931335449,0,2026-04-17,4.245999813079834
4.24399995803833,4.25,4.26200008392334,4.27400016784668,0,2026-04-20,4.25
4.26200008392334,4.291999816894531,4.271999835968018,4.309000015258789,0,2026-04-21,4.291999816894531
4.263999938964844,4.294000148773193,4.265999794006348,4.303999900817871,0,2026-04-22,4.294000148773193
4.285999774932861,4.322999954223633,4.306000232696533,4.35099983215332,0,2026-04-23,4.322999954223633
4.300000190734863,4.309999942779541,4.311999797821045,4.353000164031982,0,2026-04-24,4.309999942779541
4.309999942779541,4.335999965667725,4.311999797821045,4.349999904632568,0,2026-04-27,4.335999965667725
4.35099983215332,4.354000091552734,4.370999813079834,4.377999782562256,0,2026-04-28,4.354000091552734
4.361999988555908,4.418000221252441,4.361999988555908,4.432000160217285,0,2026-04-29,4.418000221252441
4.381999969482422,4.389999866485596,4.392000198364258,4.409999847412109,0,2026-04-30,4.389999866485596
4.3420000076293945,4.377999782562256,4.368000030517578,4.4039998054504395,0,2026-05-01,4.377999782562256
4.389999866485596,4.446000099182129,4.400000095367432,4.464000225067139,0,2026-05-04,4.446000099182129
4.406000137329102,4.415999889373779,4.426000118255615,4.429999828338623,0,2026-05-05,4.415999889373779
4.3480000495910645,4.355999946594238,4.366000175476074,4.372000217437744,0,2026-05-06,4.355999946594238
4.314000129699707,4.392000198364258,4.334000110626221,4.395999908447266,0,2026-05-07,4.392000198364258
4.3460001945495605,4.363999843597412,4.372000217437744,4.388000011444092,0,2026-05-08,4.363999843597412
4.377999782562256,4.409999847412109,4.392000198364258,4.409999847412109,0,2026-05-11,4.409999847412109
4.422999858856201,4.4629998207092285,4.436999797821045,4.4670000076293945,0,2026-05-12,4.4629998207092285
4.460999965667725,4.480999946594238,4.465000152587891,4.5,0,2026-05-13,4.480999946594238
4.435999870300293,4.460999965667725,4.439000129699707,4.460999965667725,0,2026-05-14,4.460999965667725
4.546000003814697,4.59499979019165,4.547999858856201,4.598999977111816,0,2026-05-15,4.59499979019165
4.564000129699707,4.623000144958496,4.598999977111816,4.626999855041504,0,2026-05-18,4.623000144958496
4.61299991607666,4.666999816894531,4.617000102996826,4.686999797821045,0,2026-05-19,4.666999816894531
4.565999984741211,4.572000026702881,4.64300012588501,4.658999919891357,0,2026-05-20,4.572000026702881
4.553999900817871,4.585999965667725,4.609000205993652,4.635000228881836,0,2026-05-21,4.585999965667725
4.5279998779296875,4.558000087738037,4.541999816894531,4.585999965667725,0,2026-05-22,4.558000087738037
4.479000091552734,4.493000030517578,4.488999843597412,4.51200008392334,0,2026-05-26,4.493000030517578
4.448999881744385,4.480999946594238,4.4710001945495605,4.488999843597412,0,2026-05-27,4.480999946594238
4.436999797821045,4.454999923706055,4.507999897003174,4.510000228881836,0,2026-05-28,4.454999923706055
4.426000118255615,4.453000068664551,4.440999984741211,4.456999778747559,0,2026-05-29,4.453000068664551
4.445000171661377,4.474999904632568,4.456999778747559,4.515999794006348,0,2026-06-01,4.474999904632568
4.427999973297119,4.454999923706055,4.429999828338623,4.4629998207092285,0,2026-06-02,4.454999923706055
4.474999904632568,4.491000175476074,4.485000133514404,4.502999782562256,0,2026-06-03,4.491000175476074
4.448999881744385,4.4770002365112305,4.456999778747559,4.479000091552734,0,2026-06-04,4.4770002365112305
4.465000152587891,4.535999774932861,4.4670000076293945,4.553999900817871,0,2026-06-05,4.535999774932861
4.515999794006348,4.552000045776367,4.539999961853027,4.558000087738037,0,2026-06-08,4.552000045776367
4.519999980926514,4.5279998779296875,4.546000003814697,4.556000232696533,0,2026-06-09,4.5279998779296875
4.513000011444092,4.541999816894531,4.533999919891357,4.559999942779541,0,2026-06-10,4.541999816894531
4.456999778747559,4.4629998207092285,4.520999908447266,4.550000190734863,0,2026-06-11,4.4629998207092285
4.468999862670898,4.486999988555908,4.4730000495910645,4.506999969482422,0,2026-06-12,4.486999988555908
4.440999984741211,4.468999862670898,4.454999923706055,4.4730000495910645,0,2026-06-15,4.468999862670898
4.420000076293945,4.427999973297119,4.442999839782715,4.459000110626221,0,2026-06-16,4.427999973297119
4.426000118255615,4.4629998207092285,4.442999839782715,4.479000091552734,0,2026-06-17,4.4629998207092285
4.420000076293945,4.451000213623047,4.453000068664551,4.453000068664551,0,2026-06-18,4.451000213623047
4.480999946594238,4.508999824523926,4.494999885559082,4.514999866485596,0,2026-06-22,4.508999824523926
4.4770002365112305,4.493000030517578,4.486999988555908,4.497000217437744,0,2026-06-23,4.493000030517578
4.3979997634887695,4.4019999504089355,4.453000068664551,4.454999923706055,0,2026-06-24,4.4019999504089355
4.36299991607666,4.392000198364258,4.4120001792907715,4.414000034332275,0,2026-06-25,4.392000198364258
4.367000102996826,4.372000217437744,4.388000011444092,4.409999847412109,0,2026-06-26,4.372000217437744
4.367000102996826,4.374000072479248,4.377999782562256,4.389999866485596,0,2026-06-29,4.374000072479248
4.388000011444092,4.418000221252441,4.392000198364258,4.421999931335449,0,2026-06-30,4.418000221252441
4.456999778747559,4.474999904632568,4.482999801635742,4.500999927520752,0,2026-07-01,4.474999904632568
4.453000068664551,4.485000133514404,4.502999782562256,4.505000114440918,0,2026-07-02,4.485000133514404
4.456999778747559,4.479000091552734,4.456999778747559,4.491000175476074,0,2026-07-06,4.479000091552734
4.485000133514404,4.5289998054504395,4.497000217437744,4.5329999923706055,0,2026-07-07,4.5289998054504395
4.557000160217285,4.568999767303467,4.560999870300293,4.5970001220703125,0,2026-07-08,4.568999767303467
4.5289998054504395,4.539000034332275,4.577000141143799,4.580999851226807,0,2026-07-09,4.539000034332275
4.539000034332275,4.568999767303467,4.540999889373779,4.571000099182129,0,2026-07-10,4.568999767303467
4.572999954223633,4.609000205993652,4.585000038146973,4.618000030517578,0,2026-07-13,4.609000205993652
4.525000095367432,4.585000038146973,4.613999843597412,4.613999843597412,0,2026-07-14,4.585000038146973
4.539000034332275,4.545000076293945,4.607999801635742,4.610000133514404,0,2026-07-15,4.545000076293945
4.560999870300293,4.568999767303467,4.581999778747559,4.5960001945495605,0,2026-07-16,4.568999767303467
4.511000156402588,4.540999889373779,4.520999908447266,4.550000190734863,0,2026-07-17,4.540999889373779
4.559999942779541,4.5980000495910645,4.565999984741211,4.607999801635742,0,2026-07-20,4.5980000495910645
4.5980000495910645,4.627999782562256,4.599999904632568,4.639999866485596,0,2026-07-21,4.627999782562256
4.631999969482422,4.6570000648498535,4.639999866485596,4.660999774932861,0,2026-07-22,4.6570000648498535
4.692999839782715,4.703000068664551,4.698999881744385,4.714000225067139,0,2026-07-23,4.703000068664551
4.651000022888184,4.678999900817871,4.683000087738037,4.690999984741211,0,2026-07-24,4.678999900817871
4.630000114440918,4.640999794006348,4.646999835968018,4.664999961853027,0,2026-07-27,4.640999794006348
4.5879998207092285,4.604000091552734,4.630000114440918,4.635000228881836,0,2026-07-28,4.604000091552734
4.610000133514404,4.622000217437744,4.63700008392334,4.65500020980835,0,2026-07-29,4.622000217437744
4.651000022888184,4.663000106811523,4.669000148773193,4.685999870300293,0,2026-07-30,4.663000106811523
4.682000160217285,4.744999885559082,4.684000015258789,4.747000217437744,0,2026-07-31,4.744999885559082
4.671000003814697,4.685999870300293,4.671000003814697,4.702000141143799,0,2026-08-03,4.685999870300293
4.61899995803833,4.626999855041504,4.664999961853027,4.668000221252441,0,2026-08-04,4.626999855041504
4.60699987411499,4.617000102996826,4.609000205993652,4.638999938964844,0,2026-08-05,4.617000102996826
4.635000228881836,4.670000076293945,4.64300012588501,4.676000118255615,0,2026-08-06,4.670000076293945
4.603000164031982,4.659999847412109,4.664000034332275,4.671999931335449,0,2026-08-07,4.659999847412109
4.6620001792907715,4.698999881744385,4.6620001792907715,4.703000068664551,0,2026-08-10,4.698999881744385
4.668000221252441,4.684000015258789,4.691999912261963,4.703000068664551,0,2026-08-11,4.684000015258789
4.645999908447266,4.682000160217285,4.659999847412109,4.688000202178955,0,2026-08-12,4.682000160217285
4.61299991607666,4.640999794006348,4.673999786376953,4.676000118255615,0,2026-08-13,4.640999794006348
4.625,4.696000099182129,4.644999980926514,4.699999809265137,0,2026-08-14,4.696000099182129
4.691999912261963,4.723999977111816,4.693999767303467,4.728000164031982,0,2026-08-17,4.723999977111816
4.703999996185303,4.705999851226807,4.73199987411499,4.745999813079834,0,2026-08-18,4.705999851226807
4.63700008392334,4.6529998779296875,4.684000015258789,4.684000015258789,0,2026-08-19,4.6529998779296875
4.673999786376953,4.696000099182129,4.705999851226807,4.714000225067139,0,2026-08-20,4.696000099182129
4.691999912261963,4.73799991607666,4.691999912261963,4.74399995803833,0,2026-08-21,4.73799991607666
4.679999828338623,4.703999996185303,4.714000225067139,4.71999979019165,0,2026-08-24,4.703999996185303
4.63700008392334,4.638999938964844,4.664000034332275,4.671999931335449,0,2026-08-25,4.638999938964844
4.620999813079834,4.664000034332275,4.632999897003174,4.670000076293945,0,2026-08-26,4.664000034332275
4.64900016784668,4.671999931335449,4.6579999923706055,4.679999828338623,0,2026-08-27,4.671999931335449
4.6539998054504395,4.71999979019165,4.688000202178955,4.730000019073486,0,2026-08-28,4.71999979019165
4.72599983215332,4.757999897003174,4.728000164031982,4.76800012588501,0,2026-08-31,4.757999897003174
4.751999855041504,4.796000003814697,4.788000106811523,4.800000190734863,0,2026-09-01,4.796000003814697
4.76800012588501,4.796000003814697,4.776000022888184,4.806000232696533,0,2026-09-02,4.796000003814697
4.73199987411499,4.76200008392334,4.765999794006348,4.76800012588501,0,2026-09-03,4.76200008392334
4.748000144958496,4.783999919891357,4.754000186920166,4.811999797821045,0,2026-09-04,4.783999919891357
4.760000228881836,4.806000232696533,4.794000148773193,4.811999797821045,0,2026-09-08,4.806000232696533
4.794000148773193,4.836999893188477,4.808000087738037,4.85699987411499,0,2026-09-09,4.836999893188477
4.879000186920166,4.943999767303467,4.88100004196167,4.952000141143799,0,2026-09-10,4.943999767303467
4.9039998054504395,4.974999904632568,4.954999923706055,4.985000133514404,0,2026-09-11,4.974999904632568
4.934000015258789,4.960999965667725,4.979000091552734,5.01200008392334,0,2026-09-14,4.960999965667725
4.986999988555908,4.995999813079834,5.010000228881836,5.015999794006348,0,2026-09-15,4.995999813079834
4.939000129699707,5.00600004196167,4.979000091552734,5.00600004196167,0,2026-09-16,5.00600004196167
4.940999984741211,4.947000026702881,4.953000068664551,4.9629998207092285,0,2026-09-17,4.947000026702881
4.9710001945495605,4.998000144958496,4.980000019073486,5.007999897003174,0,2026-09-18,4.998000144958496
4.951000213623047,4.9629998207092285,4.953000068664551,4.97599983215332,0,2026-09-21,4.9629998207092285
4.926000118255615,4.9679999351501465,4.928999900817871,4.98199987411499,0,2026-09-22,4.9679999351501465
4.984000205993652,5.113999843597412,4.989999771118164,5.135000228881836,0,2026-09-23,5.113999843597412
5.086999893188477,5.1620001792907715,5.120999813079834,5.181000232696533,0,2026-09-24,5.1620001792907715
5.1620001792907715,5.184000015258789,5.185999870300293,5.230000019073486,0,2026-09-25,5.184000015258789
5.204999923706055,5.239999771118164,5.209000110626221,5.27400016784668,0,2026-09-28,5.239999771118164
5.2129998207092285,5.255000114440918,5.2129998207092285,5.293000221252441,0,2026-09-29,5.255000114440918
5.204999923706055,5.293000221252441,5.243000030517578,5.306000232696533,0,2026-09-30,5.293000221252441
5.206999778747559,5.236999988555908,5.2789998054504395,5.3420000076293945,0,2026-10-01,5.236999988555908
5.1570000648498535,5.2769999504089355,5.216000080108643,5.297999858856201,0,2026-10-02,5.2769999504089355
5.263999938964844,5.310999870300293,5.2729997634887695,5.348999977111816,0,2026-10-05,5.310999870300293
5.25600004196167,5.269000053405762,5.2729997634887695,5.302999973297119,0,2026-10-06,5.269000053405762
5.269000053405762,5.2769999504089355,5.341000080108643,5.363999843597412,0,2026-10-07,5.2769999504089355
5.2230000495910645,5.230999946594238,5.323999881744385,5.330999851226807,0,2026-10-08,5.230999946594238
5.234000205993652,5.24399995803833,5.236000061035156,5.279999732971191,0,2026-10-09,5.24399995803833
