high,low,open,close,volume,date,adjclose
4.355000019073486,4.313000202178955,4.328999996185303,4.339000225067139,0,2024-10-09,4.339000225067139
4.408999919891357,4.3379998207092285,4.3460001945495605,4.386000156402588,0,2024-10-10,4.386000156402588
4.420000076293945,4.373000144958496,4.394000053405762,4.382999897003174,0,2024-10-11,4.382999897003174
4.408999919891357,4.408999919891357,4.408999919891357,4.408999919891357,0,2024-10-14,4.408999919891357
4.369999885559082,4.320000171661377,4.363999843597412,4.328999996185303,0,2024-10-15,4.328999996185303
4.309999942779541,4.2769999504089355,4.296000003814697,4.298999786376953,0,2024-10-16,4.298999786376953
4.396999835968018,4.315000057220459,4.315999984741211,4.394999980926514,0,2024-10-17,4.394999980926514
4.4120001792907715,4.36299991607666,4.409999847412109,4.380000114440918,0,2024-10-18,4.380000114440918
4.489999771118164,4.434000015258789,4.447000026702881,4.486999988555908,0,2024-10-21,4.486999988555908
4.510000228881836,4.465000152587891,4.486000061035156,4.493000030517578,0,2024-10-22,4.493000030517578
4.535999774932861,4.493000030517578,4.52400016784668,4.515999794006348,0,2024-10-23,4.515999794006348
4.517000198364258,4.449999809265137,4.4770002365112305,4.465000152587891,0,2024-10-24,4.465000152587891
4.500999927520752,4.447999954223633,4.47599983215332,4.499000072479248,0,2024-10-25,4.499000072479248
4.554999828338623,4.491000175476074,4.510000228881836,4.53000020980835,0,2024-10-28,4.53000020980835
4.583000183105469,4.514999866485596,4.552000045776367,4.519000053405762,0,2024-10-29,4.519000053405762
4.504000186920166,4.431000232696533,4.494999885559082,4.480000019073486,0,2024-10-30,4.480000019073486
4.519000053405762,4.449999809265137,4.480000019073486,4.4730000495910645,0,2024-10-31,4.4730000495910645
4.567999839782715,4.433000087738037,4.486999988555908,4.558000087738037,0,2024-11-01,4.558000087738037
4.521999835968018,4.460000038146973,4.4770002365112305,4.49399995803833,0,2024-11-04,4.49399995803833
4.521999835968018,4.443999767303467,4.50600004196167,4.449999809265137,0,2024-11-05,4.449999809265137
4.665999889373779,4.584000110626221,4.625,4.6020002365112305,0,2024-11-06,4.6020002365112305
4.620999813079834,4.540999889373779,4.598999977111816,4.543000221252441,0,2024-11-07,4.543000221252441
4.5229997634887695,4.455999851226807,4.511000156402588,4.4770002365112305,0,2024-11-08,4.4770002365112305
4.474999904632568,4.474999904632568,4.474999904632568,4.474999904632568,0,2024-11-11,4.474999904632568
4.5879998207092285,4.502999782562256,4.520999908447266,4.577000141143799,0,2024-11-12,4.577000141143799
4.644000053405762,4.513000011444092,4.559999942779541,4.63700008392334,0,2024-11-13,4.63700008392334
4.644000053405762,4.554999828338623,4.618000030517578,4.583000183105469,0,2024-11-14,4.583000183105469
4.656000137329102,4.580999851226807,4.5929999351501465,4.60099983215332,0,2024-11-15,4.60099983215332
4.677000045776367,4.579999923706055,4.671000003814697,4.605999946594238,0,2024-11-18,4.605999946594238
4.580999851226807,4.5320000648498535,4.556000232696533,4.565000057220459,0,2024-11-19,4.565000057220459
4.627999782562256,4.572000026702881,4.610000133514404,4.5920000076293945,0,2024-11-20,4.5920000076293945
4.627999782562256,4.568999767303467,4.5980000495910645,4.622000217437744,0,2024-11-21,4.622000217437744
4.618000030517578,4.568999767303467,4.578000068664551,4.59499979019165,0,2024-11-22,4.59499979019165
4.51800012588501,4.442999839782715,4.506999969482422,4.447000026702881,0,2024-11-25,4.447000026702881
4.507999897003174,4.4730000495910645,4.484000205993652,4.480000019073486,0,2024-11-26,4.480000019073486
4.453999996185303,4.408999919891357,4.441999912261963,4.427000045776367,0,2024-11-27,4.427000045776367
4.4070000648498535,4.361000061035156,4.4029998779296875,4.366000175476074,0,2024-11-29,4.366000175476074
4.414000034332275,4.3429999351501465,4.380000114440918,4.361000061035156,0,2024-12-02,4.361000061035156
4.39900016784668,4.3420000076293945,4.38700008392334,4.394000053405762,0,2024-12-03,4.394000053405762
4.451000213623047,4.341000080108643,4.446000099182129,4.3470001220703125,0,2024-12-04,4.3470001220703125
4.377999782562256,4.329999923706055,4.36299991607666,4.335999965667725,0,2024-12-05,4.335999965667725
4.354000091552734,4.302999973297119,4.333000183105469,4.330999851226807,0,2024-12-06,4.330999851226807
4.392000198364258,4.35099983215332,4.368000030517578,4.389999866485596,0,2024-12-09,4.389999866485596
4.432000160217285,4.4039998054504395,4.426000118255615,4.4079999923706055,0,2024-12-10,4.4079999923706055
4.482999801635742,4.406000137329102,4.440000057220459,4.479000091552734,0,2024-12-11,4.479000091552734
4.554999828338623,4.49399995803833,4.519000053405762,4.546999931335449,0,2024-12-12,4.546999931335449
4.618000030517578,4.559000015258789,4.560999870300293,4.614999771118164,0,2024-12-13,4.614999771118164
4.626999855041504,4.576000213623047,4.581999778747559,4.607999801635742,0,2024-12-16,4.607999801635742
4.630000114440918,4.565999984741211,4.622000217437744,4.578999996185303,0,2024-12-17,4.578999996185303
4.659999847412109,4.583000183105469,4.610000133514404,4.658999919891357,0,2024-12-18,4.658999919891357
4.775000095367432,4.706999778747559,4.709000110626221,4.739999771118164,0,2024-12-19,4.739999771118164
4.739999771118164,4.681000232696533,4.736000061035156,4.716000080108643,0,2024-12-20,4.716000080108643
4.784999847412109,4.729000091552734,4.747000217437744,4.783999919891357,0,2024-12-23,4.783999919891357
4.818999767303467,4.75600004196167,4.803999900817871,4.764999866485596,0,2024-12-24,4.764999866485596
4.818999767303467,4.75600004196167,4.811999797821045,4.76200008392334,0,2024-12-26,4.76200008392334
4.815000057220459,4.76800012588501,4.797999858856201,4.810999870300293,0,2024-12-27,4.810999870300293
4.78000020980835,4.751999855041504,4.78000020980835,4.763000011444092,0,2024-12-30,4.763000011444092
4.802000045776367,4.735000133514404,4.744999885559082,4.785999774932861,0,2024-12-31,4.785999774932861
4.815000057220459,4.735000133514404,4.735000133514404,4.797999858856201,0,2025-01-02,4.797999858856201
4.817999839782715,4.757999897003174,4.763000011444092,4.814000129699707,0,2025-01-03,4.814000129699707
4.861000061035156,4.798999786376953,4.804999828338623,4.8379998207092285,0,2025-01-06,4.8379998207092285
4.926000118255615,4.848999977111816,4.85699987411499,4.909999847412109,0,2025-01-07,4.909999847412109
4.961999893188477,4.9029998779296875,4.949999809265137,4.932000160217285,0,2025-01-08,4.932000160217285
5.004000186920166,4.925000190734863,4.927000045776367,4.965000152587891,0,2025-01-10,4.965000152587891
4.992000102996826,4.940999984741211,4.947000026702881,4.986000061035156,0,2025-01-13,4.986000061035156
5.005000114440918,4.949999809265137,4.978000164031982,4.984000205993652,0,2025-01-14,4.984000205993652
4.978000164031982,4.85699987411499,4.953000068664551,4.879000186920166,0,2025-01-15,4.879000186920166
4.910999774932861,4.824999809265137,4.896999835968018,4.843999862670898,0,2025-01-16,4.843999862670898
4.855000019073486,4.802000045776367,4.807000160217285,4.84499979019165,0,2025-01-17,4.84499979019165
4.811999797821045,4.77400016784668,4.802999973297119,4.802000045776367,0,2025-01-21,4.802000045776367
4.833000183105469,4.781000137329102,4.781000137329102,4.814000129699707,0,2025-01-22,4.814000129699707
4.892000198364258,4.839000225067139,4.85699987411499,4.86899995803833,0,2025-01-23,4.86899995803833
4.890999794006348,4.8420000076293945,4.872000217437744,4.8480000495910645,0,2025-01-24,4.8480000495910645
4.802000045776367,4.767000198364258,4.769999980926514,4.769999980926514,0,2025-01-27,4.769999980926514
4.815000057220459,4.783999919891357,4.803999900817871,4.789999961853027,0,2025-01-28,4.789999961853027
4.820000171661377,4.75,4.769000053405762,4.789999961853027,0,2025-01-29,4.789999961853027
4.78000020980835,4.734000205993652,4.73799991607666,4.757999897003174,0,2025-01-30,4.757999897003174
4.813000202178955,4.75,4.771999835968018,4.813000202178955,0,2025-01-31,4.813000202178955
4.789000034332275,4.697000026702881,4.735000133514404,4.770999908447266,0,2025-02-03,4.770999908447266
4.831999778747559,4.74399995803833,4.817999839782715,4.748000144958496,0,2025-02-04,4.748000144958496
4.704999923706055,4.625999927520752,4.699999809265137,4.642000198364258,0,2025-02-05,4.642000198364258
4.671000003814697,4.622000217437744,4.663000106811523,4.650000095367432,0,2025-02-06,4.650000095367432
4.714000225067139,4.622000217437744,4.6479997634887695,4.690000057220459,0,2025-02-07,4.690000057220459
4.716000080108643,4.672999858856201,4.703999996185303,4.710999965667725,0,2025-02-10,4.710999965667725
4.75600004196167,4.732999801635742,4.747000217437744,4.75,0,2025-02-11,4.75
4.86299991607666,4.739999771118164,4.749000072479248,4.835000038146973,0,2025-02-12,4.835000038146973
4.822999954223633,4.7220001220703125,4.806000232696533,4.73199987411499,0,2025-02-13,4.73199987411499
4.755000114440918,4.664000034332275,4.739999771118164,4.692999839782715,0,2025-02-14,4.692999839782715
4.764999866485596,4.723999977111816,4.736999988555908,4.76200008392334,0,2025-02-18,4.76200008392334
4.797999858856201,4.750999927520752,4.791999816894531,4.764999866485596,0,2025-02-19,4.764999866485596
4.758999824523926,4.729000091552734,4.745999813079834,4.73799991607666,0,2025-02-20,4.73799991607666
4.735000133514404,4.651000022888184,4.718999862670898,4.669000148773193,0,2025-02-21,4.669000148773193
4.701000213623047,4.642000198364258,4.686999797821045,4.6479997634887695,0,2025-02-24,4.6479997634887695
4.598999977111816,4.551000118255615,4.5960001945495605,4.557000160217285,0,2025-02-25,4.557000160217285
4.560999870300293,4.505000114440918,4.538000106811523,4.506999969482422,0,2025-02-26,4.506999969482422
4.566999912261963,4.5229997634887695,4.540999889373779,4.553999900817871,0,2025-02-27,4.553999900817871
4.579999923706055,4.50600004196167,4.535999774932861,4.515999794006348,0,2025-02-28,4.515999794006348
4.535999774932861,4.453999996185303,4.534999847412109,4.464000225067139,0,2025-03-03,4.464000225067139
4.521999835968018,4.436999797821045,4.447000026702881,4.517000198364258,0,2025-03-04,4.517000198364258
4.578000068664551,4.5,4.543000221252441,4.557000160217285,0,2025-03-05,4.557000160217285
4.633999824523926,4.565000057220459,4.585000038146973,4.579999923706055,0,2025-03-06,4.579999923706055
4.622000217437744,4.531000137329102,4.556000232696533,4.616000175476074,0,2025-03-07,4.616000175476074
4.559000015258789,4.513999938964844,4.539000034332275,4.539000034332275,0,2025-03-10,4.539000034332275
4.611999988555908,4.521999835968018,4.557000160217285,4.603000164031982,0,2025-03-11,4.603000164031982
4.640999794006348,4.572999954223633,4.611999988555908,4.632999897003174,0,2025-03-12,4.632999897003174
4.671000003814697,4.580999851226807,4.6519999504089355,4.5970001220703125,0,2025-03-13,4.5970001220703125
4.645999908447266,4.604000091552734,4.638999938964844,4.614999771118164,0,2025-03-14,4.614999771118164
4.625999927520752,4.556000232696533,4.585000038146973,4.598999977111816,0,2025-03-17,4.598999977111816
4.640999794006348,4.568999767303467,4.624000072479248,4.578999996185303,0,2025-03-18,4.578999996185303
4.642000198364258,4.563000202178955,4.589000225067139,4.567999839782715,0,2025-03-19,4.567999839782715
4.560999870300293,4.489999771118164,4.501999855041504,4.557000160217285,0,2025-03-20,4.557000160217285
4.598999977111816,4.5289998054504395,4.5370001792907715,4.5960001945495605,0,2025-03-21,4.5960001945495605
4.663000106811523,4.624000072479248,4.638999938964844,4.65500020980835,0,2025-03-24,4.65500020980835
4.699999809265137,4.638999938964844,4.697999954223633,4.656000137329102,0,2025-03-25,4.656000137329102
4.706999778747559,4.672999858856201,4.697000026702881,4.683000087738037,0,2025-03-26,4.683000087738037
4.74399995803833,4.711999893188477,4.742000102996826,4.728000164031982,0,2025-03-27,4.728000164031982
4.7230000495910645,4.626999855041504,4.678999900817871,4.632999897003174,0,2025-03-28,4.632999897003174
4.626999855041504,4.561999797821045,4.579999923706055,4.61299991607666,0,2025-03-31,4.61299991607666
4.546000003814697,4.5,4.526000022888184,4.515999794006348,0,2025-04-01,4.515999794006348
4.581999778747559,4.4670000076293945,4.501999855041504,4.552999973297119,0,2025-04-02,4.552999973297119
4.497000217437744,4.436999797821045,4.478000164031982,4.485000133514404,0,2025-04-03,4.485000133514404
4.414999961853027,4.341000080108643,4.364999771118164,4.388000011444092,0,2025-04-04,4.388000011444092
4.632999897003174,4.434999942779541,4.438000202178955,4.5929999351501465,0,2025-04-07,4.5929999351501465
4.744999885559082,4.614999771118164,4.639999866485596,4.715000152587891,0,2025-04-08,4.715000152587891
4.932000160217285,4.736000061035156,4.919000148773193,4.793000221252441,0,2025-04-09,4.793000221252441
4.854000091552734,4.75,4.763000011444092,4.848999977111816,0,2025-04-10,4.848999977111816
4.989999771118164,4.817999839782715,4.885000228881836,4.876999855041504,0,2025-04-11,4.876999855041504
4.863999843597412,4.790999889373779,4.8470001220703125,4.797999858856201,0,2025-04-14,4.797999858856201
4.8480000495910645,4.758999824523926,4.824999809265137,4.776000022888184,0,2025-04-15,4.776000022888184
4.808000087738037,4.736000061035156,4.77400016784668,4.747000217437744,0,2025-04-16,4.747000217437744
4.828999996185303,4.743000030517578,4.760000228881836,4.809000015258789,0,2025-04-17,4.809000015258789
4.914999961853027,4.843999862670898,4.888000011444092,4.910999774932861,0,2025-04-21,4.910999774932861
4.892000198364258,4.848999977111816,4.888000011444092,4.879000186920166,0,2025-04-22,4.879000186920166
4.8420000076293945,4.714000225067139,4.738999843597412,4.833000183105469,0,2025-04-23,4.833000183105469
4.802999973297119,4.761000156402588,4.798999786376953,4.764999866485596,0,2025-04-24,4.764999866485596
4.744999885559082,4.710999965667725,4.736999988555908,4.73799991607666,0,2025-04-25,4.73799991607666
4.758999824523926,4.690999984741211,4.739999771118164,4.693999767303467,0,2025-04-28,4.693999767303467
4.7170000076293945,4.64300012588501,4.699999809265137,4.6479997634887695,0,2025-04-29,4.6479997634887695
4.7210001945495605,4.603000164031982,4.605000019073486,4.681000232696533,0,2025-04-30,4.681000232696533
4.744999885559082,4.650000095367432,4.668000221252441,4.736999988555908,0,2025-05-01,4.736999988555908
4.802999973297119,4.7230000495910645,4.7230000495910645,4.795000076293945,0,2025-05-02,4.795000076293945
4.857999801635742,4.795000076293945,4.796000003814697,4.829999923706055,0,2025-05-05,4.829999923706055
4.86899995803833,4.809999942779541,4.835999965667725,4.813000202178955,0,2025-05-06,4.813000202178955
4.804999828338623,4.758999824523926,4.800000190734863,4.7729997634887695,0,2025-05-07,4.7729997634887695
4.8460001945495605,4.769999980926514,4.789999961853027,4.835999965667725,0,2025-05-08,4.835999965667725
4.873000144958496,4.818999767303467,4.864999771118164,4.833000183105469,0,2025-05-09,4.833000183105469
4.894999980926514,4.861999988555908,4.894999980926514,4.888000011444092,0,2025-05-12,4.888000011444092
4.960999965667725,4.886000156402588,4.9029998779296875,4.942999839782715,0,2025-05-13,4.942999839782715
4.9710001945495605,4.918000221252441,4.918000221252441,4.9670000076293945,0,2025-05-14,4.9670000076293945
5.0,4.900000095367432,4.956999778747559,4.918000221252441,0,2025-05-15,4.918000221252441
4.908999919891357,4.85099983215332,4.854000091552734,4.89900016784668,0,2025-05-16,4.89900016784668
5.0370001792907715,4.934000015258789,5.019000053405762,4.940000057220459,0,2025-05-19,4.940000057220459
4.999000072479248,4.945000171661377,4.945000171661377,4.9670000076293945,0,2025-05-20,4.9670000076293945
5.0980000495910645,5.0,5.031000137329102,5.090000152587891,0,2025-05-21,5.090000152587891
5.1529998779296875,5.053999900817871,5.144000053405762,5.065000057220459,0,2025-05-22,5.065000057220459
5.057000160217285,5.0,5.005000114440918,5.031000137329102,0,2025-05-23,5.031000137329102
4.994999885559082,4.932000160217285,4.978000164031982,4.940000057220459,0,2025-05-27,4.940000057220459
5.008999824523926,4.940999984741211,4.947999954223633,4.974999904632568,0,2025-05-28,4.974999904632568
4.995999813079834,4.914999961853027,4.989999771118164,4.922999858856201,0,2025-05-29,4.922999858856201
4.949999809265137,4.9019999504089355,4.931000232696533,4.928999900817871,0,2025-05-30,4.928999900817871
5.001999855041504,4.953000068664551,4.973999977111816,4.994999885559082,0,2025-06-02,4.994999885559082
4.997000217437744,4.933000087738037,4.936999797821045,4.982999801635742,0,2025-06-03,4.982999801635742
4.954999923706055,4.86899995803833,4.954999923706055,4.88700008392334,0,2025-06-04,4.88700008392334
4.8979997634887695,4.834000110626221,4.8480000495910645,4.883999824523926,0,2025-06-05,4.883999824523926
4.964000225067139,4.886000156402588,4.886000156402588,4.9629998207092285,0,2025-06-06,4.9629998207092285
4.991000175476074,4.942999839782715,4.96999979019165,4.953999996185303,0,2025-06-09,4.953999996185303
4.953000068664551,4.9029998779296875,4.9120001792907715,4.940000057220459,0,2025-06-10,4.940000057220459
4.9679999351501465,4.892000198364258,4.961999893188477,4.9079999923706055,0,2025-06-11,4.9079999923706055
4.880000114440918,4.836999893188477,4.859000205993652,4.8420000076293945,0,2025-06-12,4.8420000076293945
4.940999984741211,4.827000141143799,4.828999996185303,4.914999961853027,0,2025-06-13,4.914999961853027
4.955999851226807,4.894000053405762,4.934000015258789,4.953999996185303,0,2025-06-16,4.953999996185303
4.945000171661377,4.880000114440918,4.915999889373779,4.89300012588501,0,2025-06-17,4.89300012588501
4.8979997634887695,4.849999904632568,4.861000061035156,4.894999980926514,0,2025-06-18,4.894999980926514
4.945000171661377,4.875,4.938000202178955,4.888999938964844,0,2025-06-20,4.888999938964844
4.882999897003174,4.828999996185303,4.88100004196167,4.85699987411499,0,2025-06-23,4.85699987411499
4.921999931335449,4.822000026702881,4.89900016784668,4.828999996185303,0,2025-06-24,4.828999996185303
4.880000114440918,4.841000080108643,4.848999977111816,4.8420000076293945,0,2025-06-25,4.8420000076293945
4.854000091552734,4.814000129699707,4.829999923706055,4.815999984741211,0,2025-06-26,4.815999984741211
4.853000164031982,4.789999961853027,4.823999881744385,4.84499979019165,0,2025-06-27,4.84499979019165
4.828999996185303,4.7789998054504395,4.809000015258789,4.7789998054504395,0,2025-06-30,4.7789998054504395
4.806000232696533,4.747000217437744,4.748000144958496,4.7789998054504395,0,2025-07-01,4.7789998054504395
4.8470001220703125,4.808000087738037,4.815000057220459,4.822999954223633,0,2025-07-02,4.822999954223633
4.889999866485596,4.7870001792907715,4.789000034332275,4.861999988555908,0,2025-07-03,4.861999988555908
4.936999797821045,4.875999927520752,4.894999980926514,4.931000232696533,0,2025-07-07,4.931000232696533
4.973999977111816,4.942999839782715,4.953000068664551,4.943999767303467,0,2025-07-08,4.943999767303467
4.949999809265137,4.870999813079834,4.945000171661377,4.875999927520752,0,2025-07-09,4.875999927520752
4.89900016784668,4.859000205993652,4.875999927520752,4.861000061035156,0,2025-07-10,4.861000061035156
4.9629998207092285,4.9039998054504395,4.909999847412109,4.956999778747559,0,2025-07-11,4.956999778747559
4.989999771118164,4.948999881744385,4.982999801635742,4.9730000495910645,0,2025-07-14,4.9730000495910645
5.021999835968018,4.933000087738037,4.964000225067139,5.01800012588501,0,2025-07-15,5.01800012588501
5.077000141143799,4.9679999351501465,5.002999782562256,5.013999938964844,0,2025-07-16,5.013999938964844
5.043000221252441,4.980000019073486,5.03000020980835,5.013999938964844,0,2025-07-17,5.013999938964844
5.011000156402588,4.982999801635742,4.982999801635742,5.000999927520752,0,2025-07-18,5.000999927520752
4.947000026702881,4.910999774932861,4.935999870300293,4.936999797821045,0,2025-07-21,4.936999797821045
4.948999881744385,4.892000198364258,4.943999767303467,4.9019999504089355,0,2025-07-22,4.9019999504089355
4.964000225067139,4.932000160217285,4.932000160217285,4.948999881744385,0,2025-07-23,4.948999881744385
4.989999771118164,4.934000015258789,4.966000080108643,4.948999881744385,0,2025-07-24,4.948999881744385
4.979000091552734,4.921999931335449,4.960000038146973,4.928999900817871,0,2025-07-25,4.928999900817871
4.966000080108643,4.936999797821045,4.946000099182129,4.964000225067139,0,2025-07-28,4.964000225067139
4.946000099182129,4.86299991607666,4.921000003814697,4.870999813079834,0,2025-07-29,4.870999813079834
4.914999961853027,4.874000072479248,4.886000156402588,4.910999774932861,0,2025-07-30,4.910999774932861
4.890999794006348,4.857999801635742,4.870999813079834,4.886000156402588,0,2025-07-31,4.886000156402588
4.946000099182129,4.801000118255615,4.940999984741211,4.807000160217285,0,2025-08-01,4.807000160217285
4.828000068664551,4.785999774932861,4.828000068664551,4.796999931335449,0,2025-08-04,4.796999931335449
4.814000129699707,4.765999794006348,4.806000232696533,4.769000053405762,0,2025-08-05,4.769000053405762
4.873000144958496,4.795000076293945,4.807000160217285,4.810999870300293,0,2025-08-06,4.810999870300293
4.830999851226807,4.7820000648498535,4.808000087738037,4.815999984741211,0,2025-08-07,4.815999984741211
4.861999988555908,4.829999923706055,4.839000225067139,4.855000019073486,0,2025-08-08,4.855000019073486
4.84499979019165,4.823999881744385,4.831999778747559,4.841000080108643,0,2025-08-11,4.841000080108643
4.906000137329102,4.824999809265137,4.863999843597412,4.885000228881836,0,2025-08-12,4.885000228881836
4.853000164031982,4.817999839782715,4.849999904632568,4.828000068664551,0,2025-08-13,4.828000068664551
4.883999824523926,4.793000221252441,4.797999858856201,4.882999897003174,0,2025-08-14,4.882999897003174
4.934000015258789,4.881999969482422,4.888000011444092,4.926000118255615,0,2025-08-15,4.926000118255615
4.953999996185303,4.890999794006348,4.894000053405762,4.941999912261963,0,2025-08-18,4.941999912261963
4.922999858856201,4.8979997634887695,4.921999931335449,4.9019999504089355,0,2025-08-19,4.9019999504089355
4.9120001792907715,4.882999897003174,4.8979997634887695,4.9039998054504395,0,2025-08-20,4.9039998054504395
4.946000099182129,4.9019999504089355,4.921999931335449,4.923999786376953,0,2025-08-21,4.923999786376953
4.913000106811523,4.86299991607666,4.909999847412109,4.883999824523926,0,2025-08-22,4.883999824523926
4.910999774932861,4.881999969482422,4.9029998779296875,4.888000011444092,0,2025-08-25,4.888000011444092
4.941999912261963,4.9029998779296875,4.913000106811523,4.908999919891357,0,2025-08-26,4.908999919891357
4.960000038146973,4.9120001792907715,4.933000087738037,4.913000106811523,0,2025-08-27,4.913000106811523
4.920000076293945,4.870999813079834,4.9029998779296875,4.874000072479248,0,2025-08-28,4.874000072479248
4.934000015258789,4.888999938964844,4.90500020980835,4.916999816894531,0,2025-08-29,4.916999816894531
4.998000144958496,4.954999923706055,4.986999988555908,4.9710001945495605,0,2025-09-02,4.9710001945495605
4.9710001945495605,4.886000156402588,4.959000110626221,4.892000198364258,0,2025-09-03,4.892000198364258
4.9029998779296875,4.859000205993652,4.866000175476074,4.874000072479248,0,2025-09-04,4.874000072479248
4.885000228881836,4.76800012588501,4.839000225067139,4.775000095367432,0,2025-09-05,4.775000095367432
4.76800012588501,4.685999870300293,4.754000186920166,4.689000129699707,0,2025-09-08,4.689000129699707
4.739999771118164,4.703000068664551,4.714000225067139,4.7179999351501465,0,2025-09-09,4.7179999351501465
4.742000102996826,4.668000221252441,4.735000133514404,4.677999973297119,0,2025-09-10,4.677999973297119
4.708000183105469,4.638000011444092,4.695000171661377,4.651000022888184,0,2025-09-11,4.651000022888184
4.706999778747559,4.669000148773193,4.671000003814697,4.678999900817871,0,2025-09-12,4.678999900817871
4.681000232696533,4.642000198364258,4.681000232696533,4.656000137329102,0,2025-09-15,4.656000137329102
4.686999797821045,4.640999794006348,4.663000106811523,4.645999908447266,0,2025-09-16,4.645999908447266
4.684000015258789,4.605999946594238,4.630000114440918,4.675000190734863,0,2025-09-17,4.675000190734863
4.75,4.669000148773193,4.671999931335449,4.71999979019165,0,2025-09-18,4.71999979019165
4.761000156402588,4.730999946594238,4.742000102996826,4.75600004196167,0,2025-09-19,4.75600004196167
4.7789998054504395,4.748000144958496,4.755000114440918,4.761000156402588,0,2025-09-22,4.761000156402588
4.765999794006348,4.7270002365112305,4.758999824523926,4.73799991607666,0,2025-09-23,4.73799991607666
4.769999980926514,4.73799991607666,4.749000072479248,4.757999897003174,0,2025-09-24,4.757999897003174
4.784999847412109,4.742000102996826,4.748000144958496,4.751999855041504,0,2025-09-25,4.751999855041504
4.771999835968018,4.7170000076293945,4.742000102996826,4.765999794006348,0,2025-09-26,4.765999794006348
4.734000205993652,4.701000213623047,4.71999979019165,4.703999996185303,0,2025-09-29,4.703999996185303
4.736999988555908,4.681000232696533,4.706999778747559,4.73199987411499,0,2025-09-30,4.73199987411499
4.7270002365112305,4.688000202178955,4.705999851226807,4.715000152587891,0,2025-10-01,4.715000152587891
4.730000019073486,4.684999942779541,4.708000183105469,4.695000171661377,0,2025-10-02,4.695000171661377
4.715000152587891,4.676000118255615,4.677999973297119,4.714000225067139,0,2025-10-03,4.714000225067139
4.763000011444092,4.72599983215332,4.756999969482422,4.757999897003174,0,2025-10-06,4.757999897003174
4.763000011444092,4.711999893188477,4.756999969482422,4.72599983215332,0,2025-10-07,4.72599983215332
4.730999946594238,4.685999870300293,4.696000099182129,4.723999977111816,0,2025-10-08,4.723999977111816
4.739999771118164,4.710999965667725,4.716000080108643,4.732999801635742,0,2025-10-09,4.732999801635742
4.684999942779541,4.625999927520752,4.677000045776367,4.633999824523926,0,2025-10-10,4.633999824523926
4.63100004196167,4.63100004196167,4.63100004196167,4.63100004196167,0,2025-10-13,4.63100004196167
4.646999835968018,4.610000133514404,4.614999771118164,4.623000144958496,0,2025-10-14,4.623000144958496
4.645999908447266,4.591000080108643,4.61899995803833,4.638999938964844,0,2025-10-15,4.638999938964844
4.644000053405762,4.579999923706055,4.611000061035156,4.583000183105469,0,2025-10-16,4.583000183105469
4.616000175476074,4.591000080108643,4.6020002365112305,4.603000164031982,0,2025-10-17,4.603000164031982
4.5980000495910645,4.574999809265137,4.5960001945495605,4.576000213623047,0,2025-10-20,4.576000213623047
4.565999984741211,4.5329999923706055,4.565000057220459,4.547999858856201,0,2025-10-21,4.547999858856201
4.557000160217285,4.5279998779296875,4.53000020980835,4.539000034332275,0,2025-10-22,4.539000034332275
4.5929999351501465,4.559000015258789,4.574999809265137,4.572999954223633,0,2025-10-23,4.572999954223633
4.61899995803833,4.553999900817871,4.5929999351501465,4.585000038146973,0,2025-10-24,4.585000038146973
4.611999988555908,4.565999984741211,4.605999946594238,4.570000171661377,0,2025-10-27,4.570000171661377
4.565999984741211,4.535999774932861,4.552999973297119,4.546999931335449,0,2025-10-28,4.546999931335449
4.604000091552734,4.552000045776367,4.560999870300293,4.599999904632568,0,2025-10-29,4.599999904632568
4.664000034332275,4.619999885559082,4.6570000648498535,4.646999835968018,0,2025-10-30,4.646999835968018
4.671000003814697,4.640999794006348,4.6620001792907715,4.670000076293945,0,2025-10-31,4.670000076293945
4.705999851226807,4.678999900817871,4.685999870300293,4.689000129699707,0,2025-11-03,4.689000129699707
4.688000202178955,4.6620001792907715,4.682000160217285,4.670000076293945,0,2025-11-04,4.670000076293945
4.74399995803833,4.673999786376953,4.679999828338623,4.736000061035156,0,2025-11-05,4.736000061035156
4.7220001220703125,4.676000118255615,4.7210001945495605,4.688000202178955,0,2025-11-06,4.688000202178955
4.716000080108643,4.677000045776367,4.691999912261963,4.699999809265137,0,2025-11-07,4.699999809265137
4.738999843597412,4.692999839782715,4.735000133514404,4.702000141143799,0,2025-11-10,4.702000141143799
4.710000038146973,4.710000038146973,4.710000038146973,4.710000038146973,0,2025-11-11,4.710000038146973
4.690000057220459,4.6479997634887695,4.677999973297119,4.660999774932861,0,2025-11-12,4.660999774932861
4.703999996185303,4.673999786376953,4.683000087738037,4.702000141143799,0,2025-11-13,4.702000141143799
4.750999927520752,4.668000221252441,4.671000003814697,4.747000217437744,0,2025-11-14,4.747000217437744
4.749000072479248,4.7210001945495605,4.743000030517578,4.736000061035156,0,2025-11-17,4.736000061035156
4.756999969482422,4.706999778747559,4.71999979019165,4.743000030517578,0,2025-11-18,4.743000030517578
4.755000114440918,4.7230000495910645,4.730999946594238,4.751999855041504,0,2025-11-19,4.751999855041504
4.7769999504089355,4.7170000076293945,4.758999824523926,4.73199987411499,0,2025-11-20,4.73199987411499
4.734000205993652,4.698999881744385,4.718999862670898,4.715000152587891,0,2025-11-21,4.715000152587891
4.697000026702881,4.673999786376953,4.690999984741211,4.677999973297119,0,2025-11-24,4.677999973297119
4.676000118255615,4.638000011444092,4.6570000648498535,4.6579999923706055,0,2025-11-25,4.6579999923706055
4.691999912261963,4.642000198364258,4.6519999504089355,4.644000053405762,0,2025-11-26,4.644000053405762
4.686999797821045,4.636000156402588,4.636000156402588,4.664999961853027,0,2025-11-28,4.664999961853027
4.750999927520752,4.705999851226807,4.705999851226807,4.74399995803833,0,2025-12-01,4.74399995803833
4.769000053405762,4.735000133514404,4.756999969482422,4.741000175476074,0,2025-12-02,4.741000175476074
4.751999855041504,4.7230000495910645,4.723999977111816,4.724999904632568,0,2025-12-03,4.724999904632568
4.767000198364258,4.73799991607666,4.75,4.764999866485596,0,2025-12-04,4.764999866485596
4.800000190734863,4.758999824523926,4.775000095367432,4.791999816894531,0,2025-12-05,4.791999816894531
4.835000038146973,4.789000034332275,4.791999816894531,4.815999984741211,0,2025-12-08,4.815999984741211
4.814000129699707,4.775000095367432,4.797999858856201,4.809000015258789,0,2025-12-09,4.809000015258789
4.822000026702881,4.770999908447266,4.820000171661377,4.796999931335449,0,2025-12-10,4.796999931335449
4.794000148773193,4.749000072479248,4.7789998054504395,4.789999961853027,0,2025-12-11,4.789999961853027
4.867000102996826,4.835000038146973,4.836999893188477,4.857999801635742,0,2025-12-12,4.857999801635742
4.853000164031982,4.817999839782715,4.835000038146973,4.85099983215332,0,2025-12-15,4.85099983215332
4.870999813079834,4.821000099182129,4.835999965667725,4.823999881744385,0,2025-12-16,4.823999881744385
4.8429999351501465,4.813000202178955,4.835000038146973,4.828000068664551,0,2025-12-17,4.828000068664551
4.826000213623047,4.7870001792907715,4.810999870300293,4.798999786376953,0,2025-12-18,4.798999786376953
4.831999778747559,4.808000087738037,4.829999923706055,4.828000068664551,0,2025-12-19,4.828000068664551
4.8460001945495605,4.828999996185303,4.8429999351501465,4.8420000076293945,0,2025-12-22,4.8420000076293945
4.863999843597412,4.823999881744385,4.826000213623047,4.830999851226807,0,2025-12-23,4.830999851226807
4.828999996185303,4.790999889373779,4.828000068664551,4.797999858856201,0,2025-12-24,4.797999858856201
4.826000213623047,4.781000137329102,4.789999961853027,4.820000171661377,0,2025-12-26,4.820000171661377
4.815000057220459,4.794000148773193,4.798999786376953,4.804999828338623,0,2025-12-29,4.804999828338623
4.826000213623047,4.798999786376953,4.826000213623047,4.813000202178955,0,2025-12-30,4.813000202178955
4.85099983215332,4.809999942779541,4.813000202178955,4.840000152587891,0,2025-12-31,4.840000152587891
4.875,4.8429999351501465,4.84499979019165,4.863999843597412,0,2026-01-02,4.863999843597412
4.880000114440918,4.8429999351501465,4.874000072479248,4.854000091552734,0,2026-01-05,4.854000091552734
4.88700008392334,4.854000091552734,4.864999771118164,4.866000175476074,0,2026-01-06,4.866000175476074
4.843999862670898,4.807000160217285,4.816999912261963,4.815000057220459,0,2026-01-07,4.815000057220459
4.861999988555908,4.8420000076293945,4.849999904632568,4.857999801635742,0,2026-01-08,4.857999801635742
4.874000072479248,4.811999797821045,4.848999977111816,4.818999767303467,0,2026-01-09,4.818999767303467
4.861000061035156,4.818999767303467,4.859000205993652,4.840000152587891,0,2026-01-12,4.840000152587891
4.8480000495910645,4.821000099182129,4.843999862670898,4.828000068664551,0,2026-01-13,4.828000068664551
4.833000183105469,4.789999961853027,4.822000026702881,4.795000076293945,0,2026-01-14,4.795000076293945
4.800000190734863,4.771999835968018,4.781000137329102,4.7870001792907715,0,2026-01-15,4.7870001792907715
4.8429999351501465,4.800000190734863,4.826000213623047,4.840000152587891,0,2026-01-16,4.840000152587891
4.947000026702881,4.892000198364258,4.914000034332275,4.920000076293945,0,2026-01-20,4.920000076293945
4.938000202178955,4.861000061035156,4.920000076293945,4.870999813079834,0,2026-01-21,4.870999813079834
4.886000156402588,4.8420000076293945,4.873000144958496,4.8470001220703125,0,2026-01-22,4.8470001220703125
4.861000061035156,4.818999767303467,4.824999809265137,4.833000183105469,0,2026-01-23,4.833000183105469
4.818999767303467,4.791999816894531,4.806000232696533,4.804999828338623,0,2026-01-26,4.804999828338623
4.8420000076293945,4.809000015258789,4.831999778747559,4.831999778747559,0,2026-01-27,4.831999778747559
4.894000053405762,4.849999904632568,4.855000019073486,4.860000133514404,0,2026-01-28,4.860000133514404
4.894999980926514,4.8480000495910645,4.872000217437744,4.854000091552734,0,2026-01-29,4.854000091552734
4.89300012588501,4.863999843597412,4.88100004196167,4.872000217437744,0,2026-01-30,4.872000217437744
4.9120001792907715,4.863999843597412,4.870999813079834,4.908999919891357,0,2026-02-02,4.908999919891357
4.927999973297119,4.8979997634887695,4.920000076293945,4.906000137329102,0,2026-02-03,4.906000137329102
4.921999931335449,4.890999794006348,4.89300012588501,4.914999961853027,0,2026-02-04,4.914999961853027
4.9079999923706055,4.85699987411499,4.9039998054504395,4.861999988555908,0,2026-02-05,4.861999988555908
4.872000217437744,4.848999977111816,4.857999801635742,4.855000019073486,0,2026-02-06,4.855000019073486
4.889999866485596,4.8460001945495605,4.888999938964844,4.8480000495910645,0,2026-02-09,4.8480000495910645
4.823999881744385,4.7789998054504395,4.823999881744385,4.788000106811523,0,2026-02-10,4.788000106811523
4.834000110626221,4.765999794006348,4.7729997634887695,4.814000129699707,0,2026-02-11,4.814000129699707
4.794000148773193,4.728000164031982,4.7829999923706055,4.730999946594238,0,2026-02-12,4.730999946594238
4.760000228881836,4.690999984741211,4.732999801635742,4.697999954223633,0,2026-02-13,4.697999954223633
4.692999839782715,4.664000034332275,4.671999931335449,4.683000087738037,0,2026-02-17,4.683000087738037
4.711999893188477,4.684999942779541,4.689000129699707,4.705999851226807,0,2026-02-18,4.705999851226807
4.734000205993652,4.697999954223633,4.729000091552734,4.703999996185303,0,2026-02-19,4.703999996185303
4.754000186920166,4.690000057220459,4.690999984741211,4.724999904632568,0,2026-02-20,4.724999904632568
4.724999904632568,4.683000087738037,4.724999904632568,4.696000099182129,0,2026-02-23,4.696000099182129
4.699999809265137,4.679999828338623,4.697999954223633,4.689000129699707,0,2026-02-24,4.689000129699707
4.705999851226807,4.677999973297119,4.704999923706055,4.693999767303467,0,2026-02-25,4.693999767303467
4.692999839782715,4.668000221252441,4.690000057220459,4.669000148773193,0,2026-02-26,4.669000148773193
4.65500020980835,4.626999855041504,4.640999794006348,4.632999897003174,0,2026-02-27,4.632999897003174
4.710000038146973,4.6570000648498535,4.658999919891357,4.697999954223633,0,2026-03-02,4.697999954223633
4.745999813079834,4.688000202178955,4.7210001945495605,4.702000141143799,0,2026-03-03,4.702000141143799
4.73199987411499,4.704999923706055,4.724999904632568,4.716000080108643,0,2026-03-04,4.716000080108643
4.769000053405762,4.73799991607666,4.75600004196167,4.751999855041504,0,2026-03-05,4.751999855041504
4.801000118255615,4.73199987411499,4.770999908447266,4.755000114440918,0,2026-03-06,4.755000114440918
4.793000221252441,4.729000091552734,4.789999961853027,4.739999771118164,0,2026-03-09,4.739999771118164
4.788000106811523,4.739999771118164,4.761000156402588,4.770999908447266,0,2026-03-10,4.770999908447266
4.874000072479248,4.807000160217285,4.814000129699707,4.85699987411499,0,2026-03-11,4.85699987411499
4.894999980926514,4.860000133514404,4.880000114440918,4.885000228881836,0,2026-03-12,4.885000228881836
4.915999889373779,4.86899995803833,4.89900016784668,4.9079999923706055,0,2026-03-13,4.9079999923706055
4.883999824523926,4.854000091552734,4.877999782562256,4.859000205993652,0,2026-03-16,4.859000205993652
4.867000102996826,4.841000080108643,4.866000175476074,4.8520002365112305,0,2026-03-17,4.8520002365112305
4.882999897003174,4.831999778747559,4.833000183105469,4.88100004196167,0,2026-03-18,4.88100004196167
4.916999816894531,4.828999996185303,4.901000022888184,4.8520002365112305,0,2026-03-19,4.8520002365112305
4.961999893188477,4.86899995803833,4.879000186920166,4.960000038146973,0,2026-03-20,4.960000038146973
4.948999881744385,4.892000198364258,4.931000232696533,4.9120001792907715,0,2026-03-23,4.9120001792907715
4.97599983215332,4.923999786376953,4.951000213623047,4.940999984741211,0,2026-03-24,4.940999984741211
4.913000106811523,4.886000156402588,4.896999835968018,4.896999835968018,0,2026-03-25,4.896999835968018
4.953999996185303,4.9070000648498535,4.934999942779541,4.935999870300293,0,2026-03-26,4.935999870300293
4.999000072479248,4.945000171661377,4.97599983215332,4.98199987411499,0,2026-03-27,4.98199987411499
4.934000015258789,4.88700008392334,4.926000118255615,4.90500020980835,0,2026-03-30,4.90500020980835
4.915999889373779,4.876999855041504,4.882999897003174,4.890999794006348,0,2026-03-31,4.890999794006348
4.919000148773193,4.883999824523926,4.892000198364258,4.900000095367432,0,2026-04-01,4.900000095367432
4.941999912261963,4.876999855041504,4.936999797821045,4.889999866485596,0,2026-04-02,4.889999866485596
4.926000118255615,4.877999782562256,4.921000003814697,4.890999794006348,0,2026-04-06,4.890999794006348
4.947000026702881,4.895999908447266,4.909999847412109,4.921000003814697,0,2026-04-07,4.921000003814697
4.892000198364258,4.835999965667725,4.8520002365112305,4.88700008392334,0,2026-04-08,4.88700008392334
4.916999816894531,4.863999843597412,4.894999980926514,4.896999835968018,0,2026-04-09,4.896999835968018
4.936999797821045,4.89300012588501,4.8979997634887695,4.914000034332275,0,2026-04-10,4.914000034332275
4.943999767303467,4.89900016784668,4.941999912261963,4.900000095367432,0,2026-04-13,4.900000095367432
4.906000137329102,4.866000175476074,4.901000022888184,4.868000030517578,0,2026-04-14,4.868000030517578
4.900000095367432,4.875,4.88100004196167,4.890999794006348,0,2026-04-15,4.890999794006348
4.940000057220459,4.882999897003174,4.894999980926514,4.928999900817871,0,2026-04-16,4.928999900817871
4.921999931335449,4.861000061035156,4.921000003814697,4.885000228881836,0,2026-04-17,4.885000228881836
4.9079999923706055,4.877999782562256,4.894999980926514,4.88100004196167,0,2026-04-20,4.88100004196167
4.919000148773193,4.879000186920166,4.889999866485596,4.8979997634887695,0,2026-04-21,4.8979997634887695
4.908999919891357,4.876999855041504,4.879000186920166,4.9019999504089355,0,2026-04-22,4.9019999504089355
4.942999839782715,4.885000228881836,4.908999919891357,4.918000221252441,0,2026-04-23,4.918000221252441
4.943999767303467,4.89900016784668,4.9029998779296875,4.915999889373779,0,2026-04-24,4.915999889373779
4.951000213623047,4.918000221252441,4.921000003814697,4.941999912261963,0,2026-04-27,4.941999912261963
4.973999977111816,4.940999984741211,4.966000080108643,4.943999767303467,0,2026-04-28,4.943999767303467
4.995999813079834,4.948999881744385,4.949999809265137,4.986999988555908,0,2026-04-29,4.986999988555908
4.991000175476074,4.9670000076293945,4.978000164031982,4.986999988555908,0,2026-04-30,4.986999988555908
4.992000102996826,4.942999839782715,4.965000152587891,4.966000080108643,0,2026-05-01,4.966000080108643
5.034999847412109,4.96999979019165,4.98199987411499,5.025000095367432,0,2026-05-04,5.025000095367432
5.014999866485596,4.98199987411499,5.01200008392334,4.984000205993652,0,2026-05-05,4.984000205993652
4.951000213623047,4.932000160217285,4.947000026702881,4.942999839782715,0,2026-05-06,4.942999839782715
4.973999977111816,4.916999816894531,4.928999900817871,4.968999862670898,0,2026-05-07,4.968999862670898
4.9710001945495605,4.929999828338623,4.952000141143799,4.947000026702881,0,2026-05-08,4.947000026702881
4.986000061035156,4.956999778747559,4.9670000076293945,4.986000061035156,0,2026-05-11,4.986000061035156
5.0320000648498535,4.989999771118164,4.999000072479248,5.031000137329102,0,2026-05-12,5.031000137329102
5.057000160217285,5.02400016784668,5.026000022888184,5.046999931335449,0,2026-05-13,5.046999931335449
5.014999866485596,4.994999885559082,5.00600004196167,5.01200008392334,0,2026-05-14,5.01200008392334
5.13100004196167,5.0920000076293945,5.09499979019165,5.127999782562256,0,2026-05-15,5.127999782562256
5.1539998054504395,5.104000091552734,5.129000186920166,5.146999835968018,0,2026-05-18,5.146999835968018
5.197000026702881,5.144000053405762,5.146999835968018,5.181000232696533,0,2026-05-19,5.181000232696533
5.177000045776367,5.105000019073486,5.165999889373779,5.116000175476074,0,2026-05-20,5.116000175476074
5.1570000648498535,5.089000225067139,5.138000011444092,5.111999988555908,0,2026-05-21,5.111999988555908
5.0960001945495605,5.056000232696533,5.068999767303467,5.064000129699707,0,2026-05-22,5.064000129699707
5.039999961853027,5.002999782562256,5.010000228881836,5.026000022888184,0,2026-05-26,5.026000022888184
5.0229997634887695,4.98799991607666,5.00600004196167,5.011000156402588,0,2026-05-27,5.011000156402588
5.052999973297119,4.973999977111816,5.0289998054504395,4.985000133514404,0,2026-05-28,4.985000133514404
4.993000030517578,4.9670000076293945,4.9720001220703125,4.993000030517578,0,2026-05-29,4.993000030517578
5.0269999504089355,4.96999979019165,4.980999946594238,4.991000175476074,0,2026-06-01,4.991000175476074
4.97599983215332,4.947000026702881,4.952000141143799,4.9670000076293945,0,2026-06-02,4.9670000076293945
5.005000114440918,4.98199987411499,4.989999771118164,4.989999771118164,0,2026-06-03,4.989999771118164
4.982999801635742,4.956999778747559,4.964000225067139,4.978000164031982,0,2026-06-04,4.978000164031982
5.025000095367432,4.9679999351501465,4.9710001945495605,4.999000072479248,0,2026-06-05,4.999000072479248
5.026000022888184,4.993000030517578,5.007999897003174,5.02400016784668,0,2026-06-08,5.02400016784668
5.033999919891357,5.00600004196167,5.025000095367432,5.011000156402588,0,2026-06-09,5.011000156402588
5.039000034332275,4.998000144958496,5.013000011444092,5.025000095367432,0,2026-06-10,5.025000095367432
5.021999835968018,4.946000099182129,5.000999927520752,4.951000213623047,0,2026-06-11,4.951000213623047
4.992000102996826,4.960999965667725,4.966000080108643,4.974999904632568,0,2026-06-12,4.974999904632568
4.974999904632568,4.942999839782715,4.955999851226807,4.9710001945495605,0,2026-06-15,4.9710001945495605
4.956999778747559,4.923999786376953,4.945000171661377,4.927999973297119,0,2026-06-16,4.927999973297119
4.9670000076293945,4.909999847412109,4.935999870300293,4.926000118255615,0,2026-06-17,4.926000118255615
4.9019999504089355,4.860000133514404,4.870999813079834,4.901000022888184,0,2026-06-18,4.901000022888184
4.955999851226807,4.920000076293945,4.932000160217285,4.947000026702881,0,2026-06-22,4.947000026702881
4.949999809265137,4.923999786376953,4.940000057220459,4.940000057220459,0,2026-06-23,4.940000057220459
4.9019999504089355,4.848999977111816,4.89900016784668,4.855999946594238,0,2026-06-24,4.855999946594238
4.861999988555908,4.822999954223633,4.85699987411499,4.857999801635742,0,2026-06-25,4.857999801635742
4.895999908447266,4.861000061035156,4.870999813079834,4.863999843597412,0,2026-06-26,4.863999843597412
4.873000144958496,4.85099983215332,4.861999988555908,4.860000133514404,0,2026-06-29,4.860000133514404
4.9070000648498535,4.873000144958496,4.874000072479248,4.9019999504089355,0,2026-06-30,4.9019999504089355
4.989999771118164,4.953999996185303,4.9770002365112305,4.966000080108643,0,2026-07-01,4.966000080108643
4.997000217437744,4.960000038146973,4.993000030517578,4.985000133514404,0,2026-07-02,4.985000133514404
5.00600004196167,4.9710001945495605,4.97599983215332,4.993000030517578,0,2026-07-06,4.993000030517578
5.045000076293945,5.001999855041504,5.011000156402588,5.043000221252441,0,2026-07-07,5.043000221252441
5.090000152587891,5.061999797821045,5.064000129699707,5.065000057220459,0,2026-07-08,5.065000057220459
5.0920000076293945,5.045000076293945,5.085999965667725,5.052999973297119,0,2026-07-09,5.052999973297119
5.076000213623047,5.053999900817871,5.059999942779541,5.071000099182129,0,2026-07-10,5.071000099182129
5.105000019073486,5.072999954223633,5.085000038146973,5.0980000495910645,0,2026-07-13,5.0980000495910645
5.105999946594238,5.051000118255615,5.105000019073486,5.093999862670898,0,2026-07-14,5.093999862670898
5.125999927520752,5.072999954223633,5.124000072479248,5.083000183105469,0,2026-07-15,5.083000183105469
5.130000114440918,5.091000080108643,5.11899995803833,5.0980000495910645,0,2026-07-16,5.0980000495910645
5.070000171661377,5.045000076293945,5.052999973297119,5.064000129699707,0,2026-07-17,5.064000129699707
5.120999813079834,5.080999851226807,5.085000038146973,5.118000030517578,0,2026-07-20,5.118000030517578
5.151000022888184,5.117000102996826,5.123000144958496,5.130000114440918,0,2026-07-21,5.130000114440918
5.1479997634887695,5.13100004196167,5.142000198364258,5.146999835968018,0,2026-07-22,5.146999835968018
5.192999839782715,5.164000034332275,5.182000160217285,5.171000003814697,0,2026-07-23,5.171000003814697
5.166999816894531,5.133999824523926,5.160999774932861,5.1620001792907715,0,2026-07-24,5.1620001792907715
5.145999908447266,5.120999813079834,5.127999782562256,5.125,0,2026-07-27,5.125
5.125999927520752,5.085000038146973,5.122000217437744,5.0960001945495605,0,2026-07-28,5.0960001945495605
5.150000095367432,5.098999977111816,5.109000205993652,5.14300012588501,0,2026-07-29,5.14300012588501
5.228000164031982,5.191999912261963,5.198999881744385,5.208000183105469,0,2026-07-30,5.208000183105469
5.281000137329102,5.210000038146973,5.214000225067139,5.275000095367432,0,2026-07-31,5.275000095367432
5.243000030517578,5.214000225067139,5.216000080108643,5.230999946594238,0,2026-08-03,5.230999946594238
5.224999904632568,5.184999942779541,5.218999862670898,5.190000057220459,0,2026-08-04,5.190000057220459
5.188000202178955,5.1570000648498535,5.160999774932861,5.173999786376953,0,2026-08-05,5.173999786376953
5.2179999351501465,5.179999828338623,5.198999881744385,5.2129998207092285,0,2026-08-06,5.2129998207092285
5.230999946594238,5.171999931335449,5.2170000076293945,5.210999965667725,0,2026-08-07,5.210999965667725
5.247000217437744,5.204999923706055,5.205999851226807,5.243000030517578,0,2026-08-10,5.243000030517578
5.251999855041504,5.218999862670898,5.243000030517578,5.236000061035156,0,2026-08-11,5.236000061035156
5.250999927520752,5.206999778747559,5.214000225067139,5.247000217437744,0,2026-08-12,5.247000217437744
5.238999843597412,5.181000232696533,5.236000061035156,5.2129998207092285,0,2026-08-13,5.2129998207092285
5.2729997634887695,5.2170000076293945,5.235000133514404,5.264999866485596,0,2026-08-14,5.264999866485596
5.315999984741211,5.269000053405762,5.269000053405762,5.309000015258789,0,2026-08-17,5.309000015258789
5.326000213623047,5.2820000648498535,5.320000171661377,5.284999847412109,0,2026-08-18,5.284999847412109
5.269000053405762,5.183000087738037,5.269000053405762,5.193999767303467,0,2026-08-19,5.193999767303467
5.267000198364258,5.210000038146973,5.256999969482422,5.236999988555908,0,2026-08-20,5.236999988555908
5.2829999923706055,5.241000175476074,5.242000102996826,5.276000022888184,0,2026-08-21,5.276000022888184
5.247000217437744,5.208000183105469,5.243000030517578,5.230999946594238,0,2026-08-24,5.230999946594238
5.199999809265137,5.169000148773193,5.195000171661377,5.173999786376953,0,2026-08-25,5.173999786376953
5.193999767303467,5.159999847412109,5.169000148773193,5.185999870300293,0,2026-08-26,5.185999870300293
5.199999809265137,5.173999786376953,5.181000232696533,5.190999984741211,0,2026-08-27,5.190999984741211
5.214000225067139,5.15500020980835,5.205999851226807,5.205999851226807,0,2026-08-28,5.205999851226807
5.269999980926514,5.2230000495910645,5.22599983215332,5.249000072479248,0,2026-08-31,5.249000072479248
5.275000095367432,5.230000019073486,5.27400016784668,5.26800012588501,0,2026-09-01,5.26800012588501
5.2769999504089355,5.241000175476074,5.245999813079834,5.267000198364258,0,2026-09-02,5.267000198364258
5.245999813079834,5.21999979019165,5.238999843597412,5.243000030517578,0,2026-09-03,5.243000030517578
5.2729997634887695,5.2220001220703125,5.23199987411499,5.245999813079834,0,2026-09-04,5.245999813079834
5.269999980926514,5.216000080108643,5.250999927520752,5.263999938964844,0,2026-09-08,5.263999938964844
5.314000129699707,5.242000102996826,5.251999855041504,5.285999774932861,0,2026-09-09,5.285999774932861
5.366000175476074,5.321000099182129,5.323999881744385,5.361000061035156,0,2026-09-10,5.361000061035156
5.423999786376953,5.308000087738037,5.364999771118164,5.354000091552734,0,2026-09-11,5.354000091552734
5.386000156402588,5.315999984741211,5.361000061035156,5.328999996185303,0,2026-09-14,5.328999996185303
5.386000156402588,5.359000205993652,5.377999782562256,5.363999843597412,0,2026-09-15,5.363999843597412
5.357999801635742,5.304999828338623,5.3520002365112305,5.348999977111816,0,2026-09-16,5.348999977111816
5.320000171661377,5.290999889373779,5.308000087738037,5.296000003814697,0,2026-09-17,5.296000003814697
5.3429999351501465,5.302999973297119,5.310999870300293,5.330999851226807,0,2026-09-18,5.330999851226807
5.309000015258789,5.2870001792907715,5.289000034332275,5.296000003814697,0,2026-09-21,5.296000003814697
5.309999942779541,5.26200008392334,5.265999794006348,5.302999973297119,0,2026-09-22,5.302999973297119
5.414000034332275,5.313000202178955,5.323999881744385,5.401000022888184,0,2026-09-23,5.401000022888184
5.473999977111816,5.38700008392334,5.421000003814697,5.460999965667725,0,2026-09-24,5.460999965667725
5.5320000648498535,5.4679999351501465,5.479000091552734,5.504000186920166,0,2026-09-25,5.504000186920166
5.581999778747559,5.519000053405762,5.520999908447266,5.560999870300293,0,2026-09-28,5.560999870300293
5.620999813079834,5.538000106811523,5.539000034332275,5.593999862670898,0,2026-09-29,5.593999862670898
5.650000095367432,5.552000045776367,5.576000213623047,5.638000011444092,0,2026-09-30,5.638000011444092
5.690999984741211,5.577000141143799,5.630000114440918,5.603000164031982,0,2026-10-01,5.603000164031982
5.646999835968018,5.552000045776367,5.5879998207092285,5.630000114440918,0,2026-10-02,5.630000114440918
5.703000068664551,5.619999885559082,5.625999927520752,5.664999961853027,0,2026-10-05,5.664999961853027
5.671000003814697,5.625999927520752,5.646999835968018,5.640999794006348,0,2026-10-06,5.640999794006348
5.73199987411499,5.6529998779296875,5.7220001220703125,5.660999774932861,0,2026-10-07,5.660999774932861
5.697999954223633,5.60099983215332,5.695000171661377,5.605999946594238,0,2026-10-08,5.605999946594238
